suite,mod,n,points,layout,variant,median_us,min_us,max_us,iterations,rounds,ntt_calls,ntt_weight,transforms,kernels
inv_threshold,1000000007,4096,512,prefix,sparse,1270,1262,1271,1,3,0,0,,
inv_threshold,1000000007,4096,512,prefix,dense,3772,3771,3785,1,3,59,2187274,2:3/2;1024:9/6;2048:9/6;4096:9/6;8192:6/3,469762049@1024:3/2;469762049@2048:3/2;469762049@4096:3/2;469762049@8192:2/1;1000000007@2:3/2;1811939329@1024:3/2;1811939329@2048:3/2;1811939329@4096:3/2;1811939329@8192:2/1;2013265921@1024:3/2;2013265921@2048:3/2;2013265921@4096:3/2;2013265921@8192:2/1
inv_threshold,1000000007,4096,512,prefix,selected,1272,1265,1273,1,3,0,0,,
div_threshold,1000000007,4096,512,prefix,sparse,1241,1222,1294,1,3,0,0,,
div_threshold,1000000007,4096,512,prefix,dense,5301,4989,5315,1,3,68,3145738,2:3/2;1024:9/6;2048:9/6;4096:9/6;8192:12/6,469762049@1024:3/2;469762049@2048:3/2;469762049@4096:3/2;469762049@8192:4/2;1000000007@2:3/2;1811939329@1024:3/2;1811939329@2048:3/2;1811939329@4096:3/2;1811939329@8192:4/2;2013265921@1024:3/2;2013265921@2048:3/2;2013265921@4096:3/2;2013265921@8192:4/2
div_threshold,1000000007,4096,512,prefix,selected,1260,1246,1269,1,3,0,0,,
exp_threshold,1000000007,4096,512,prefix,sparse,1204,1202,1214,1,3,0,0,,
exp_threshold,1000000007,4096,512,prefix,dense,5247,5212,5255,1,3,120,3145728,1024:27/15;2048:27/15;4096:24/12,469762049@1024:9/5;469762049@2048:9/5;469762049@4096:8/4;1811939329@1024:9/5;1811939329@2048:9/5;1811939329@4096:8/4;2013265921@1024:9/5;2013265921@2048:9/5;2013265921@4096:8/4
exp_threshold,1000000007,4096,512,prefix,selected,1205,1205,1210,1,3,0,0,,
pow_threshold,1000000007,4096,512,prefix,sparse,2437,2372,2628,1,3,0,0,,
pow_threshold,1000000007,4096,512,prefix,dense,10248,10228,10501,1,3,188,6291466,2:3/2;1024:36/21;2048:36/21;4096:33/18;8192:12/6,469762049@1024:12/7;469762049@2048:12/7;469762049@4096:11/6;469762049@8192:4/2;1000000007@2:3/2;1811939329@1024:12/7;1811939329@2048:12/7;1811939329@4096:11/6;1811939329@8192:4/2;2013265921@1024:12/7;2013265921@2048:12/7;2013265921@4096:11/6;2013265921@8192:4/2
pow_threshold,1000000007,4096,512,prefix,selected,2480,2449,2487,1,3,0,0,,
sqrt_threshold,1000000007,4096,512,prefix,sparse,2411,2355,2625,1,3,0,0,,
sqrt_threshold,1000000007,4096,512,prefix,dense,4811,4804,4826,1,3,167,2611300,2:30/20;1024:33/21;2048:24/15;4096:15/9,469762049@1024:11/7;469762049@2048:8/5;469762049@4096:5/3;1000000007@2:30/20;1811939329@1024:11/7;1811939329@2048:8/5;1811939329@4096:5/3;2013265921@1024:11/7;2013265921@2048:8/5;2013265921@4096:5/3
sqrt_threshold,1000000007,4096,512,prefix,selected,2390,2361,2418,1,3,0,0,,
inv_threshold,1000000007,4096,800,prefix,sparse,1787,1785,1798,1,3,0,0,,
inv_threshold,1000000007,4096,800,prefix,dense,3573,3559,3611,1,3,59,2187274,2:3/2;1024:9/6;2048:9/6;4096:9/6;8192:6/3,469762049@1024:3/2;469762049@2048:3/2;469762049@4096:3/2;469762049@8192:2/1;1000000007@2:3/2;1811939329@1024:3/2;1811939329@2048:3/2;1811939329@4096:3/2;1811939329@8192:2/1;2013265921@1024:3/2;2013265921@2048:3/2;2013265921@4096:3/2;2013265921@8192:2/1
inv_threshold,1000000007,4096,800,prefix,selected,1788,1788,1789,1,3,0,0,,
div_threshold,1000000007,4096,800,prefix,sparse,1793,1784,1805,1,3,0,0,,
div_threshold,1000000007,4096,800,prefix,dense,4993,4978,5001,1,3,68,3145738,2:3/2;1024:9/6;2048:9/6;4096:9/6;8192:12/6,469762049@1024:3/2;469762049@2048:3/2;469762049@4096:3/2;469762049@8192:4/2;1000000007@2:3/2;1811939329@1024:3/2;1811939329@2048:3/2;1811939329@4096:3/2;1811939329@8192:4/2;2013265921@1024:3/2;2013265921@2048:3/2;2013265921@4096:3/2;2013265921@8192:4/2
div_threshold,1000000007,4096,800,prefix,selected,1792,1787,1813,1,3,0,0,,
exp_threshold,1000000007,4096,800,prefix,sparse,1795,1792,1798,1,3,0,0,,
exp_threshold,1000000007,4096,800,prefix,dense,5241,5234,5252,1,3,120,3145728,1024:27/15;2048:27/15;4096:24/12,469762049@1024:9/5;469762049@2048:9/5;469762049@4096:8/4;1811939329@1024:9/5;1811939329@2048:9/5;1811939329@4096:8/4;2013265921@1024:9/5;2013265921@2048:9/5;2013265921@4096:8/4
exp_threshold,1000000007,4096,800,prefix,selected,1797,1797,1805,1,3,0,0,,
pow_threshold,1000000007,4096,800,prefix,sparse,3556,3506,3624,1,3,0,0,,
pow_threshold,1000000007,4096,800,prefix,dense,10299,10293,10737,1,3,188,6291466,2:3/2;1024:36/21;2048:36/21;4096:33/18;8192:12/6,469762049@1024:12/7;469762049@2048:12/7;469762049@4096:11/6;469762049@8192:4/2;1000000007@2:3/2;1811939329@1024:12/7;1811939329@2048:12/7;1811939329@4096:11/6;1811939329@8192:4/2;2013265921@1024:12/7;2013265921@2048:12/7;2013265921@4096:11/6;2013265921@8192:4/2
pow_threshold,1000000007,4096,800,prefix,selected,3545,3517,3614,1,3,0,0,,
sqrt_threshold,1000000007,4096,800,prefix,sparse,3510,3508,3511,1,3,0,0,,
sqrt_threshold,1000000007,4096,800,prefix,dense,4837,4807,4884,1,3,167,2611300,2:30/20;1024:33/21;2048:24/15;4096:15/9,469762049@1024:11/7;469762049@2048:8/5;469762049@4096:5/3;1000000007@2:30/20;1811939329@1024:11/7;1811939329@2048:8/5;1811939329@4096:5/3;2013265921@1024:11/7;2013265921@2048:8/5;2013265921@4096:5/3
sqrt_threshold,1000000007,4096,800,prefix,selected,3522,3519,3584,1,3,0,0,,
inv_threshold,1000000007,4096,1300,prefix,sparse,2719,2696,2720,1,3,0,0,,
inv_threshold,1000000007,4096,1300,prefix,dense,3611,3564,3622,1,3,59,2187274,2:3/2;1024:9/6;2048:9/6;4096:9/6;8192:6/3,469762049@1024:3/2;469762049@2048:3/2;469762049@4096:3/2;469762049@8192:2/1;1000000007@2:3/2;1811939329@1024:3/2;1811939329@2048:3/2;1811939329@4096:3/2;1811939329@8192:2/1;2013265921@1024:3/2;2013265921@2048:3/2;2013265921@4096:3/2;2013265921@8192:2/1
inv_threshold,1000000007,4096,1300,prefix,selected,2715,2706,2732,1,3,0,0,,
div_threshold,1000000007,4096,1300,prefix,sparse,2732,2707,2734,1,3,0,0,,
div_threshold,1000000007,4096,1300,prefix,dense,5051,5025,5118,1,3,68,3145738,2:3/2;1024:9/6;2048:9/6;4096:9/6;8192:12/6,469762049@1024:3/2;469762049@2048:3/2;469762049@4096:3/2;469762049@8192:4/2;1000000007@2:3/2;1811939329@1024:3/2;1811939329@2048:3/2;1811939329@4096:3/2;1811939329@8192:4/2;2013265921@1024:3/2;2013265921@2048:3/2;2013265921@4096:3/2;2013265921@8192:4/2
div_threshold,1000000007,4096,1300,prefix,selected,2742,2725,2751,1,3,0,0,,
exp_threshold,1000000007,4096,1300,prefix,sparse,2752,2738,2792,1,3,0,0,,
exp_threshold,1000000007,4096,1300,prefix,dense,5382,5268,5382,1,3,120,3145728,1024:27/15;2048:27/15;4096:24/12,469762049@1024:9/5;469762049@2048:9/5;469762049@4096:8/4;1811939329@1024:9/5;1811939329@2048:9/5;1811939329@4096:8/4;2013265921@1024:9/5;2013265921@2048:9/5;2013265921@4096:8/4
exp_threshold,1000000007,4096,1300,prefix,selected,2760,2728,2769,1,3,0,0,,
pow_threshold,1000000007,4096,1300,prefix,sparse,5415,5392,5504,1,3,0,0,,
pow_threshold,1000000007,4096,1300,prefix,dense,10586,10402,10641,1,3,188,6291466,2:3/2;1024:36/21;2048:36/21;4096:33/18;8192:12/6,469762049@1024:12/7;469762049@2048:12/7;469762049@4096:11/6;469762049@8192:4/2;1000000007@2:3/2;1811939329@1024:12/7;1811939329@2048:12/7;1811939329@4096:11/6;1811939329@8192:4/2;2013265921@1024:12/7;2013265921@2048:12/7;2013265921@4096:11/6;2013265921@8192:4/2
pow_threshold,1000000007,4096,1300,prefix,selected,5295,5261,5371,1,3,0,0,,
sqrt_threshold,1000000007,4096,1300,prefix,sparse,5317,5316,5503,1,3,0,0,,
sqrt_threshold,1000000007,4096,1300,prefix,dense,4818,4817,4853,1,3,167,2611300,2:30/20;1024:33/21;2048:24/15;4096:15/9,469762049@1024:11/7;469762049@2048:8/5;469762049@4096:5/3;1000000007@2:30/20;1811939329@1024:11/7;1811939329@2048:8/5;1811939329@4096:5/3;2013265921@1024:11/7;2013265921@2048:8/5;2013265921@4096:5/3
sqrt_threshold,1000000007,4096,1300,prefix,selected,3884,3870,3949,1,3,45,1228800,1024:9/6;2048:9/6;4096:9/6,469762049@1024:3/2;469762049@2048:3/2;469762049@4096:3/2;1811939329@1024:3/2;1811939329@2048:3/2;1811939329@4096:3/2;2013265921@1024:3/2;2013265921@2048:3/2;2013265921@4096:3/2
inv_threshold,1000000007,4096,1600,prefix,sparse,3179,3166,3211,1,3,0,0,,
inv_threshold,1000000007,4096,1600,prefix,dense,3586,3574,3623,1,3,59,2187274,2:3/2;1024:9/6;2048:9/6;4096:9/6;8192:6/3,469762049@1024:3/2;469762049@2048:3/2;469762049@4096:3/2;469762049@8192:2/1;1000000007@2:3/2;1811939329@1024:3/2;1811939329@2048:3/2;1811939329@4096:3/2;1811939329@8192:2/1;2013265921@1024:3/2;2013265921@2048:3/2;2013265921@4096:3/2;2013265921@8192:2/1
inv_threshold,1000000007,4096,1600,prefix,selected,3192,3168,3197,1,3,0,0,,
div_threshold,1000000007,4096,1600,prefix,sparse,3167,3166,3179,1,3,0,0,,
div_threshold,1000000007,4096,1600,prefix,dense,5005,4988,5040,1,3,68,3145738,2:3/2;1024:9/6;2048:9/6;4096:9/6;8192:12/6,469762049@1024:3/2;469762049@2048:3/2;469762049@4096:3/2;469762049@8192:4/2;1000000007@2:3/2;1811939329@1024:3/2;1811939329@2048:3/2;1811939329@4096:3/2;1811939329@8192:4/2;2013265921@1024:3/2;2013265921@2048:3/2;2013265921@4096:3/2;2013265921@8192:4/2
div_threshold,1000000007,4096,1600,prefix,selected,3207,3170,3218,1,3,0,0,,
exp_threshold,1000000007,4096,1600,prefix,sparse,3172,3172,3186,1,3,0,0,,
exp_threshold,1000000007,4096,1600,prefix,dense,5240,5200,5258,1,3,120,3145728,1024:27/15;2048:27/15;4096:24/12,469762049@1024:9/5;469762049@2048:9/5;469762049@4096:8/4;1811939329@1024:9/5;1811939329@2048:9/5;1811939329@4096:8/4;2013265921@1024:9/5;2013265921@2048:9/5;2013265921@4096:8/4
exp_threshold,1000000007,4096,1600,prefix,selected,3199,3191,3216,1,3,0,0,,
pow_threshold,1000000007,4096,1600,prefix,sparse,6230,6216,6266,1,3,0,0,,
pow_threshold,1000000007,4096,1600,prefix,dense,10236,10231,10268,1,3,188,6291466,2:3/2;1024:36/21;2048:36/21;4096:33/18;8192:12/6,469762049@1024:12/7;469762049@2048:12/7;469762049@4096:11/6;469762049@8192:4/2;1000000007@2:3/2;1811939329@1024:12/7;1811939329@2048:12/7;1811939329@4096:11/6;1811939329@8192:4/2;2013265921@1024:12/7;2013265921@2048:12/7;2013265921@4096:11/6;2013265921@8192:4/2
pow_threshold,1000000007,4096,1600,prefix,selected,6203,6196,6203,1,3,0,0,,
sqrt_threshold,1000000007,4096,1600,prefix,sparse,6240,6224,6315,1,3,0,0,,
sqrt_threshold,1000000007,4096,1600,prefix,dense,4872,4829,4933,1,3,167,2611300,2:30/20;1024:33/21;2048:24/15;4096:15/9,469762049@1024:11/7;469762049@2048:8/5;469762049@4096:5/3;1000000007@2:30/20;1811939329@1024:11/7;1811939329@2048:8/5;1811939329@4096:5/3;2013265921@1024:11/7;2013265921@2048:8/5;2013265921@4096:5/3
sqrt_threshold,1000000007,4096,1600,prefix,selected,3880,3868,3881,1,3,45,1228800,1024:9/6;2048:9/6;4096:9/6,469762049@1024:3/2;469762049@2048:3/2;469762049@4096:3/2;1811939329@1024:3/2;1811939329@2048:3/2;1811939329@4096:3/2;2013265921@1024:3/2;2013265921@2048:3/2;2013265921@4096:3/2
inv_threshold,1000000007,4096,2000,prefix,sparse,3762,3729,3775,1,3,0,0,,
inv_threshold,1000000007,4096,2000,prefix,dense,3569,3563,3576,1,3,59,2187274,2:3/2;1024:9/6;2048:9/6;4096:9/6;8192:6/3,469762049@1024:3/2;469762049@2048:3/2;469762049@4096:3/2;469762049@8192:2/1;1000000007@2:3/2;1811939329@1024:3/2;1811939329@2048:3/2;1811939329@4096:3/2;1811939329@8192:2/1;2013265921@1024:3/2;2013265921@2048:3/2;2013265921@4096:3/2;2013265921@8192:2/1
inv_threshold,1000000007,4096,2000,prefix,selected,3564,3562,3596,1,3,59,2187274,2:3/2;1024:9/6;2048:9/6;4096:9/6;8192:6/3,469762049@1024:3/2;469762049@2048:3/2;469762049@4096:3/2;469762049@8192:2/1;1000000007@2:3/2;1811939329@1024:3/2;1811939329@2048:3/2;1811939329@4096:3/2;1811939329@8192:2/1;2013265921@1024:3/2;2013265921@2048:3/2;2013265921@4096:3/2;2013265921@8192:2/1
div_threshold,1000000007,4096,2000,prefix,sparse,3720,3716,3723,1,3,0,0,,
div_threshold,1000000007,4096,2000,prefix,dense,5000,4976,5008,1,3,68,3145738,2:3/2;1024:9/6;2048:9/6;4096:9/6;8192:12/6,469762049@1024:3/2;469762049@2048:3/2;469762049@4096:3/2;469762049@8192:4/2;1000000007@2:3/2;1811939329@1024:3/2;1811939329@2048:3/2;1811939329@4096:3/2;1811939329@8192:4/2;2013265921@1024:3/2;2013265921@2048:3/2;2013265921@4096:3/2;2013265921@8192:4/2
div_threshold,1000000007,4096,2000,prefix,selected,3726,3719,3756,1,3,0,0,,
exp_threshold,1000000007,4096,2000,prefix,sparse,3725,3723,3747,1,3,0,0,,
exp_threshold,1000000007,4096,2000,prefix,dense,5245,5201,5246,1,3,120,3145728,1024:27/15;2048:27/15;4096:24/12,469762049@1024:9/5;469762049@2048:9/5;469762049@4096:8/4;1811939329@1024:9/5;1811939329@2048:9/5;1811939329@4096:8/4;2013265921@1024:9/5;2013265921@2048:9/5;2013265921@4096:8/4
exp_threshold,1000000007,4096,2000,prefix,selected,3740,3724,3742,1,3,0,0,,
pow_threshold,1000000007,4096,2000,prefix,sparse,7323,7264,7390,1,3,0,0,,
pow_threshold,1000000007,4096,2000,prefix,dense,10231,10210,10245,1,3,188,6291466,2:3/2;1024:36/21;2048:36/21;4096:33/18;8192:12/6,469762049@1024:12/7;469762049@2048:12/7;469762049@4096:11/6;469762049@8192:4/2;1000000007@2:3/2;1811939329@1024:12/7;1811939329@2048:12/7;1811939329@4096:11/6;1811939329@8192:4/2;2013265921@1024:12/7;2013265921@2048:12/7;2013265921@4096:11/6;2013265921@8192:4/2
pow_threshold,1000000007,4096,2000,prefix,selected,7300,7294,7317,1,3,0,0,,
sqrt_threshold,1000000007,4096,2000,prefix,sparse,7443,7285,7603,1,3,0,0,,
sqrt_threshold,1000000007,4096,2000,prefix,dense,4837,4805,4849,1,3,167,2611300,2:30/20;1024:33/21;2048:24/15;4096:15/9,469762049@1024:11/7;469762049@2048:8/5;469762049@4096:5/3;1000000007@2:30/20;1811939329@1024:11/7;1811939329@2048:8/5;1811939329@4096:5/3;2013265921@1024:11/7;2013265921@2048:8/5;2013265921@4096:5/3
sqrt_threshold,1000000007,4096,2000,prefix,selected,3893,3889,4178,1,3,45,1228800,1024:9/6;2048:9/6;4096:9/6,469762049@1024:3/2;469762049@2048:3/2;469762049@4096:3/2;1811939329@1024:3/2;1811939329@2048:3/2;1811939329@4096:3/2;2013265921@1024:3/2;2013265921@2048:3/2;2013265921@4096:3/2
inv_threshold,1000000007,4096,2500,prefix,sparse,4266,4265,4291,1,3,0,0,,
inv_threshold,1000000007,4096,2500,prefix,dense,3604,3569,3619,1,3,59,2187274,2:3/2;1024:9/6;2048:9/6;4096:9/6;8192:6/3,469762049@1024:3/2;469762049@2048:3/2;469762049@4096:3/2;469762049@8192:2/1;1000000007@2:3/2;1811939329@1024:3/2;1811939329@2048:3/2;1811939329@4096:3/2;1811939329@8192:2/1;2013265921@1024:3/2;2013265921@2048:3/2;2013265921@4096:3/2;2013265921@8192:2/1
inv_threshold,1000000007,4096,2500,prefix,selected,3592,3577,3599,1,3,59,2187274,2:3/2;1024:9/6;2048:9/6;4096:9/6;8192:6/3,469762049@1024:3/2;469762049@2048:3/2;469762049@4096:3/2;469762049@8192:2/1;1000000007@2:3/2;1811939329@1024:3/2;1811939329@2048:3/2;1811939329@4096:3/2;1811939329@8192:2/1;2013265921@1024:3/2;2013265921@2048:3/2;2013265921@4096:3/2;2013265921@8192:2/1
div_threshold,1000000007,4096,2500,prefix,sparse,4299,4295,4303,1,3,0,0,,
div_threshold,1000000007,4096,2500,prefix,dense,4999,4987,5026,1,3,68,3145738,2:3/2;1024:9/6;2048:9/6;4096:9/6;8192:12/6,469762049@1024:3/2;469762049@2048:3/2;469762049@4096:3/2;469762049@8192:4/2;1000000007@2:3/2;1811939329@1024:3/2;1811939329@2048:3/2;1811939329@4096:3/2;1811939329@8192:4/2;2013265921@1024:3/2;2013265921@2048:3/2;2013265921@4096:3/2;2013265921@8192:4/2
div_threshold,1000000007,4096,2500,prefix,selected,4280,4275,4329,1,3,0,0,,
exp_threshold,1000000007,4096,2500,prefix,sparse,4295,4293,4329,1,3,0,0,,
exp_threshold,1000000007,4096,2500,prefix,dense,5238,5218,5245,1,3,120,3145728,1024:27/15;2048:27/15;4096:24/12,469762049@1024:9/5;469762049@2048:9/5;469762049@4096:8/4;1811939329@1024:9/5;1811939329@2048:9/5;1811939329@4096:8/4;2013265921@1024:9/5;2013265921@2048:9/5;2013265921@4096:8/4
exp_threshold,1000000007,4096,2500,prefix,selected,4281,4271,4361,1,3,0,0,,
pow_threshold,1000000007,4096,2500,prefix,sparse,8363,8342,8376,1,3,0,0,,
pow_threshold,1000000007,4096,2500,prefix,dense,10229,10205,10229,1,3,188,6291466,2:3/2;1024:36/21;2048:36/21;4096:33/18;8192:12/6,469762049@1024:12/7;469762049@2048:12/7;469762049@4096:11/6;469762049@8192:4/2;1000000007@2:3/2;1811939329@1024:12/7;1811939329@2048:12/7;1811939329@4096:11/6;1811939329@8192:4/2;2013265921@1024:12/7;2013265921@2048:12/7;2013265921@4096:11/6;2013265921@8192:4/2
pow_threshold,1000000007,4096,2500,prefix,selected,8376,8358,8388,1,3,0,0,,
sqrt_threshold,1000000007,4096,2500,prefix,sparse,8486,8374,8498,1,3,0,0,,
sqrt_threshold,1000000007,4096,2500,prefix,dense,4840,4809,4873,1,3,167,2611300,2:30/20;1024:33/21;2048:24/15;4096:15/9,469762049@1024:11/7;469762049@2048:8/5;469762049@4096:5/3;1000000007@2:30/20;1811939329@1024:11/7;1811939329@2048:8/5;1811939329@4096:5/3;2013265921@1024:11/7;2013265921@2048:8/5;2013265921@4096:5/3
sqrt_threshold,1000000007,4096,2500,prefix,selected,3898,3872,3927,1,3,45,1228800,1024:9/6;2048:9/6;4096:9/6,469762049@1024:3/2;469762049@2048:3/2;469762049@4096:3/2;1811939329@1024:3/2;1811939329@2048:3/2;1811939329@4096:3/2;2013265921@1024:3/2;2013265921@2048:3/2;2013265921@4096:3/2
inv_threshold,1000000007,4096,3000,prefix,sparse,4689,4676,4709,1,3,0,0,,
inv_threshold,1000000007,4096,3000,prefix,dense,3572,3571,3591,1,3,59,2187274,2:3/2;1024:9/6;2048:9/6;4096:9/6;8192:6/3,469762049@1024:3/2;469762049@2048:3/2;469762049@4096:3/2;469762049@8192:2/1;1000000007@2:3/2;1811939329@1024:3/2;1811939329@2048:3/2;1811939329@4096:3/2;1811939329@8192:2/1;2013265921@1024:3/2;2013265921@2048:3/2;2013265921@4096:3/2;2013265921@8192:2/1
inv_threshold,1000000007,4096,3000,prefix,selected,3607,3564,3650,1,3,59,2187274,2:3/2;1024:9/6;2048:9/6;4096:9/6;8192:6/3,469762049@1024:3/2;469762049@2048:3/2;469762049@4096:3/2;469762049@8192:2/1;1000000007@2:3/2;1811939329@1024:3/2;1811939329@2048:3/2;1811939329@4096:3/2;1811939329@8192:2/1;2013265921@1024:3/2;2013265921@2048:3/2;2013265921@4096:3/2;2013265921@8192:2/1
div_threshold,1000000007,4096,3000,prefix,sparse,4816,4781,4937,1,3,0,0,,
div_threshold,1000000007,4096,3000,prefix,dense,5123,5052,5160,1,3,68,3145738,2:3/2;1024:9/6;2048:9/6;4096:9/6;8192:12/6,469762049@1024:3/2;469762049@2048:3/2;469762049@4096:3/2;469762049@8192:4/2;1000000007@2:3/2;1811939329@1024:3/2;1811939329@2048:3/2;1811939329@4096:3/2;1811939329@8192:4/2;2013265921@1024:3/2;2013265921@2048:3/2;2013265921@4096:3/2;2013265921@8192:4/2
div_threshold,1000000007,4096,3000,prefix,selected,4675,4554,4826,1,3,0,0,,
exp_threshold,1000000007,4096,3000,prefix,sparse,4678,4587,4700,1,3,0,0,,
exp_threshold,1000000007,4096,3000,prefix,dense,5232,5206,5235,1,3,120,3145728,1024:27/15;2048:27/15;4096:24/12,469762049@1024:9/5;469762049@2048:9/5;469762049@4096:8/4;1811939329@1024:9/5;1811939329@2048:9/5;1811939329@4096:8/4;2013265921@1024:9/5;2013265921@2048:9/5;2013265921@4096:8/4
exp_threshold,1000000007,4096,3000,prefix,selected,4692,4681,4868,1,3,0,0,,
pow_threshold,1000000007,4096,3000,prefix,sparse,9209,9169,9400,1,3,0,0,,
pow_threshold,1000000007,4096,3000,prefix,dense,10232,10231,10495,1,3,188,6291466,2:3/2;1024:36/21;2048:36/21;4096:33/18;8192:12/6,469762049@1024:12/7;469762049@2048:12/7;469762049@4096:11/6;469762049@8192:4/2;1000000007@2:3/2;1811939329@1024:12/7;1811939329@2048:12/7;1811939329@4096:11/6;1811939329@8192:4/2;2013265921@1024:12/7;2013265921@2048:12/7;2013265921@4096:11/6;2013265921@8192:4/2
pow_threshold,1000000007,4096,3000,prefix,selected,9247,9215,9260,1,3,0,0,,
sqrt_threshold,1000000007,4096,3000,prefix,sparse,9119,9114,9126,1,3,0,0,,
sqrt_threshold,1000000007,4096,3000,prefix,dense,4821,4806,4858,1,3,167,2611300,2:30/20;1024:33/21;2048:24/15;4096:15/9,469762049@1024:11/7;469762049@2048:8/5;469762049@4096:5/3;1000000007@2:30/20;1811939329@1024:11/7;1811939329@2048:8/5;1811939329@4096:5/3;2013265921@1024:11/7;2013265921@2048:8/5;2013265921@4096:5/3
sqrt_threshold,1000000007,4096,3000,prefix,selected,3891,3883,3917,1,3,45,1228800,1024:9/6;2048:9/6;4096:9/6,469762049@1024:3/2;469762049@2048:3/2;469762049@4096:3/2;1811939329@1024:3/2;1811939329@2048:3/2;1811939329@4096:3/2;2013265921@1024:3/2;2013265921@2048:3/2;2013265921@4096:3/2
inv_threshold,1000000007,4096,512,spread,sparse,630.333,630.333,639.333,3,3,0,0,,
inv_threshold,1000000007,4096,512,spread,dense,2921,2920,2931,1,3,32,1449994,2:3/2;1024:3/3;2048:3/3;4096:3/3;8192:6/3,469762049@1024:1/1;469762049@2048:1/1;469762049@4096:1/1;469762049@8192:2/1;1000000007@2:3/2;1811939329@1024:1/1;1811939329@2048:1/1;1811939329@4096:1/1;1811939329@8192:2/1;2013265921@1024:1/1;2013265921@2048:1/1;2013265921@4096:1/1;2013265921@8192:2/1
inv_threshold,1000000007,4096,512,spread,selected,633,633,641,3,3,0,0,,
div_threshold,1000000007,4096,512,spread,sparse,630.333,630,646.667,3,3,0,0,,
div_threshold,1000000007,4096,512,spread,dense,4338,4335,4344,1,3,41,2408458,2:3/2;1024:3/3;2048:3/3;4096:3/3;8192:12/6,469762049@1024:1/1;469762049@2048:1/1;469762049@4096:1/1;469762049@8192:4/2;1000000007@2:3/2;1811939329@1024:1/1;1811939329@2048:1/1;1811939329@4096:1/1;1811939329@8192:4/2;2013265921@1024:1/1;2013265921@2048:1/1;2013265921@4096:1/1;2013265921@8192:4/2
div_threshold,1000000007,4096,512,spread,selected,635,633,643,3,3,0,0,,
exp_threshold,1000000007,4096,512,spread,sparse,637.333,637.333,637.333,3,3,0,0,,
exp_threshold,1000000007,4096,512,spread,dense,4583,4563,4601,1,3,93,2408448,1024:21/12;2048:21/12;4096:18/9,469762049@1024:7/4;469762049@2048:7/4;469762049@4096:6/3;1811939329@1024:7/4;1811939329@2048:7/4;1811939329@4096:6/3;2013265921@1024:7/4;2013265921@2048:7/4;2013265921@4096:6/3
exp_threshold,1000000007,4096,512,spread,selected,640.667,636,640.667,3,3,0,0,,
pow_threshold,1000000007,4096,512,spread,sparse,1280,1261,1319,1,3,0,0,,
pow_threshold,1000000007,4096,512,spread,dense,9892,9860,10113,1,3,161,5554186,2:3/2;1024:30/18;2048:30/18;4096:27/15;8192:12/6,469762049@1024:10/6;469762049@2048:10/6;469762049@4096:9/5;469762049@8192:4/2;1000000007@2:3/2;1811939329@1024:10/6;1811939329@2048:10/6;1811939329@4096:9/5;1811939329@8192:4/2;2013265921@1024:10/6;2013265921@2048:10/6;2013265921@4096:9/5;2013265921@8192:4/2
pow_threshold,1000000007,4096,512,spread,selected,1317,1288,1323,1,3,0,0,,
sqrt_threshold,1000000007,4096,512,spread,sparse,1308,1283,1324,1,3,0,0,,
sqrt_threshold,1000000007,4096,512,spread,dense,4942,4924,5081,1,3,157,2611280,2:24/16;1024:33/21;2048:24/15;4096:15/9,469762049@1024:11/7;469762049@2048:8/5;469762049@4096:5/3;1000000007@2:24/16;1811939329@1024:11/7;1811939329@2048:8/5;1811939329@4096:5/3;2013265921@1024:11/7;2013265921@2048:8/5;2013265921@4096:5/3
sqrt_threshold,1000000007,4096,512,spread,selected,1305,1305,1313,1,3,0,0,,
inv_threshold,1000000007,4096,800,spread,sparse,1045,1018,1050,1,3,0,0,,
inv_threshold,1000000007,4096,800,spread,dense,3443,3437,3544,1,3,41,1892362,2:3/2;1024:3/3;2048:3/3;4096:9/6;8192:6/3,469762049@1024:1/1;469762049@2048:1/1;469762049@4096:3/2;469762049@8192:2/1;1000000007@2:3/2;1811939329@1024:1/1;1811939329@2048:1/1;1811939329@4096:3/2;1811939329@8192:2/1;2013265921@1024:1/1;2013265921@2048:1/1;2013265921@4096:3/2;2013265921@8192:2/1
inv_threshold,1000000007,4096,800,spread,selected,1055,1021,1080,1,3,0,0,,
div_threshold,1000000007,4096,800,spread,sparse,1024,1019,1025,1,3,0,0,,
div_threshold,1000000007,4096,800,spread,dense,4788,4784,4793,1,3,50,2850826,2:3/2;1024:3/3;2048:3/3;4096:9/6;8192:12/6,469762049@1024:1/1;469762049@2048:1/1;469762049@4096:3/2;469762049@8192:4/2;1000000007@2:3/2;1811939329@1024:1/1;1811939329@2048:1/1;1811939329@4096:3/2;1811939329@8192:4/2;2013265921@1024:1/1;2013265921@2048:1/1;2013265921@4096:3/2;2013265921@8192:4/2
div_threshold,1000000007,4096,800,spread,selected,1023,1023,1026,1,3,0,0,,
exp_threshold,1000000007,4096,800,spread,sparse,1034,1031,1035,1,3,0,0,,
exp_threshold,1000000007,4096,800,spread,dense,5035,4994,5070,1,3,102,2850816,1024:21/12;2048:21/12;4096:24/12,469762049@1024:7/4;469762049@2048:7/4;469762049@4096:8/4;1811939329@1024:7/4;1811939329@2048:7/4;1811939329@4096:8/4;2013265921@1024:7/4;2013265921@2048:7/4;2013265921@4096:8/4
exp_threshold,1000000007,4096,800,spread,selected,1031,1029,1034,1,3,0,0,,
pow_threshold,1000000007,4096,800,spread,sparse,2172,2159,2277,1,3,0,0,,
pow_threshold,1000000007,4096,800,spread,dense,10136,10127,10142,1,3,170,5996554,2:3/2;1024:30/18;2048:30/18;4096:33/18;8192:12/6,469762049@1024:10/6;469762049@2048:10/6;469762049@4096:11/6;469762049@8192:4/2;1000000007@2:3/2;1811939329@1024:10/6;1811939329@2048:10/6;1811939329@4096:11/6;1811939329@8192:4/2;2013265921@1024:10/6;2013265921@2048:10/6;2013265921@4096:11/6;2013265921@8192:4/2
pow_threshold,1000000007,4096,800,spread,selected,2168,2164,2186,1,3,0,0,,
sqrt_threshold,1000000007,4096,800,spread,sparse,2157,1979,2190,1,3,0,0,,
sqrt_threshold,1000000007,4096,800,spread,dense,4933,4873,5037,1,3,157,2611280,2:24/16;1024:33/21;2048:24/15;4096:15/9,469762049@1024:11/7;469762049@2048:8/5;469762049@4096:5/3;1000000007@2:24/16;1811939329@1024:11/7;1811939329@2048:8/5;1811939329@4096:5/3;2013265921@1024:11/7;2013265921@2048:8/5;2013265921@4096:5/3
sqrt_threshold,1000000007,4096,800,spread,selected,2170,2033,2201,1,3,0,0,,
inv_threshold,1000000007,4096,1300,spread,sparse,1610,1596,1612,1,3,0,0,,
inv_threshold,1000000007,4096,1300,spread,dense,3486,3473,3606,1,3,50,2095114,2:3/2;1024:3/3;2048:9/6;4096:9/6;8192:6/3,469762049@1024:1/1;469762049@2048:3/2;469762049@4096:3/2;469762049@8192:2/1;1000000007@2:3/2;1811939329@1024:1/1;1811939329@2048:3/2;1811939329@4096:3/2;1811939329@8192:2/1;2013265921@1024:1/1;2013265921@2048:3/2;2013265921@4096:3/2;2013265921@8192:2/1
inv_threshold,1000000007,4096,1300,spread,selected,1595,1589,1596,1,3,0,0,,
div_threshold,1000000007,4096,1300,spread,sparse,1591,1588,1598,1,3,0,0,,
div_threshold,1000000007,4096,1300,spread,dense,4949,4902,4994,1,3,59,3053578,2:3/2;1024:3/3;2048:9/6;4096:9/6;8192:12/6,469762049@1024:1/1;469762049@2048:3/2;469762049@4096:3/2;469762049@8192:4/2;1000000007@2:3/2;1811939329@1024:1/1;1811939329@2048:3/2;1811939329@4096:3/2;1811939329@8192:4/2;2013265921@1024:1/1;2013265921@2048:3/2;2013265921@4096:3/2;2013265921@8192:4/2
div_threshold,1000000007,4096,1300,spread,selected,1591,1590,1598,1,3,0,0,,
exp_threshold,1000000007,4096,1300,spread,sparse,1636,1636,1658,1,3,0,0,,
exp_threshold,1000000007,4096,1300,spread,dense,5172,5112,5173,1,3,111,3053568,1024:21/12;2048:27/15;4096:24/12,469762049@1024:7/4;469762049@2048:9/5;469762049@4096:8/4;1811939329@1024:7/4;1811939329@2048:9/5;1811939329@4096:8/4;2013265921@1024:7/4;2013265921@2048:9/5;2013265921@4096:8/4
exp_threshold,1000000007,4096,1300,spread,selected,1638,1637,1643,1,3,0,0,,
pow_threshold,1000000007,4096,1300,spread,sparse,3207,3199,3230,1,3,0,0,,
pow_threshold,1000000007,4096,1300,spread,dense,10149,10111,10164,1,3,179,6199306,2:3/2;1024:30/18;2048:36/21;4096:33/18;8192:12/6,469762049@1024:10/6;469762049@2048:12/7;469762049@4096:11/6;469762049@8192:4/2;1000000007@2:3/2;1811939329@1024:10/6;1811939329@2048:12/7;1811939329@4096:11/6;1811939329@8192:4/2;2013265921@1024:10/6;2013265921@2048:12/7;2013265921@4096:11/6;2013265921@8192:4/2
pow_threshold,1000000007,4096,1300,spread,selected,3203,3202,3204,1,3,0,0,,
sqrt_threshold,1000000007,4096,1300,spread,sparse,3199,3198,3232,1,3,0,0,,
sqrt_threshold,1000000007,4096,1300,spread,dense,4850,4828,4874,1,3,157,2611280,2:24/16;1024:33/21;2048:24/15;4096:15/9,469762049@1024:11/7;469762049@2048:8/5;469762049@4096:5/3;1000000007@2:24/16;1811939329@1024:11/7;1811939329@2048:8/5;1811939329@4096:5/3;2013265921@1024:11/7;2013265921@2048:8/5;2013265921@4096:5/3
sqrt_threshold,1000000007,4096,1300,spread,selected,3201,3194,3205,1,3,0,0,,
inv_threshold,1000000007,4096,1600,spread,sparse,2032,2017,2058,1,3,0,0,,
inv_threshold,1000000007,4096,1600,spread,dense,3491,3490,3494,1,3,50,2095114,2:3/2;1024:3/3;2048:9/6;4096:9/6;8192:6/3,469762049@1024:1/1;469762049@2048:3/2;469762049@4096:3/2;469762049@8192:2/1;1000000007@2:3/2;1811939329@1024:1/1;1811939329@2048:3/2;1811939329@4096:3/2;1811939329@8192:2/1;2013265921@1024:1/1;2013265921@2048:3/2;2013265921@4096:3/2;2013265921@8192:2/1
inv_threshold,1000000007,4096,1600,spread,selected,2014,2012,2015,1,3,0,0,,
div_threshold,1000000007,4096,1600,spread,sparse,2009,2009,2055,1,3,0,0,,
div_threshold,1000000007,4096,1600,spread,dense,4902,4891,4932,1,3,59,3053578,2:3/2;1024:3/3;2048:9/6;4096:9/6;8192:12/6,469762049@1024:1/1;469762049@2048:3/2;469762049@4096:3/2;469762049@8192:4/2;1000000007@2:3/2;1811939329@1024:1/1;1811939329@2048:3/2;1811939329@4096:3/2;1811939329@8192:4/2;2013265921@1024:1/1;2013265921@2048:3/2;2013265921@4096:3/2;2013265921@8192:4/2
div_threshold,1000000007,4096,1600,spread,selected,2013,2013,2020,1,3,0,0,,
exp_threshold,1000000007,4096,1600,spread,sparse,2016,1932,2016,1,3,0,0,,
exp_threshold,1000000007,4096,1600,spread,dense,5146,5125,5181,1,3,111,3053568,1024:21/12;2048:27/15;4096:24/12,469762049@1024:7/4;469762049@2048:9/5;469762049@4096:8/4;1811939329@1024:7/4;1811939329@2048:9/5;1811939329@4096:8/4;2013265921@1024:7/4;2013265921@2048:9/5;2013265921@4096:8/4
exp_threshold,1000000007,4096,1600,spread,selected,2020,1997,2032,1,3,0,0,,
pow_threshold,1000000007,4096,1600,spread,sparse,3965,3951,3968,1,3,0,0,,
pow_threshold,1000000007,4096,1600,spread,dense,10169,10151,10170,1,3,179,6199306,2:3/2;1024:30/18;2048:36/21;4096:33/18;8192:12/6,469762049@1024:10/6;469762049@2048:12/7;469762049@4096:11/6;469762049@8192:4/2;1000000007@2:3/2;1811939329@1024:10/6;1811939329@2048:12/7;1811939329@4096:11/6;1811939329@8192:4/2;2013265921@1024:10/6;2013265921@2048:12/7;2013265921@4096:11/6;2013265921@8192:4/2
pow_threshold,1000000007,4096,1600,spread,selected,3946,3942,3953,1,3,0,0,,
sqrt_threshold,1000000007,4096,1600,spread,sparse,3974,3942,3989,1,3,0,0,,
sqrt_threshold,1000000007,4096,1600,spread,dense,4824,4804,4854,1,3,167,2611300,2:30/20;1024:33/21;2048:24/15;4096:15/9,469762049@1024:11/7;469762049@2048:8/5;469762049@4096:5/3;1000000007@2:30/20;1811939329@1024:11/7;1811939329@2048:8/5;1811939329@4096:5/3;2013265921@1024:11/7;2013265921@2048:8/5;2013265921@4096:5/3
sqrt_threshold,1000000007,4096,1600,spread,selected,3948,3946,3950,1,3,0,0,,
inv_threshold,1000000007,4096,2000,spread,sparse,2439,2436,2439,1,3,0,0,,
inv_threshold,1000000007,4096,2000,spread,dense,3539,3537,3548,1,3,50,2095114,2:3/2;1024:3/3;2048:9/6;4096:9/6;8192:6/3,469762049@1024:1/1;469762049@2048:3/2;469762049@4096:3/2;469762049@8192:2/1;1000000007@2:3/2;1811939329@1024:1/1;1811939329@2048:3/2;1811939329@4096:3/2;1811939329@8192:2/1;2013265921@1024:1/1;2013265921@2048:3/2;2013265921@4096:3/2;2013265921@8192:2/1
inv_threshold,1000000007,4096,2000,spread,selected,2473,2440,2480,1,3,0,0,,
div_threshold,1000000007,4096,2000,spread,sparse,2438,2435,2463,1,3,0,0,,
div_threshold,1000000007,4096,2000,spread,dense,4949,4928,4969,1,3,59,3053578,2:3/2;1024:3/3;2048:9/6;4096:9/6;8192:12/6,469762049@1024:1/1;469762049@2048:3/2;469762049@4096:3/2;469762049@8192:4/2;1000000007@2:3/2;1811939329@1024:1/1;1811939329@2048:3/2;1811939329@4096:3/2;1811939329@8192:4/2;2013265921@1024:1/1;2013265921@2048:3/2;2013265921@4096:3/2;2013265921@8192:4/2
div_threshold,1000000007,4096,2000,spread,selected,2440,2439,2442,1,3,0,0,,
exp_threshold,1000000007,4096,2000,spread,sparse,2514,2511,2780,1,3,0,0,,
exp_threshold,1000000007,4096,2000,spread,dense,5160,5145,5474,1,3,111,3053568,1024:21/12;2048:27/15;4096:24/12,469762049@1024:7/4;469762049@2048:9/5;469762049@4096:8/4;1811939329@1024:7/4;1811939329@2048:9/5;1811939329@4096:8/4;2013265921@1024:7/4;2013265921@2048:9/5;2013265921@4096:8/4
exp_threshold,1000000007,4096,2000,spread,selected,2535,2516,2537,1,3,0,0,,
pow_threshold,1000000007,4096,2000,spread,sparse,4914,4889,4928,1,3,0,0,,
pow_threshold,1000000007,4096,2000,spread,dense,10178,10174,10198,1,3,179,6199306,2:3/2;1024:30/18;2048:36/21;4096:33/18;8192:12/6,469762049@1024:10/6;469762049@2048:12/7;469762049@4096:11/6;469762049@8192:4/2;1000000007@2:3/2;1811939329@1024:10/6;1811939329@2048:12/7;1811939329@4096:11/6;1811939329@8192:4/2;2013265921@1024:10/6;2013265921@2048:12/7;2013265921@4096:11/6;2013265921@8192:4/2
pow_threshold,1000000007,4096,2000,spread,selected,4941,4922,4955,1,3,0,0,,
sqrt_threshold,1000000007,4096,2000,spread,sparse,5092,4916,5173,1,3,0,0,,
sqrt_threshold,1000000007,4096,2000,spread,dense,4845,4828,4942,1,3,167,2611300,2:30/20;1024:33/21;2048:24/15;4096:15/9,469762049@1024:11/7;469762049@2048:8/5;469762049@4096:5/3;1000000007@2:30/20;1811939329@1024:11/7;1811939329@2048:8/5;1811939329@4096:5/3;2013265921@1024:11/7;2013265921@2048:8/5;2013265921@4096:5/3
sqrt_threshold,1000000007,4096,2000,spread,selected,3900,3894,3918,1,3,45,1228800,1024:9/6;2048:9/6;4096:9/6,469762049@1024:3/2;469762049@2048:3/2;469762049@4096:3/2;1811939329@1024:3/2;1811939329@2048:3/2;1811939329@4096:3/2;2013265921@1024:3/2;2013265921@2048:3/2;2013265921@4096:3/2
inv_threshold,1000000007,4096,2500,spread,sparse,3020,3019,3032,1,3,0,0,,
inv_threshold,1000000007,4096,2500,spread,dense,3591,3589,3673,1,3,59,2187274,2:3/2;1024:9/6;2048:9/6;4096:9/6;8192:6/3,469762049@1024:3/2;469762049@2048:3/2;469762049@4096:3/2;469762049@8192:2/1;1000000007@2:3/2;1811939329@1024:3/2;1811939329@2048:3/2;1811939329@4096:3/2;1811939329@8192:2/1;2013265921@1024:3/2;2013265921@2048:3/2;2013265921@4096:3/2;2013265921@8192:2/1
inv_threshold,1000000007,4096,2500,spread,selected,3108,3036,3122,1,3,0,0,,
div_threshold,1000000007,4096,2500,spread,sparse,3039,3034,3380,1,3,0,0,,
div_threshold,1000000007,4096,2500,spread,dense,5013,5008,5091,1,3,68,3145738,2:3/2;1024:9/6;2048:9/6;4096:9/6;8192:12/6,469762049@1024:3/2;469762049@2048:3/2;469762049@4096:3/2;469762049@8192:4/2;1000000007@2:3/2;1811939329@1024:3/2;1811939329@2048:3/2;1811939329@4096:3/2;1811939329@8192:4/2;2013265921@1024:3/2;2013265921@2048:3/2;2013265921@4096:3/2;2013265921@8192:4/2
div_threshold,1000000007,4096,2500,spread,selected,3057,3039,3135,1,3,0,0,,
exp_threshold,1000000007,4096,2500,spread,sparse,3199,3148,3276,1,3,0,0,,
exp_threshold,1000000007,4096,2500,spread,dense,5486,5373,5544,1,3,120,3145728,1024:27/15;2048:27/15;4096:24/12,469762049@1024:9/5;469762049@2048:9/5;469762049@4096:8/4;1811939329@1024:9/5;1811939329@2048:9/5;1811939329@4096:8/4;2013265921@1024:9/5;2013265921@2048:9/5;2013265921@4096:8/4
exp_threshold,1000000007,4096,2500,spread,selected,3292,3204,3314,1,3,0,0,,
pow_threshold,1000000007,4096,2500,spread,sparse,6254,6242,6261,1,3,0,0,,
pow_threshold,1000000007,4096,2500,spread,dense,10494,10472,10657,1,3,188,6291466,2:3/2;1024:36/21;2048:36/21;4096:33/18;8192:12/6,469762049@1024:12/7;469762049@2048:12/7;469762049@4096:11/6;469762049@8192:4/2;1000000007@2:3/2;1811939329@1024:12/7;1811939329@2048:12/7;1811939329@4096:11/6;1811939329@8192:4/2;2013265921@1024:12/7;2013265921@2048:12/7;2013265921@4096:11/6;2013265921@8192:4/2
pow_threshold,1000000007,4096,2500,spread,selected,6306,6203,6470,1,3,0,0,,
sqrt_threshold,1000000007,4096,2500,spread,sparse,6233,6208,6432,1,3,0,0,,
sqrt_threshold,1000000007,4096,2500,spread,dense,4899,4898,4984,1,3,167,2611300,2:30/20;1024:33/21;2048:24/15;4096:15/9,469762049@1024:11/7;469762049@2048:8/5;469762049@4096:5/3;1000000007@2:30/20;1811939329@1024:11/7;1811939329@2048:8/5;1811939329@4096:5/3;2013265921@1024:11/7;2013265921@2048:8/5;2013265921@4096:5/3
sqrt_threshold,1000000007,4096,2500,spread,selected,3979,3955,3983,1,3,45,1228800,1024:9/6;2048:9/6;4096:9/6,469762049@1024:3/2;469762049@2048:3/2;469762049@4096:3/2;1811939329@1024:3/2;1811939329@2048:3/2;1811939329@4096:3/2;2013265921@1024:3/2;2013265921@2048:3/2;2013265921@4096:3/2
inv_threshold,1000000007,4096,3000,spread,sparse,3743,3696,3781,1,3,0,0,,
inv_threshold,1000000007,4096,3000,spread,dense,3717,3634,3722,1,3,59,2187274,2:3/2;1024:9/6;2048:9/6;4096:9/6;8192:6/3,469762049@1024:3/2;469762049@2048:3/2;469762049@4096:3/2;469762049@8192:2/1;1000000007@2:3/2;1811939329@1024:3/2;1811939329@2048:3/2;1811939329@4096:3/2;1811939329@8192:2/1;2013265921@1024:3/2;2013265921@2048:3/2;2013265921@4096:3/2;2013265921@8192:2/1
inv_threshold,1000000007,4096,3000,spread,selected,3654,3647,3666,1,3,59,2187274,2:3/2;1024:9/6;2048:9/6;4096:9/6;8192:6/3,469762049@1024:3/2;469762049@2048:3/2;469762049@4096:3/2;469762049@8192:2/1;1000000007@2:3/2;1811939329@1024:3/2;1811939329@2048:3/2;1811939329@4096:3/2;1811939329@8192:2/1;2013265921@1024:3/2;2013265921@2048:3/2;2013265921@4096:3/2;2013265921@8192:2/1
div_threshold,1000000007,4096,3000,spread,sparse,3809,3713,3904,1,3,0,0,,
div_threshold,1000000007,4096,3000,spread,dense,5061,4998,5253,1,3,68,3145738,2:3/2;1024:9/6;2048:9/6;4096:9/6;8192:12/6,469762049@1024:3/2;469762049@2048:3/2;469762049@4096:3/2;469762049@8192:4/2;1000000007@2:3/2;1811939329@1024:3/2;1811939329@2048:3/2;1811939329@4096:3/2;1811939329@8192:4/2;2013265921@1024:3/2;2013265921@2048:3/2;2013265921@4096:3/2;2013265921@8192:4/2
div_threshold,1000000007,4096,3000,spread,selected,3726,3719,3855,1,3,0,0,,
exp_threshold,1000000007,4096,3000,spread,sparse,3749,3726,3754,1,3,0,0,,
exp_threshold,1000000007,4096,3000,spread,dense,5202,5196,5209,1,3,120,3145728,1024:27/15;2048:27/15;4096:24/12,469762049@1024:9/5;469762049@2048:9/5;469762049@4096:8/4;1811939329@1024:9/5;1811939329@2048:9/5;1811939329@4096:8/4;2013265921@1024:9/5;2013265921@2048:9/5;2013265921@4096:8/4
exp_threshold,1000000007,4096,3000,spread,selected,3781,3726,3789,1,3,0,0,,
pow_threshold,1000000007,4096,3000,spread,sparse,7627,7279,7633,1,3,0,0,,
pow_threshold,1000000007,4096,3000,spread,dense,10264,10250,10417,1,3,188,6291466,2:3/2;1024:36/21;2048:36/21;4096:33/18;8192:12/6,469762049@1024:12/7;469762049@2048:12/7;469762049@4096:11/6;469762049@8192:4/2;1000000007@2:3/2;1811939329@1024:12/7;1811939329@2048:12/7;1811939329@4096:11/6;1811939329@8192:4/2;2013265921@1024:12/7;2013265921@2048:12/7;2013265921@4096:11/6;2013265921@8192:4/2
pow_threshold,1000000007,4096,3000,spread,selected,7566,7314,7737,1,3,0,0,,
sqrt_threshold,1000000007,4096,3000,spread,sparse,7303,7264,7313,1,3,0,0,,
sqrt_threshold,1000000007,4096,3000,spread,dense,4807,4807,4811,1,3,167,2611300,2:30/20;1024:33/21;2048:24/15;4096:15/9,469762049@1024:11/7;469762049@2048:8/5;469762049@4096:5/3;1000000007@2:30/20;1811939329@1024:11/7;1811939329@2048:8/5;1811939329@4096:5/3;2013265921@1024:11/7;2013265921@2048:8/5;2013265921@4096:5/3
sqrt_threshold,1000000007,4096,3000,spread,selected,3875,3871,3894,1,3,45,1228800,1024:9/6;2048:9/6;4096:9/6,469762049@1024:3/2;469762049@2048:3/2;469762049@4096:3/2;1811939329@1024:3/2;1811939329@2048:3/2;1811939329@4096:3/2;2013265921@1024:3/2;2013265921@2048:3/2;2013265921@4096:3/2
inv_threshold,1000000007,4096,512,suffix,sparse,91.7143,91.619,94.2381,21,3,0,0,,
inv_threshold,1000000007,4096,512,suffix,dense,4.40625,4.39844,4.40625,128,3,0,0,,
inv_threshold,1000000007,4096,512,suffix,selected,4.41406,4.39844,4.45312,128,3,0,0,,
div_threshold,1000000007,4096,512,suffix,sparse,89.3636,89.2273,89.3636,22,3,0,0,,
div_threshold,1000000007,4096,512,suffix,dense,1420,1414,1424,1,3,9,958464,8192:6/3,469762049@8192:2/1;1811939329@8192:2/1;2013265921@8192:2/1
div_threshold,1000000007,4096,512,suffix,selected,91.9524,91.8095,92.9048,21,3,0,0,,
exp_threshold,1000000007,4096,512,suffix,sparse,102.15,101,102.3,20,3,0,0,,
exp_threshold,1000000007,4096,512,suffix,dense,1.55469,1.55469,1.57031,128,3,0,0,,
exp_threshold,1000000007,4096,512,suffix,selected,1.55469,1.54688,1.5625,128,3,0,0,,
pow_threshold,1000000007,4096,512,suffix,sparse,193,190.7,194.7,10,3,0,0,,
pow_threshold,1000000007,4096,512,suffix,dense,6.55469,6.5,6.57031,128,3,0,0,,
pow_threshold,1000000007,4096,512,suffix,selected,6.5625,6.50781,6.60938,128,3,0,0,,
sqrt_threshold,1000000007,4096,512,suffix,sparse,191.3,191.1,194.5,10,3,0,0,,
sqrt_threshold,1000000007,4096,512,suffix,dense,7,6.97656,7.01562,128,3,0,0,,
sqrt_threshold,1000000007,4096,512,suffix,selected,6.99219,6.96875,7.01562,128,3,0,0,,
inv_threshold,1000000007,4096,800,suffix,sparse,209.444,208.444,209.889,9,3,0,0,,
inv_threshold,1000000007,4096,800,suffix,dense,4.32031,4.3125,4.60156,128,3,0,0,,
inv_threshold,1000000007,4096,800,suffix,selected,4.3125,4.30469,4.32031,128,3,0,0,,
div_threshold,1000000007,4096,800,suffix,sparse,204.111,203.889,207.556,9,3,0,0,,
div_threshold,1000000007,4096,800,suffix,dense,1429,1418,1615,1,3,9,958464,8192:6/3,469762049@8192:2/1;1811939329@8192:2/1;2013265921@8192:2/1
div_threshold,1000000007,4096,800,suffix,selected,208.444,205.889,212.556,9,3,0,0,,
exp_threshold,1000000007,4096,800,suffix,sparse,223.125,217.625,225.375,8,3,0,0,,
exp_threshold,1000000007,4096,800,suffix,dense,1.50781,1.48438,1.52344,128,3,0,0,,
exp_threshold,1000000007,4096,800,suffix,selected,1.50781,1.49219,1.50781,128,3,0,0,,
pow_threshold,1000000007,4096,800,suffix,sparse,417.75,415.25,431.75,4,3,0,0,,
pow_threshold,1000000007,4096,800,suffix,dense,6.47656,6.45312,6.49219,128,3,0,0,,
pow_threshold,1000000007,4096,800,suffix,selected,6.4375,6.42969,6.46094,128,3,0,0,,
sqrt_threshold,1000000007,4096,800,suffix,sparse,431.25,426.75,434.75,4,3,0,0,,
sqrt_threshold,1000000007,4096,800,suffix,dense,6.92969,6.89844,7.10938,128,3,0,0,,
sqrt_threshold,1000000007,4096,800,suffix,selected,6.90625,6.89062,6.9375,128,3,0,0,,
inv_threshold,1000000007,4096,1300,suffix,sparse,529,523.667,529.333,3,3,0,0,,
inv_threshold,1000000007,4096,1300,suffix,dense,4.1875,4.17188,4.19531,128,3,0,0,,
inv_threshold,1000000007,4096,1300,suffix,selected,4.17969,4.17188,4.1875,128,3,0,0,,
div_threshold,1000000007,4096,1300,suffix,sparse,520.333,520.333,529.333,3,3,0,0,,
div_threshold,1000000007,4096,1300,suffix,dense,1417,1416,1444,1,3,9,958464,8192:6/3,469762049@8192:2/1;1811939329@8192:2/1;2013265921@8192:2/1
div_threshold,1000000007,4096,1300,suffix,selected,522,521.667,522,3,3,0,0,,
exp_threshold,1000000007,4096,1300,suffix,sparse,537.667,537.667,546.667,3,3,0,0,,
exp_threshold,1000000007,4096,1300,suffix,dense,1.34375,1.34375,1.35938,128,3,0,0,,
exp_threshold,1000000007,4096,1300,suffix,selected,1.35156,1.34375,1.35938,128,3,0,0,,
pow_threshold,1000000007,4096,1300,suffix,sparse,1073,1073,1075,1,3,0,0,,
pow_threshold,1000000007,4096,1300,suffix,dense,6.35938,6.30469,6.40625,128,3,0,0,,
pow_threshold,1000000007,4096,1300,suffix,selected,6.30469,6.29688,6.3125,128,3,0,0,,
sqrt_threshold,1000000007,4096,1300,suffix,sparse,1075,1074,1075,1,3,0,0,,
sqrt_threshold,1000000007,4096,1300,suffix,dense,6.78125,6.76562,6.83594,128,3,0,0,,
sqrt_threshold,1000000007,4096,1300,suffix,selected,6.77344,6.76562,6.78125,128,3,0,0,,
inv_threshold,1000000007,4096,1600,suffix,sparse,792,792,792.5,2,3,0,0,,
inv_threshold,1000000007,4096,1600,suffix,dense,4.11719,4.11719,4.125,128,3,0,0,,
inv_threshold,1000000007,4096,1600,suffix,selected,4.125,4.10156,4.21875,128,3,0,0,,
div_threshold,1000000007,4096,1600,suffix,sparse,780.5,780,780.5,2,3,0,0,,
div_threshold,1000000007,4096,1600,suffix,dense,1418,1418,1420,1,3,9,958464,8192:6/3,469762049@8192:2/1;1811939329@8192:2/1;2013265921@8192:2/1
div_threshold,1000000007,4096,1600,suffix,selected,782.5,782.5,796.5,2,3,0,0,,
exp_threshold,1000000007,4096,1600,suffix,sparse,800.5,789,806,2,3,0,0,,
exp_threshold,1000000007,4096,1600,suffix,dense,1.27344,1.26562,1.39062,128,3,0,0,,
exp_threshold,1000000007,4096,1600,suffix,selected,1.26562,1.26562,1.29688,128,3,0,0,,
pow_threshold,1000000007,4096,1600,suffix,sparse,1606,1605,1607,1,3,0,0,,
pow_threshold,1000000007,4096,1600,suffix,dense,6.39062,6.25,6.41406,128,3,0,0,,
pow_threshold,1000000007,4096,1600,suffix,selected,6.26562,6.22656,6.47656,128,3,0,0,,
sqrt_threshold,1000000007,4096,1600,suffix,sparse,1546,1543,1576,1,3,0,0,,
sqrt_threshold,1000000007,4096,1600,suffix,dense,6.71875,6.69531,6.72656,128,3,0,0,,
sqrt_threshold,1000000007,4096,1600,suffix,selected,6.69531,6.6875,6.73438,128,3,0,0,,
inv_threshold,1000000007,4096,2000,suffix,sparse,1226,1217,1227,1,3,0,0,,
inv_threshold,1000000007,4096,2000,suffix,dense,4,4,4.00781,128,3,0,0,,
inv_threshold,1000000007,4096,2000,suffix,selected,4.00781,4,4.00781,128,3,0,0,,
div_threshold,1000000007,4096,2000,suffix,sparse,1250,1240,1259,1,3,0,0,,
div_threshold,1000000007,4096,2000,suffix,dense,1424,1418,1447,1,3,9,958464,8192:6/3,469762049@8192:2/1;1811939329@8192:2/1;2013265921@8192:2/1
div_threshold,1000000007,4096,2000,suffix,selected,1219,1216,1224,1,3,0,0,,
exp_threshold,1000000007,4096,2000,suffix,sparse,1252,1233,1303,1,3,0,0,,
exp_threshold,1000000007,4096,2000,suffix,dense,1.19531,1.1875,1.30469,128,3,0,0,,
exp_threshold,1000000007,4096,2000,suffix,selected,1.17969,1.15625,1.24219,128,3,0,0,,
pow_threshold,1000000007,4096,2000,suffix,sparse,2385,2384,2431,1,3,0,0,,
pow_threshold,1000000007,4096,2000,suffix,dense,6.15625,6.13281,6.16406,128,3,0,0,,
pow_threshold,1000000007,4096,2000,suffix,selected,6.11719,6.11719,6.125,128,3,0,0,,
sqrt_threshold,1000000007,4096,2000,suffix,sparse,2392,2385,2447,1,3,0,0,,
sqrt_threshold,1000000007,4096,2000,suffix,dense,6.60156,6.58594,6.61719,128,3,0,0,,
sqrt_threshold,1000000007,4096,2000,suffix,selected,6.60938,6.57812,6.67969,128,3,0,0,,
inv_threshold,1000000007,4096,2500,suffix,sparse,1920,1856,1926,1,3,0,0,,
inv_threshold,1000000007,4096,2500,suffix,dense,253.429,253.286,253.571,7,3,6,135168,2048:3/3,469762049@2048:1/1;1811939329@2048:1/1;2013265921@2048:1/1
inv_threshold,1000000007,4096,2500,suffix,selected,253.714,253.429,259,7,3,6,135168,2048:3/3,469762049@2048:1/1;1811939329@2048:1/1;2013265921@2048:1/1
div_threshold,1000000007,4096,2500,suffix,sparse,1885,1884,1888,1,3,0,0,,
div_threshold,1000000007,4096,2500,suffix,dense,1676,1669,1692,1,3,15,1093632,2048:3/3;8192:6/3,469762049@2048:1/1;469762049@8192:2/1;1811939329@2048:1/1;1811939329@8192:2/1;2013265921@2048:1/1;2013265921@8192:2/1
div_threshold,1000000007,4096,2500,suffix,selected,1887,1887,1937,1,3,0,0,,
exp_threshold,1000000007,4096,2500,suffix,sparse,1875,1862,1908,1,3,0,0,,
exp_threshold,1000000007,4096,2500,suffix,dense,2032,2029,2036,1,3,27,1327104,4096:18/9,469762049@4096:6/3;1811939329@4096:6/3;2013265921@4096:6/3
exp_threshold,1000000007,4096,2500,suffix,selected,1876,1876,1975,1,3,0,0,,
pow_threshold,1000000007,4096,2500,suffix,sparse,3721,3708,3764,1,3,0,0,,
pow_threshold,1000000007,4096,2500,suffix,dense,257,255.714,257.286,7,3,6,135168,2048:3/3,469762049@2048:1/1;1811939329@2048:1/1;2013265921@2048:1/1
pow_threshold,1000000007,4096,2500,suffix,selected,255.714,255.429,256.571,7,3,6,135168,2048:3/3,469762049@2048:1/1;1811939329@2048:1/1;2013265921@2048:1/1
sqrt_threshold,1000000007,4096,2500,suffix,sparse,3716,3694,3740,1,3,0,0,,
sqrt_threshold,1000000007,4096,2500,suffix,dense,256.143,255.857,257,7,3,6,135168,2048:3/3,469762049@2048:1/1;1811939329@2048:1/1;2013265921@2048:1/1
sqrt_threshold,1000000007,4096,2500,suffix,selected,256,256,261.429,7,3,6,135168,2048:3/3,469762049@2048:1/1;1811939329@2048:1/1;2013265921@2048:1/1
inv_threshold,1000000007,4096,3000,suffix,sparse,2718,2715,2726,1,3,0,0,,
inv_threshold,1000000007,4096,3000,suffix,dense,1994,1968,1997,1,3,20,1253386,2:3/2;4096:3/3;8192:6/3,469762049@4096:1/1;469762049@8192:2/1;1000000007@2:3/2;1811939329@4096:1/1;1811939329@8192:2/1;2013265921@4096:1/1;2013265921@8192:2/1
inv_threshold,1000000007,4096,3000,suffix,selected,2717,2717,2720,1,3,0,0,,
div_threshold,1000000007,4096,3000,suffix,sparse,2708,2706,2715,1,3,0,0,,
div_threshold,1000000007,4096,3000,suffix,dense,3411,3380,3415,1,3,29,2211850,2:3/2;4096:3/3;8192:12/6,469762049@4096:1/1;469762049@8192:4/2;1000000007@2:3/2;1811939329@4096:1/1;1811939329@8192:4/2;2013265921@4096:1/1;2013265921@8192:4/2
div_threshold,1000000007,4096,3000,suffix,selected,2713,2712,2722,1,3,0,0,,
exp_threshold,1000000007,4096,3000,suffix,sparse,2727,2723,2776,1,3,0,0,,
exp_threshold,1000000007,4096,3000,suffix,dense,2030,2029,2032,1,3,27,1327104,4096:18/9,469762049@4096:6/3;1811939329@4096:6/3;2013265921@4096:6/3
exp_threshold,1000000007,4096,3000,suffix,selected,2723,2663,2731,1,3,0,0,,
pow_threshold,1000000007,4096,3000,suffix,sparse,5585,5352,5693,1,3,0,0,,
pow_threshold,1000000007,4096,3000,suffix,dense,5478,5439,5766,1,3,56,3538954,2:3/2;4096:21/12;8192:12/6,469762049@4096:7/4;469762049@8192:4/2;1000000007@2:3/2;1811939329@4096:7/4;1811939329@8192:4/2;2013265921@4096:7/4;2013265921@8192:4/2
pow_threshold,1000000007,4096,3000,suffix,selected,5513,5304,5564,1,3,0,0,,
sqrt_threshold,1000000007,4096,3000,suffix,sparse,5554,5478,5560,1,3,0,0,,
sqrt_threshold,1000000007,4096,3000,suffix,dense,1288,1280,1289,1,3,15,737280,4096:9/6,469762049@4096:3/2;1811939329@4096:3/2;2013265921@4096:3/2
sqrt_threshold,1000000007,4096,3000,suffix,selected,1273,1269,1275,1,3,15,737280,4096:9/6,469762049@4096:3/2;1811939329@4096:3/2;2013265921@4096:3/2
inv_threshold,1000000007,4097,512,prefix,sparse,1251,1214,1279,1,3,0,0,,
inv_threshold,1000000007,4097,512,prefix,dense,7881,7783,7950,1,3,74,4890634,2:3/2;1024:9/6;2048:9/6;4096:9/6;8192:9/6;16384:6/3,469762049@1024:3/2;469762049@2048:3/2;469762049@4096:3/2;469762049@8192:3/2;469762049@16384:2/1;1000000007@2:3/2;1811939329@1024:3/2;1811939329@2048:3/2;1811939329@4096:3/2;1811939329@8192:3/2;1811939329@16384:2/1;2013265921@1024:3/2;2013265921@2048:3/2;2013265921@4096:3/2;2013265921@8192:3/2;2013265921@16384:2/1
inv_threshold,1000000007,4097,512,prefix,selected,1222,1220,1257,1,3,0,0,,
div_threshold,1000000007,4097,512,prefix,sparse,1223,1203,1225,1,3,0,0,,
div_threshold,1000000007,4097,512,prefix,dense,9798,9692,9832,1,3,83,6955018,2:3/2;1024:9/6;2048:9/6;4096:9/6;8192:9/6;16384:12/6,469762049@1024:3/2;469762049@2048:3/2;469762049@4096:3/2;469762049@8192:3/2;469762049@16384:4/2;1000000007@2:3/2;1811939329@1024:3/2;1811939329@2048:3/2;1811939329@4096:3/2;1811939329@8192:3/2;1811939329@16384:4/2;2013265921@1024:3/2;2013265921@2048:3/2;2013265921@4096:3/2;2013265921@8192:3/2;2013265921@16384:4/2
div_threshold,1000000007,4097,512,prefix,selected,1198,1198,1204,1,3,0,0,,
exp_threshold,1000000007,4097,512,prefix,sparse,1215,1213,1230,1,3,0,0,,
exp_threshold,1000000007,4097,512,prefix,dense,10030,10005,10464,1,3,153,6316032,1024:27/15;2048:27/15;4096:27/15;8192:18/9,469762049@1024:9/5;469762049@2048:9/5;469762049@4096:9/5;469762049@8192:6/3;1811939329@1024:9/5;1811939329@2048:9/5;1811939329@4096:9/5;1811939329@8192:6/3;2013265921@1024:9/5;2013265921@2048:9/5;2013265921@4096:9/5;2013265921@8192:6/3
exp_threshold,1000000007,4097,512,prefix,selected,1216,1214,1219,1,3,0,0,,
pow_threshold,1000000007,4097,512,prefix,sparse,2566,2485,2649,1,3,0,0,,
pow_threshold,1000000007,4097,512,prefix,dense,16048,15967,16219,1,3,221,9461770,2:3/2;1024:36/21;2048:36/21;4096:36/21;8192:30/15,469762049@1024:12/7;469762049@2048:12/7;469762049@4096:12/7;469762049@8192:10/5;1000000007@2:3/2;1811939329@1024:12/7;1811939329@2048:12/7;1811939329@4096:12/7;1811939329@8192:10/5;2013265921@1024:12/7;2013265921@2048:12/7;2013265921@4096:12/7;2013265921@8192:10/5
pow_threshold,1000000007,4097,512,prefix,selected,2547,2507,2567,1,3,0,0,,
sqrt_threshold,1000000007,4097,512,prefix,sparse,2363,2350,2365,1,3,0,0,,
sqrt_threshold,1000000007,4097,512,prefix,dense,10980,10970,11604,1,3,241,6396014,2:33/22;1024:42/27;2048:33/21;4096:24/15;8192:15/9,469762049@1024:14/9;469762049@2048:11/7;469762049@4096:8/5;469762049@8192:5/3;1000000007@2:33/22;1811939329@1024:14/9;1811939329@2048:11/7;1811939329@4096:8/5;1811939329@8192:5/3;2013265921@1024:14/9;2013265921@2048:11/7;2013265921@4096:8/5;2013265921@8192:5/3
sqrt_threshold,1000000007,4097,512,prefix,selected,2368,2368,2381,1,3,0,0,,
inv_threshold,1000000007,4097,800,prefix,sparse,1937,1749,1955,1,3,0,0,,
inv_threshold,1000000007,4097,800,prefix,dense,8131,8099,8168,1,3,74,4890634,2:3/2;1024:9/6;2048:9/6;4096:9/6;8192:9/6;16384:6/3,469762049@1024:3/2;469762049@2048:3/2;469762049@4096:3/2;469762049@8192:3/2;469762049@16384:2/1;1000000007@2:3/2;1811939329@1024:3/2;1811939329@2048:3/2;1811939329@4096:3/2;1811939329@8192:3/2;1811939329@16384:2/1;2013265921@1024:3/2;2013265921@2048:3/2;2013265921@4096:3/2;2013265921@8192:3/2;2013265921@16384:2/1
inv_threshold,1000000007,4097,800,prefix,selected,1950,1925,1974,1,3,0,0,,
div_threshold,1000000007,4097,800,prefix,sparse,1832,1830,1846,1,3,0,0,,
div_threshold,1000000007,4097,800,prefix,dense,10024,9953,10089,1,3,83,6955018,2:3/2;1024:9/6;2048:9/6;4096:9/6;8192:9/6;16384:12/6,469762049@1024:3/2;469762049@2048:3/2;469762049@4096:3/2;469762049@8192:3/2;469762049@16384:4/2;1000000007@2:3/2;1811939329@1024:3/2;1811939329@2048:3/2;1811939329@4096:3/2;1811939329@8192:3/2;1811939329@16384:4/2;2013265921@1024:3/2;2013265921@2048:3/2;2013265921@4096:3/2;2013265921@8192:3/2;2013265921@16384:4/2
div_threshold,1000000007,4097,800,prefix,selected,1840,1840,2082,1,3,0,0,,
exp_threshold,1000000007,4097,800,prefix,sparse,1840,1800,1855,1,3,0,0,,
exp_threshold,1000000007,4097,800,prefix,dense,10018,10007,10083,1,3,153,6316032,1024:27/15;2048:27/15;4096:27/15;8192:18/9,469762049@1024:9/5;469762049@2048:9/5;469762049@4096:9/5;469762049@8192:6/3;1811939329@1024:9/5;1811939329@2048:9/5;1811939329@4096:9/5;1811939329@8192:6/3;2013265921@1024:9/5;2013265921@2048:9/5;2013265921@4096:9/5;2013265921@8192:6/3
exp_threshold,1000000007,4097,800,prefix,selected,1813,1809,1849,1,3,0,0,,
pow_threshold,1000000007,4097,800,prefix,sparse,3534,3510,3550,1,3,0,0,,
pow_threshold,1000000007,4097,800,prefix,dense,15045,15023,15091,1,3,221,9461770,2:3/2;1024:36/21;2048:36/21;4096:36/21;8192:30/15,469762049@1024:12/7;469762049@2048:12/7;469762049@4096:12/7;469762049@8192:10/5;1000000007@2:3/2;1811939329@1024:12/7;1811939329@2048:12/7;1811939329@4096:12/7;1811939329@8192:10/5;2013265921@1024:12/7;2013265921@2048:12/7;2013265921@4096:12/7;2013265921@8192:10/5
pow_threshold,1000000007,4097,800,prefix,selected,3519,3499,3555,1,3,0,0,,
sqrt_threshold,1000000007,4097,800,prefix,sparse,3509,3506,3538,1,3,0,0,,
sqrt_threshold,1000000007,4097,800,prefix,dense,10949,10927,10982,1,3,241,6396014,2:33/22;1024:42/27;2048:33/21;4096:24/15;8192:15/9,469762049@1024:14/9;469762049@2048:11/7;469762049@4096:8/5;469762049@8192:5/3;1000000007@2:33/22;1811939329@1024:14/9;1811939329@2048:11/7;1811939329@4096:8/5;1811939329@8192:5/3;2013265921@1024:14/9;2013265921@2048:11/7;2013265921@4096:8/5;2013265921@8192:5/3
sqrt_threshold,1000000007,4097,800,prefix,selected,3514,3514,3515,1,3,0,0,,
inv_threshold,1000000007,4097,1300,prefix,sparse,2694,2659,2694,1,3,0,0,,
inv_threshold,1000000007,4097,1300,prefix,dense,7450,7448,7465,1,3,74,4890634,2:3/2;1024:9/6;2048:9/6;4096:9/6;8192:9/6;16384:6/3,469762049@1024:3/2;469762049@2048:3/2;469762049@4096:3/2;469762049@8192:3/2;469762049@16384:2/1;1000000007@2:3/2;1811939329@1024:3/2;1811939329@2048:3/2;1811939329@4096:3/2;1811939329@8192:3/2;1811939329@16384:2/1;2013265921@1024:3/2;2013265921@2048:3/2;2013265921@4096:3/2;2013265921@8192:3/2;2013265921@16384:2/1
inv_threshold,1000000007,4097,1300,prefix,selected,2699,2696,2699,1,3,0,0,,
div_threshold,1000000007,4097,1300,prefix,sparse,2693,2693,2695,1,3,0,0,,
div_threshold,1000000007,4097,1300,prefix,dense,9670,9664,9714,1,3,83,6955018,2:3/2;1024:9/6;2048:9/6;4096:9/6;8192:9/6;16384:12/6,469762049@1024:3/2;469762049@2048:3/2;469762049@4096:3/2;469762049@8192:3/2;469762049@16384:4/2;1000000007@2:3/2;1811939329@1024:3/2;1811939329@2048:3/2;1811939329@4096:3/2;1811939329@8192:3/2;1811939329@16384:4/2;2013265921@1024:3/2;2013265921@2048:3/2;2013265921@4096:3/2;2013265921@8192:3/2;2013265921@16384:4/2
div_threshold,1000000007,4097,1300,prefix,selected,2723,2695,2737,1,3,0,0,,
exp_threshold,1000000007,4097,1300,prefix,sparse,2703,2700,2703,1,3,0,0,,
exp_threshold,1000000007,4097,1300,prefix,dense,10028,10026,10052,1,3,153,6316032,1024:27/15;2048:27/15;4096:27/15;8192:18/9,469762049@1024:9/5;469762049@2048:9/5;469762049@4096:9/5;469762049@8192:6/3;1811939329@1024:9/5;1811939329@2048:9/5;1811939329@4096:9/5;1811939329@8192:6/3;2013265921@1024:9/5;2013265921@2048:9/5;2013265921@4096:9/5;2013265921@8192:6/3
exp_threshold,1000000007,4097,1300,prefix,selected,2702,2702,2703,1,3,0,0,,
pow_threshold,1000000007,4097,1300,prefix,sparse,5382,5328,5423,1,3,0,0,,
pow_threshold,1000000007,4097,1300,prefix,dense,15190,15111,15191,1,3,221,9461770,2:3/2;1024:36/21;2048:36/21;4096:36/21;8192:30/15,469762049@1024:12/7;469762049@2048:12/7;469762049@4096:12/7;469762049@8192:10/5;1000000007@2:3/2;1811939329@1024:12/7;1811939329@2048:12/7;1811939329@4096:12/7;1811939329@8192:10/5;2013265921@1024:12/7;2013265921@2048:12/7;2013265921@4096:12/7;2013265921@8192:10/5
pow_threshold,1000000007,4097,1300,prefix,selected,5368,5326,5419,1,3,0,0,,
sqrt_threshold,1000000007,4097,1300,prefix,sparse,5317,5291,5323,1,3,0,0,,
sqrt_threshold,1000000007,4097,1300,prefix,dense,10943,10926,11052,1,3,241,6396014,2:33/22;1024:42/27;2048:33/21;4096:24/15;8192:15/9,469762049@1024:14/9;469762049@2048:11/7;469762049@4096:8/5;469762049@8192:5/3;1000000007@2:33/22;1811939329@1024:14/9;1811939329@2048:11/7;1811939329@4096:8/5;1811939329@8192:5/3;2013265921@1024:14/9;2013265921@2048:11/7;2013265921@4096:8/5;2013265921@8192:5/3
sqrt_threshold,1000000007,4097,1300,prefix,selected,5279,5278,5307,1,3,0,0,,
inv_threshold,1000000007,4097,1600,prefix,sparse,3167,3167,3208,1,3,0,0,,
inv_threshold,1000000007,4097,1600,prefix,dense,7457,7455,7913,1,3,74,4890634,2:3/2;1024:9/6;2048:9/6;4096:9/6;8192:9/6;16384:6/3,469762049@1024:3/2;469762049@2048:3/2;469762049@4096:3/2;469762049@8192:3/2;469762049@16384:2/1;1000000007@2:3/2;1811939329@1024:3/2;1811939329@2048:3/2;1811939329@4096:3/2;1811939329@8192:3/2;1811939329@16384:2/1;2013265921@1024:3/2;2013265921@2048:3/2;2013265921@4096:3/2;2013265921@8192:3/2;2013265921@16384:2/1
inv_threshold,1000000007,4097,1600,prefix,selected,3177,3171,3200,1,3,0,0,,
div_threshold,1000000007,4097,1600,prefix,sparse,3095,3084,3171,1,3,0,0,,
div_threshold,1000000007,4097,1600,prefix,dense,9703,9657,9720,1,3,83,6955018,2:3/2;1024:9/6;2048:9/6;4096:9/6;8192:9/6;16384:12/6,469762049@1024:3/2;469762049@2048:3/2;469762049@4096:3/2;469762049@8192:3/2;469762049@16384:4/2;1000000007@2:3/2;1811939329@1024:3/2;1811939329@2048:3/2;1811939329@4096:3/2;1811939329@8192:3/2;1811939329@16384:4/2;2013265921@1024:3/2;2013265921@2048:3/2;2013265921@4096:3/2;2013265921@8192:3/2;2013265921@16384:4/2
div_threshold,1000000007,4097,1600,prefix,selected,3141,3086,3171,1,3,0,0,,
exp_threshold,1000000007,4097,1600,prefix,sparse,3180,3174,3219,1,3,0,0,,
exp_threshold,1000000007,4097,1600,prefix,dense,10016,10012,10018,1,3,153,6316032,1024:27/15;2048:27/15;4096:27/15;8192:18/9,469762049@1024:9/5;469762049@2048:9/5;469762049@4096:9/5;469762049@8192:6/3;1811939329@1024:9/5;1811939329@2048:9/5;1811939329@4096:9/5;1811939329@8192:6/3;2013265921@1024:9/5;2013265921@2048:9/5;2013265921@4096:9/5;2013265921@8192:6/3
exp_threshold,1000000007,4097,1600,prefix,selected,3177,3176,3178,1,3,0,0,,
pow_threshold,1000000007,4097,1600,prefix,sparse,6227,6226,6288,1,3,0,0,,
pow_threshold,1000000007,4097,1600,prefix,dense,15065,15035,15119,1,3,221,9461770,2:3/2;1024:36/21;2048:36/21;4096:36/21;8192:30/15,469762049@1024:12/7;469762049@2048:12/7;469762049@4096:12/7;469762049@8192:10/5;1000000007@2:3/2;1811939329@1024:12/7;1811939329@2048:12/7;1811939329@4096:12/7;1811939329@8192:10/5;2013265921@1024:12/7;2013265921@2048:12/7;2013265921@4096:12/7;2013265921@8192:10/5
pow_threshold,1000000007,4097,1600,prefix,selected,6218,6201,6231,1,3,0,0,,
sqrt_threshold,1000000007,4097,1600,prefix,sparse,6249,6217,6277,1,3,0,0,,
sqrt_threshold,1000000007,4097,1600,prefix,dense,11054,10942,11105,1,3,241,6396014,2:33/22;1024:42/27;2048:33/21;4096:24/15;8192:15/9,469762049@1024:14/9;469762049@2048:11/7;469762049@4096:8/5;469762049@8192:5/3;1000000007@2:33/22;1811939329@1024:14/9;1811939329@2048:11/7;1811939329@4096:8/5;1811939329@8192:5/3;2013265921@1024:14/9;2013265921@2048:11/7;2013265921@4096:8/5;2013265921@8192:5/3
sqrt_threshold,1000000007,4097,1600,prefix,selected,6247,6232,6371,1,3,0,0,,
inv_threshold,1000000007,4097,2000,prefix,sparse,3729,3722,3760,1,3,0,0,,
inv_threshold,1000000007,4097,2000,prefix,dense,7492,7438,7598,1,3,74,4890634,2:3/2;1024:9/6;2048:9/6;4096:9/6;8192:9/6;16384:6/3,469762049@1024:3/2;469762049@2048:3/2;469762049@4096:3/2;469762049@8192:3/2;469762049@16384:2/1;1000000007@2:3/2;1811939329@1024:3/2;1811939329@2048:3/2;1811939329@4096:3/2;1811939329@8192:3/2;1811939329@16384:2/1;2013265921@1024:3/2;2013265921@2048:3/2;2013265921@4096:3/2;2013265921@8192:3/2;2013265921@16384:2/1
inv_threshold,1000000007,4097,2000,prefix,selected,3717,3717,3758,1,3,0,0,,
div_threshold,1000000007,4097,2000,prefix,sparse,3729,3723,3748,1,3,0,0,,
div_threshold,1000000007,4097,2000,prefix,dense,9761,9754,9766,1,3,83,6955018,2:3/2;1024:9/6;2048:9/6;4096:9/6;8192:9/6;16384:12/6,469762049@1024:3/2;469762049@2048:3/2;469762049@4096:3/2;469762049@8192:3/2;469762049@16384:4/2;1000000007@2:3/2;1811939329@1024:3/2;1811939329@2048:3/2;1811939329@4096:3/2;1811939329@8192:3/2;1811939329@16384:4/2;2013265921@1024:3/2;2013265921@2048:3/2;2013265921@4096:3/2;2013265921@8192:3/2;2013265921@16384:4/2
div_threshold,1000000007,4097,2000,prefix,selected,3749,3734,3762,1,3,0,0,,
exp_threshold,1000000007,4097,2000,prefix,sparse,3917,3733,3950,1,3,0,0,,
exp_threshold,1000000007,4097,2000,prefix,dense,10258,10055,10467,1,3,153,6316032,1024:27/15;2048:27/15;4096:27/15;8192:18/9,469762049@1024:9/5;469762049@2048:9/5;469762049@4096:9/5;469762049@8192:6/3;1811939329@1024:9/5;1811939329@2048:9/5;1811939329@4096:9/5;1811939329@8192:6/3;2013265921@1024:9/5;2013265921@2048:9/5;2013265921@4096:9/5;2013265921@8192:6/3
exp_threshold,1000000007,4097,2000,prefix,selected,3888,3803,3929,1,3,0,0,,
pow_threshold,1000000007,4097,2000,prefix,sparse,7320,7308,7323,1,3,0,0,,
pow_threshold,1000000007,4097,2000,prefix,dense,15083,15063,15218,1,3,221,9461770,2:3/2;1024:36/21;2048:36/21;4096:36/21;8192:30/15,469762049@1024:12/7;469762049@2048:12/7;469762049@4096:12/7;469762049@8192:10/5;1000000007@2:3/2;1811939329@1024:12/7;1811939329@2048:12/7;1811939329@4096:12/7;1811939329@8192:10/5;2013265921@1024:12/7;2013265921@2048:12/7;2013265921@4096:12/7;2013265921@8192:10/5
pow_threshold,1000000007,4097,2000,prefix,selected,7269,7266,7269,1,3,0,0,,
sqrt_threshold,1000000007,4097,2000,prefix,sparse,7551,7284,7624,1,3,0,0,,
sqrt_threshold,1000000007,4097,2000,prefix,dense,11502,11340,11614,1,3,241,6396014,2:33/22;1024:42/27;2048:33/21;4096:24/15;8192:15/9,469762049@1024:14/9;469762049@2048:11/7;469762049@4096:8/5;469762049@8192:5/3;1000000007@2:33/22;1811939329@1024:14/9;1811939329@2048:11/7;1811939329@4096:8/5;1811939329@8192:5/3;2013265921@1024:14/9;2013265921@2048:11/7;2013265921@4096:8/5;2013265921@8192:5/3
sqrt_threshold,1000000007,4097,2000,prefix,selected,7641,7599,8144,1,3,0,0,,
inv_threshold,1000000007,4097,2500,prefix,sparse,4352,4278,4389,1,3,0,0,,
inv_threshold,1000000007,4097,2500,prefix,dense,7706,7606,7710,1,3,74,4890634,2:3/2;1024:9/6;2048:9/6;4096:9/6;8192:9/6;16384:6/3,469762049@1024:3/2;469762049@2048:3/2;469762049@4096:3/2;469762049@8192:3/2;469762049@16384:2/1;1000000007@2:3/2;1811939329@1024:3/2;1811939329@2048:3/2;1811939329@4096:3/2;1811939329@8192:3/2;1811939329@16384:2/1;2013265921@1024:3/2;2013265921@2048:3/2;2013265921@4096:3/2;2013265921@8192:3/2;2013265921@16384:2/1
inv_threshold,1000000007,4097,2500,prefix,selected,4363,4360,4376,1,3,0,0,,
div_threshold,1000000007,4097,2500,prefix,sparse,4400,4378,4416,1,3,0,0,,
div_threshold,1000000007,4097,2500,prefix,dense,9990,9917,10055,1,3,83,6955018,2:3/2;1024:9/6;2048:9/6;4096:9/6;8192:9/6;16384:12/6,469762049@1024:3/2;469762049@2048:3/2;469762049@4096:3/2;469762049@8192:3/2;469762049@16384:4/2;1000000007@2:3/2;1811939329@1024:3/2;1811939329@2048:3/2;1811939329@4096:3/2;1811939329@8192:3/2;1811939329@16384:4/2;2013265921@1024:3/2;2013265921@2048:3/2;2013265921@4096:3/2;2013265921@8192:3/2;2013265921@16384:4/2
div_threshold,1000000007,4097,2500,prefix,selected,4354,4310,4404,1,3,0,0,,
exp_threshold,1000000007,4097,2500,prefix,sparse,4285,4283,4479,1,3,0,0,,
exp_threshold,1000000007,4097,2500,prefix,dense,10087,10064,10388,1,3,153,6316032,1024:27/15;2048:27/15;4096:27/15;8192:18/9,469762049@1024:9/5;469762049@2048:9/5;469762049@4096:9/5;469762049@8192:6/3;1811939329@1024:9/5;1811939329@2048:9/5;1811939329@4096:9/5;1811939329@8192:6/3;2013265921@1024:9/5;2013265921@2048:9/5;2013265921@4096:9/5;2013265921@8192:6/3
exp_threshold,1000000007,4097,2500,prefix,selected,4312,4295,4402,1,3,0,0,,
pow_threshold,1000000007,4097,2500,prefix,sparse,8344,8342,8387,1,3,0,0,,
pow_threshold,1000000007,4097,2500,prefix,dense,15038,15029,15058,1,3,221,9461770,2:3/2;1024:36/21;2048:36/21;4096:36/21;8192:30/15,469762049@1024:12/7;469762049@2048:12/7;469762049@4096:12/7;469762049@8192:10/5;1000000007@2:3/2;1811939329@1024:12/7;1811939329@2048:12/7;1811939329@4096:12/7;1811939329@8192:10/5;2013265921@1024:12/7;2013265921@2048:12/7;2013265921@4096:12/7;2013265921@8192:10/5
pow_threshold,1000000007,4097,2500,prefix,selected,8389,8358,8391,1,3,0,0,,
sqrt_threshold,1000000007,4097,2500,prefix,sparse,8454,8373,8473,1,3,0,0,,
sqrt_threshold,1000000007,4097,2500,prefix,dense,11138,10933,11182,1,3,241,6396014,2:33/22;1024:42/27;2048:33/21;4096:24/15;8192:15/9,469762049@1024:14/9;469762049@2048:11/7;469762049@4096:8/5;469762049@8192:5/3;1000000007@2:33/22;1811939329@1024:14/9;1811939329@2048:11/7;1811939329@4096:8/5;1811939329@8192:5/3;2013265921@1024:14/9;2013265921@2048:11/7;2013265921@4096:8/5;2013265921@8192:5/3
sqrt_threshold,1000000007,4097,2500,prefix,selected,8411,8371,8549,1,3,0,0,,
inv_threshold,1000000007,4097,3000,prefix,sparse,4549,4542,4613,1,3,0,0,,
inv_threshold,1000000007,4097,3000,prefix,dense,7465,7440,7465,1,3,74,4890634,2:3/2;1024:9/6;2048:9/6;4096:9/6;8192:9/6;16384:6/3,469762049@1024:3/2;469762049@2048:3/2;469762049@4096:3/2;469762049@8192:3/2;469762049@16384:2/1;1000000007@2:3/2;1811939329@1024:3/2;1811939329@2048:3/2;1811939329@4096:3/2;1811939329@8192:3/2;1811939329@16384:2/1;2013265921@1024:3/2;2013265921@2048:3/2;2013265921@4096:3/2;2013265921@8192:3/2;2013265921@16384:2/1
inv_threshold,1000000007,4097,3000,prefix,selected,4618,4618,4671,1,3,0,0,,
div_threshold,1000000007,4097,3000,prefix,sparse,4638,4590,4639,1,3,0,0,,
div_threshold,1000000007,4097,3000,prefix,dense,9699,9673,9700,1,3,83,6955018,2:3/2;1024:9/6;2048:9/6;4096:9/6;8192:9/6;16384:12/6,469762049@1024:3/2;469762049@2048:3/2;469762049@4096:3/2;469762049@8192:3/2;469762049@16384:4/2;1000000007@2:3/2;1811939329@1024:3/2;1811939329@2048:3/2;1811939329@4096:3/2;1811939329@8192:3/2;1811939329@16384:4/2;2013265921@1024:3/2;2013265921@2048:3/2;2013265921@4096:3/2;2013265921@8192:3/2;2013265921@16384:4/2
div_threshold,1000000007,4097,3000,prefix,selected,4644,4543,4671,1,3,0,0,,
exp_threshold,1000000007,4097,3000,prefix,sparse,4697,4682,4710,1,3,0,0,,
exp_threshold,1000000007,4097,3000,prefix,dense,10035,10008,10042,1,3,153,6316032,1024:27/15;2048:27/15;4096:27/15;8192:18/9,469762049@1024:9/5;469762049@2048:9/5;469762049@4096:9/5;469762049@8192:6/3;1811939329@1024:9/5;1811939329@2048:9/5;1811939329@4096:9/5;1811939329@8192:6/3;2013265921@1024:9/5;2013265921@2048:9/5;2013265921@4096:9/5;2013265921@8192:6/3
exp_threshold,1000000007,4097,3000,prefix,selected,4720,4675,4748,1,3,0,0,,
pow_threshold,1000000007,4097,3000,prefix,sparse,9180,9122,9200,1,3,0,0,,
pow_threshold,1000000007,4097,3000,prefix,dense,15130,15097,15245,1,3,221,9461770,2:3/2;1024:36/21;2048:36/21;4096:36/21;8192:30/15,469762049@1024:12/7;469762049@2048:12/7;469762049@4096:12/7;469762049@8192:10/5;1000000007@2:3/2;1811939329@1024:12/7;1811939329@2048:12/7;1811939329@4096:12/7;1811939329@8192:10/5;2013265921@1024:12/7;2013265921@2048:12/7;2013265921@4096:12/7;2013265921@8192:10/5
pow_threshold,1000000007,4097,3000,prefix,selected,9150,9145,9160,1,3,0,0,,
sqrt_threshold,1000000007,4097,3000,prefix,sparse,9157,9152,9171,1,3,0,0,,
sqrt_threshold,1000000007,4097,3000,prefix,dense,10975,10968,10993,1,3,241,6396014,2:33/22;1024:42/27;2048:33/21;4096:24/15;8192:15/9,469762049@1024:14/9;469762049@2048:11/7;469762049@4096:8/5;469762049@8192:5/3;1000000007@2:33/22;1811939329@1024:14/9;1811939329@2048:11/7;1811939329@4096:8/5;1811939329@8192:5/3;2013265921@1024:14/9;2013265921@2048:11/7;2013265921@4096:8/5;2013265921@8192:5/3
sqrt_threshold,1000000007,4097,3000,prefix,selected,9188,9176,9444,1,3,0,0,,
inv_threshold,1000000007,4097,512,spread,sparse,626.667,626.667,628.333,3,3,0,0,,
inv_threshold,1000000007,4097,512,spread,dense,6815,6785,6891,1,3,47,4153354,2:3/2;1024:3/3;2048:3/3;4096:3/3;8192:9/6;16384:6/3,469762049@1024:1/1;469762049@2048:1/1;469762049@4096:1/1;469762049@8192:3/2;469762049@16384:2/1;1000000007@2:3/2;1811939329@1024:1/1;1811939329@2048:1/1;1811939329@4096:1/1;1811939329@8192:3/2;1811939329@16384:2/1;2013265921@1024:1/1;2013265921@2048:1/1;2013265921@4096:1/1;2013265921@8192:3/2;2013265921@16384:2/1
inv_threshold,1000000007,4097,512,spread,selected,629.333,627,638.667,3,3,0,0,,
div_threshold,1000000007,4097,512,spread,sparse,630.333,629,630.333,3,3,0,0,,
div_threshold,1000000007,4097,512,spread,dense,9071,9049,9087,1,3,56,6217738,2:3/2;1024:3/3;2048:3/3;4096:3/3;8192:9/6;16384:12/6,469762049@1024:1/1;469762049@2048:1/1;469762049@4096:1/1;469762049@8192:3/2;469762049@16384:4/2;1000000007@2:3/2;1811939329@1024:1/1;1811939329@2048:1/1;1811939329@4096:1/1;1811939329@8192:3/2;1811939329@16384:4/2;2013265921@1024:1/1;2013265921@2048:1/1;2013265921@4096:1/1;2013265921@8192:3/2;2013265921@16384:4/2
div_threshold,1000000007,4097,512,spread,selected,631.333,629,643.333,3,3,0,0,,
exp_threshold,1000000007,4097,512,spread,sparse,676.333,661.333,698.667,3,3,0,0,,
exp_threshold,1000000007,4097,512,spread,dense,9862,9728,9920,1,3,126,5578752,1024:21/12;2048:21/12;4096:21/12;8192:18/9,469762049@1024:7/4;469762049@2048:7/4;469762049@4096:7/4;469762049@8192:6/3;1811939329@1024:7/4;1811939329@2048:7/4;1811939329@4096:7/4;1811939329@8192:6/3;2013265921@1024:7/4;2013265921@2048:7/4;2013265921@4096:7/4;2013265921@8192:6/3
exp_threshold,1000000007,4097,512,spread,selected,684,676,818,3,3,0,0,,
pow_threshold,1000000007,4097,512,spread,sparse,1299,1298,1324,1,3,0,0,,
pow_threshold,1000000007,4097,512,spread,dense,14750,14700,14785,1,3,194,8724490,2:3/2;1024:30/18;2048:30/18;4096:30/18;8192:30/15,469762049@1024:10/6;469762049@2048:10/6;469762049@4096:10/6;469762049@8192:10/5;1000000007@2:3/2;1811939329@1024:10/6;1811939329@2048:10/6;1811939329@4096:10/6;1811939329@8192:10/5;2013265921@1024:10/6;2013265921@2048:10/6;2013265921@4096:10/6;2013265921@8192:10/5
pow_threshold,1000000007,4097,512,spread,selected,1300,1298,1302,1,3,0,0,,
sqrt_threshold,1000000007,4097,512,spread,sparse,1332,1300,1332,1,3,0,0,,
sqrt_threshold,1000000007,4097,512,spread,dense,11228,11143,11449,1,3,241,6396014,2:33/22;1024:42/27;2048:33/21;4096:24/15;8192:15/9,469762049@1024:14/9;469762049@2048:11/7;469762049@4096:8/5;469762049@8192:5/3;1000000007@2:33/22;1811939329@1024:14/9;1811939329@2048:11/7;1811939329@4096:8/5;1811939329@8192:5/3;2013265921@1024:14/9;2013265921@2048:11/7;2013265921@4096:8/5;2013265921@8192:5/3
sqrt_threshold,1000000007,4097,512,spread,selected,1350,1349,1382,1,3,0,0,,
inv_threshold,1000000007,4097,800,spread,sparse,1001,963,1008,2,3,0,0,,
inv_threshold,1000000007,4097,800,spread,dense,7180,7122,7486,1,3,56,4595722,2:3/2;1024:3/3;2048:3/3;4096:9/6;8192:9/6;16384:6/3,469762049@1024:1/1;469762049@2048:1/1;469762049@4096:3/2;469762049@8192:3/2;469762049@16384:2/1;1000000007@2:3/2;1811939329@1024:1/1;1811939329@2048:1/1;1811939329@4096:3/2;1811939329@8192:3/2;1811939329@16384:2/1;2013265921@1024:1/1;2013265921@2048:1/1;2013265921@4096:3/2;2013265921@8192:3/2;2013265921@16384:2/1
inv_threshold,1000000007,4097,800,spread,selected,968.5,966,1002.5,2,3,0,0,,
div_threshold,1000000007,4097,800,spread,sparse,991.5,988.5,1038,2,3,0,0,,
div_threshold,1000000007,4097,800,spread,dense,9464,9390,9852,1,3,65,6660106,2:3/2;1024:3/3;2048:3/3;4096:9/6;8192:9/6;16384:12/6,469762049@1024:1/1;469762049@2048:1/1;469762049@4096:3/2;469762049@8192:3/2;469762049@16384:4/2;1000000007@2:3/2;1811939329@1024:1/1;1811939329@2048:1/1;1811939329@4096:3/2;1811939329@8192:3/2;1811939329@16384:4/2;2013265921@1024:1/1;2013265921@2048:1/1;2013265921@4096:3/2;2013265921@8192:3/2;2013265921@16384:4/2
div_threshold,1000000007,4097,800,spread,selected,994,992,997,1,3,0,0,,
exp_threshold,1000000007,4097,800,spread,sparse,1008,994,1008,2,3,0,0,,
exp_threshold,1000000007,4097,800,spread,dense,9715,9707,9848,1,3,135,6021120,1024:21/12;2048:21/12;4096:27/15;8192:18/9,469762049@1024:7/4;469762049@2048:7/4;469762049@4096:9/5;469762049@8192:6/3;1811939329@1024:7/4;1811939329@2048:7/4;1811939329@4096:9/5;1811939329@8192:6/3;2013265921@1024:7/4;2013265921@2048:7/4;2013265921@4096:9/5;2013265921@8192:6/3
exp_threshold,1000000007,4097,800,spread,selected,996,996,1047,1,3,0,0,,
pow_threshold,1000000007,4097,800,spread,sparse,2080,2033,2117,1,3,0,0,,
pow_threshold,1000000007,4097,800,spread,dense,14787,14761,14812,1,3,203,9166858,2:3/2;1024:30/18;2048:30/18;4096:36/21;8192:30/15,469762049@1024:10/6;469762049@2048:10/6;469762049@4096:12/7;469762049@8192:10/5;1000000007@2:3/2;1811939329@1024:10/6;1811939329@2048:10/6;1811939329@4096:12/7;1811939329@8192:10/5;2013265921@1024:10/6;2013265921@2048:10/6;2013265921@4096:12/7;2013265921@8192:10/5
pow_threshold,1000000007,4097,800,spread,selected,2057,2018,2210,1,3,0,0,,
sqrt_threshold,1000000007,4097,800,spread,sparse,1953,1949,1965,1,3,0,0,,
sqrt_threshold,1000000007,4097,800,spread,dense,10953,10946,10956,1,3,241,6396014,2:33/22;1024:42/27;2048:33/21;4096:24/15;8192:15/9,469762049@1024:14/9;469762049@2048:11/7;469762049@4096:8/5;469762049@8192:5/3;1000000007@2:33/22;1811939329@1024:14/9;1811939329@2048:11/7;1811939329@4096:8/5;1811939329@8192:5/3;2013265921@1024:14/9;2013265921@2048:11/7;2013265921@4096:8/5;2013265921@8192:5/3
sqrt_threshold,1000000007,4097,800,spread,selected,1955,1947,1955,1,3,0,0,,
inv_threshold,1000000007,4097,1300,spread,sparse,1558,1557,1607,1,3,0,0,,
inv_threshold,1000000007,4097,1300,spread,dense,7358,7350,7370,1,3,65,4798474,2:3/2;1024:3/3;2048:9/6;4096:9/6;8192:9/6;16384:6/3,469762049@1024:1/1;469762049@2048:3/2;469762049@4096:3/2;469762049@8192:3/2;469762049@16384:2/1;1000000007@2:3/2;1811939329@1024:1/1;1811939329@2048:3/2;1811939329@4096:3/2;1811939329@8192:3/2;1811939329@16384:2/1;2013265921@1024:1/1;2013265921@2048:3/2;2013265921@4096:3/2;2013265921@8192:3/2;2013265921@16384:2/1
inv_threshold,1000000007,4097,1300,spread,selected,1561,1559,1563,1,3,0,0,,
div_threshold,1000000007,4097,1300,spread,sparse,1557,1557,1566,1,3,0,0,,
div_threshold,1000000007,4097,1300,spread,dense,9600,9571,9635,1,3,74,6862858,2:3/2;1024:3/3;2048:9/6;4096:9/6;8192:9/6;16384:12/6,469762049@1024:1/1;469762049@2048:3/2;469762049@4096:3/2;469762049@8192:3/2;469762049@16384:4/2;1000000007@2:3/2;1811939329@1024:1/1;1811939329@2048:3/2;1811939329@4096:3/2;1811939329@8192:3/2;1811939329@16384:4/2;2013265921@1024:1/1;2013265921@2048:3/2;2013265921@4096:3/2;2013265921@8192:3/2;2013265921@16384:4/2
div_threshold,1000000007,4097,1300,spread,selected,1560,1560,1585,1,3,0,0,,
exp_threshold,1000000007,4097,1300,spread,sparse,1605,1604,1607,1,3,0,0,,
exp_threshold,1000000007,4097,1300,spread,dense,9915,9909,9918,1,3,144,6223872,1024:21/12;2048:27/15;4096:27/15;8192:18/9,469762049@1024:7/4;469762049@2048:9/5;469762049@4096:9/5;469762049@8192:6/3;1811939329@1024:7/4;1811939329@2048:9/5;1811939329@4096:9/5;1811939329@8192:6/3;2013265921@1024:7/4;2013265921@2048:9/5;2013265921@4096:9/5;2013265921@8192:6/3
exp_threshold,1000000007,4097,1300,spread,selected,1611,1607,1650,1,3,0,0,,
pow_threshold,1000000007,4097,1300,spread,sparse,3139,3139,3150,1,3,0,0,,
pow_threshold,1000000007,4097,1300,spread,dense,14958,14940,14990,1,3,212,9369610,2:3/2;1024:30/18;2048:36/21;4096:36/21;8192:30/15,469762049@1024:10/6;469762049@2048:12/7;469762049@4096:12/7;469762049@8192:10/5;1000000007@2:3/2;1811939329@1024:10/6;1811939329@2048:12/7;1811939329@4096:12/7;1811939329@8192:10/5;2013265921@1024:10/6;2013265921@2048:12/7;2013265921@4096:12/7;2013265921@8192:10/5
pow_threshold,1000000007,4097,1300,spread,selected,3144,3129,3175,1,3,0,0,,
sqrt_threshold,1000000007,4097,1300,spread,sparse,3146,3141,3168,1,3,0,0,,
sqrt_threshold,1000000007,4097,1300,spread,dense,10912,10893,10938,1,3,241,6396014,2:33/22;1024:42/27;2048:33/21;4096:24/15;8192:15/9,469762049@1024:14/9;469762049@2048:11/7;469762049@4096:8/5;469762049@8192:5/3;1000000007@2:33/22;1811939329@1024:14/9;1811939329@2048:11/7;1811939329@4096:8/5;1811939329@8192:5/3;2013265921@1024:14/9;2013265921@2048:11/7;2013265921@4096:8/5;2013265921@8192:5/3
sqrt_threshold,1000000007,4097,1300,spread,selected,3152,3130,3156,1,3,0,0,,
inv_threshold,1000000007,4097,1600,spread,sparse,1984,1977,2288,1,3,0,0,,
inv_threshold,1000000007,4097,1600,spread,dense,7451,7423,7495,1,3,65,4798474,2:3/2;1024:3/3;2048:9/6;4096:9/6;8192:9/6;16384:6/3,469762049@1024:1/1;469762049@2048:3/2;469762049@4096:3/2;469762049@8192:3/2;469762049@16384:2/1;1000000007@2:3/2;1811939329@1024:1/1;1811939329@2048:3/2;1811939329@4096:3/2;1811939329@8192:3/2;1811939329@16384:2/1;2013265921@1024:1/1;2013265921@2048:3/2;2013265921@4096:3/2;2013265921@8192:3/2;2013265921@16384:2/1
inv_threshold,1000000007,4097,1600,spread,selected,2025,2018,2363,1,3,0,0,,
div_threshold,1000000007,4097,1600,spread,sparse,1992,1984,2039,1,3,0,0,,
div_threshold,1000000007,4097,1600,spread,dense,9677,9673,9738,1,3,74,6862858,2:3/2;1024:3/3;2048:9/6;4096:9/6;8192:9/6;16384:12/6,469762049@1024:1/1;469762049@2048:3/2;469762049@4096:3/2;469762049@8192:3/2;469762049@16384:4/2;1000000007@2:3/2;1811939329@1024:1/1;1811939329@2048:3/2;1811939329@4096:3/2;1811939329@8192:3/2;1811939329@16384:4/2;2013265921@1024:1/1;2013265921@2048:3/2;2013265921@4096:3/2;2013265921@8192:3/2;2013265921@16384:4/2
div_threshold,1000000007,4097,1600,spread,selected,1997,1988,2006,1,3,0,0,,
exp_threshold,1000000007,4097,1600,spread,sparse,2019,1987,2019,1,3,0,0,,
exp_threshold,1000000007,4097,1600,spread,dense,10023,9937,10079,1,3,144,6223872,1024:21/12;2048:27/15;4096:27/15;8192:18/9,469762049@1024:7/4;469762049@2048:9/5;469762049@4096:9/5;469762049@8192:6/3;1811939329@1024:7/4;1811939329@2048:9/5;1811939329@4096:9/5;1811939329@8192:6/3;2013265921@1024:7/4;2013265921@2048:9/5;2013265921@4096:9/5;2013265921@8192:6/3
exp_threshold,1000000007,4097,1600,spread,selected,1998,1993,2003,1,3,0,0,,
pow_threshold,1000000007,4097,1600,spread,sparse,3882,3882,3882,1,3,0,0,,
pow_threshold,1000000007,4097,1600,spread,dense,14972,14967,15003,1,3,212,9369610,2:3/2;1024:30/18;2048:36/21;4096:36/21;8192:30/15,469762049@1024:10/6;469762049@2048:12/7;469762049@4096:12/7;469762049@8192:10/5;1000000007@2:3/2;1811939329@1024:10/6;1811939329@2048:12/7;1811939329@4096:12/7;1811939329@8192:10/5;2013265921@1024:10/6;2013265921@2048:12/7;2013265921@4096:12/7;2013265921@8192:10/5
pow_threshold,1000000007,4097,1600,spread,selected,3908,3884,3941,1,3,0,0,,
sqrt_threshold,1000000007,4097,1600,spread,sparse,3887,3878,3900,1,3,0,0,,
sqrt_threshold,1000000007,4097,1600,spread,dense,10927,10926,10936,1,3,241,6396014,2:33/22;1024:42/27;2048:33/21;4096:24/15;8192:15/9,469762049@1024:14/9;469762049@2048:11/7;469762049@4096:8/5;469762049@8192:5/3;1000000007@2:33/22;1811939329@1024:14/9;1811939329@2048:11/7;1811939329@4096:8/5;1811939329@8192:5/3;2013265921@1024:14/9;2013265921@2048:11/7;2013265921@4096:8/5;2013265921@8192:5/3
sqrt_threshold,1000000007,4097,1600,spread,selected,3884,3883,3906,1,3,0,0,,
inv_threshold,1000000007,4097,2000,spread,sparse,2448,2444,2472,1,3,0,0,,
inv_threshold,1000000007,4097,2000,spread,dense,7405,7375,7429,1,3,65,4798474,2:3/2;1024:3/3;2048:9/6;4096:9/6;8192:9/6;16384:6/3,469762049@1024:1/1;469762049@2048:3/2;469762049@4096:3/2;469762049@8192:3/2;469762049@16384:2/1;1000000007@2:3/2;1811939329@1024:1/1;1811939329@2048:3/2;1811939329@4096:3/2;1811939329@8192:3/2;1811939329@16384:2/1;2013265921@1024:1/1;2013265921@2048:3/2;2013265921@4096:3/2;2013265921@8192:3/2;2013265921@16384:2/1
inv_threshold,1000000007,4097,2000,spread,selected,2448,2448,2450,1,3,0,0,,
div_threshold,1000000007,4097,2000,spread,sparse,2462,2457,2473,1,3,0,0,,
div_threshold,1000000007,4097,2000,spread,dense,9673,9624,9685,1,3,74,6862858,2:3/2;1024:3/3;2048:9/6;4096:9/6;8192:9/6;16384:12/6,469762049@1024:1/1;469762049@2048:3/2;469762049@4096:3/2;469762049@8192:3/2;469762049@16384:4/2;1000000007@2:3/2;1811939329@1024:1/1;1811939329@2048:3/2;1811939329@4096:3/2;1811939329@8192:3/2;1811939329@16384:4/2;2013265921@1024:1/1;2013265921@2048:3/2;2013265921@4096:3/2;2013265921@8192:3/2;2013265921@16384:4/2
div_threshold,1000000007,4097,2000,spread,selected,2454,2451,2459,1,3,0,0,,
exp_threshold,1000000007,4097,2000,spread,sparse,2450,2449,2451,1,3,0,0,,
exp_threshold,1000000007,4097,2000,spread,dense,9973,9961,9980,1,3,144,6223872,1024:21/12;2048:27/15;4096:27/15;8192:18/9,469762049@1024:7/4;469762049@2048:9/5;469762049@4096:9/5;469762049@8192:6/3;1811939329@1024:7/4;1811939329@2048:9/5;1811939329@4096:9/5;1811939329@8192:6/3;2013265921@1024:7/4;2013265921@2048:9/5;2013265921@4096:9/5;2013265921@8192:6/3
exp_threshold,1000000007,4097,2000,spread,selected,2454,2453,2456,1,3,0,0,,
pow_threshold,1000000007,4097,2000,spread,sparse,4805,4789,4821,1,3,0,0,,
pow_threshold,1000000007,4097,2000,spread,dense,15019,14988,15020,1,3,212,9369610,2:3/2;1024:30/18;2048:36/21;4096:36/21;8192:30/15,469762049@1024:10/6;469762049@2048:12/7;469762049@4096:12/7;469762049@8192:10/5;1000000007@2:3/2;1811939329@1024:10/6;1811939329@2048:12/7;1811939329@4096:12/7;1811939329@8192:10/5;2013265921@1024:10/6;2013265921@2048:12/7;2013265921@4096:12/7;2013265921@8192:10/5
pow_threshold,1000000007,4097,2000,spread,selected,4795,4794,4815,1,3,0,0,,
sqrt_threshold,1000000007,4097,2000,spread,sparse,4967,4842,4969,1,3,0,0,,
sqrt_threshold,1000000007,4097,2000,spread,dense,10933,10918,10943,1,3,241,6396014,2:33/22;1024:42/27;2048:33/21;4096:24/15;8192:15/9,469762049@1024:14/9;469762049@2048:11/7;469762049@4096:8/5;469762049@8192:5/3;1000000007@2:33/22;1811939329@1024:14/9;1811939329@2048:11/7;1811939329@4096:8/5;1811939329@8192:5/3;2013265921@1024:14/9;2013265921@2048:11/7;2013265921@4096:8/5;2013265921@8192:5/3
sqrt_threshold,1000000007,4097,2000,spread,selected,4976,4975,5008,1,3,0,0,,
inv_threshold,1000000007,4097,2500,spread,sparse,3071,3054,3073,1,3,0,0,,
inv_threshold,1000000007,4097,2500,spread,dense,7466,7444,7489,1,3,74,4890634,2:3/2;1024:9/6;2048:9/6;4096:9/6;8192:9/6;16384:6/3,469762049@1024:3/2;469762049@2048:3/2;469762049@4096:3/2;469762049@8192:3/2;469762049@16384:2/1;1000000007@2:3/2;1811939329@1024:3/2;1811939329@2048:3/2;1811939329@4096:3/2;1811939329@8192:3/2;1811939329@16384:2/1;2013265921@1024:3/2;2013265921@2048:3/2;2013265921@4096:3/2;2013265921@8192:3/2;2013265921@16384:2/1
inv_threshold,1000000007,4097,2500,spread,selected,3060,3009,3110,1,3,0,0,,
div_threshold,1000000007,4097,2500,spread,sparse,3074,3054,3075,1,3,0,0,,
div_threshold,1000000007,4097,2500,spread,dense,9709,9708,9720,1,3,83,6955018,2:3/2;1024:9/6;2048:9/6;4096:9/6;8192:9/6;16384:12/6,469762049@1024:3/2;469762049@2048:3/2;469762049@4096:3/2;469762049@8192:3/2;469762049@16384:4/2;1000000007@2:3/2;1811939329@1024:3/2;1811939329@2048:3/2;1811939329@4096:3/2;1811939329@8192:3/2;1811939329@16384:4/2;2013265921@1024:3/2;2013265921@2048:3/2;2013265921@4096:3/2;2013265921@8192:3/2;2013265921@16384:4/2
div_threshold,1000000007,4097,2500,spread,selected,3072,3056,3079,1,3,0,0,,
exp_threshold,1000000007,4097,2500,spread,sparse,3059,3059,3066,1,3,0,0,,
exp_threshold,1000000007,4097,2500,spread,dense,10035,10024,10042,1,3,153,6316032,1024:27/15;2048:27/15;4096:27/15;8192:18/9,469762049@1024:9/5;469762049@2048:9/5;469762049@4096:9/5;469762049@8192:6/3;1811939329@1024:9/5;1811939329@2048:9/5;1811939329@4096:9/5;1811939329@8192:6/3;2013265921@1024:9/5;2013265921@2048:9/5;2013265921@4096:9/5;2013265921@8192:6/3
exp_threshold,1000000007,4097,2500,spread,selected,3075,3064,3103,1,3,0,0,,
pow_threshold,1000000007,4097,2500,spread,sparse,5979,5978,6009,1,3,0,0,,
pow_threshold,1000000007,4097,2500,spread,dense,15033,15032,15049,1,3,221,9461770,2:3/2;1024:36/21;2048:36/21;4096:36/21;8192:30/15,469762049@1024:12/7;469762049@2048:12/7;469762049@4096:12/7;469762049@8192:10/5;1000000007@2:3/2;1811939329@1024:12/7;1811939329@2048:12/7;1811939329@4096:12/7;1811939329@8192:10/5;2013265921@1024:12/7;2013265921@2048:12/7;2013265921@4096:12/7;2013265921@8192:10/5
pow_threshold,1000000007,4097,2500,spread,selected,6010,5985,6029,1,3,0,0,,
sqrt_threshold,1000000007,4097,2500,spread,sparse,5978,5973,6002,1,3,0,0,,
sqrt_threshold,1000000007,4097,2500,spread,dense,10925,10920,10935,1,3,241,6396014,2:33/22;1024:42/27;2048:33/21;4096:24/15;8192:15/9,469762049@1024:14/9;469762049@2048:11/7;469762049@4096:8/5;469762049@8192:5/3;1000000007@2:33/22;1811939329@1024:14/9;1811939329@2048:11/7;1811939329@4096:8/5;1811939329@8192:5/3;2013265921@1024:14/9;2013265921@2048:11/7;2013265921@4096:8/5;2013265921@8192:5/3
sqrt_threshold,1000000007,4097,2500,spread,selected,6024,5997,6025,1,3,0,0,,
inv_threshold,1000000007,4097,3000,spread,sparse,3670,3569,3690,1,3,0,0,,
inv_threshold,1000000007,4097,3000,spread,dense,7440,7428,7498,1,3,74,4890634,2:3/2;1024:9/6;2048:9/6;4096:9/6;8192:9/6;16384:6/3,469762049@1024:3/2;469762049@2048:3/2;469762049@4096:3/2;469762049@8192:3/2;469762049@16384:2/1;1000000007@2:3/2;1811939329@1024:3/2;1811939329@2048:3/2;1811939329@4096:3/2;1811939329@8192:3/2;1811939329@16384:2/1;2013265921@1024:3/2;2013265921@2048:3/2;2013265921@4096:3/2;2013265921@8192:3/2;2013265921@16384:2/1
inv_threshold,1000000007,4097,3000,spread,selected,3719,3702,3725,1,3,0,0,,
div_threshold,1000000007,4097,3000,spread,sparse,3586,3584,3598,1,3,0,0,,
div_threshold,1000000007,4097,3000,spread,dense,9735,9694,9795,1,3,83,6955018,2:3/2;1024:9/6;2048:9/6;4096:9/6;8192:9/6;16384:12/6,469762049@1024:3/2;469762049@2048:3/2;469762049@4096:3/2;469762049@8192:3/2;469762049@16384:4/2;1000000007@2:3/2;1811939329@1024:3/2;1811939329@2048:3/2;1811939329@4096:3/2;1811939329@8192:3/2;1811939329@16384:4/2;2013265921@1024:3/2;2013265921@2048:3/2;2013265921@4096:3/2;2013265921@8192:3/2;2013265921@16384:4/2
div_threshold,1000000007,4097,3000,spread,selected,3594,3584,3601,1,3,0,0,,
exp_threshold,1000000007,4097,3000,spread,sparse,3691,3685,3695,1,3,0,0,,
exp_threshold,1000000007,4097,3000,spread,dense,10038,10025,10047,1,3,153,6316032,1024:27/15;2048:27/15;4096:27/15;8192:18/9,469762049@1024:9/5;469762049@2048:9/5;469762049@4096:9/5;469762049@8192:6/3;1811939329@1024:9/5;1811939329@2048:9/5;1811939329@4096:9/5;1811939329@8192:6/3;2013265921@1024:9/5;2013265921@2048:9/5;2013265921@4096:9/5;2013265921@8192:6/3
exp_threshold,1000000007,4097,3000,spread,selected,3675,3675,3681,1,3,0,0,,
pow_threshold,1000000007,4097,3000,spread,sparse,7219,7190,7231,1,3,0,0,,
pow_threshold,1000000007,4097,3000,spread,dense,15053,15026,15057,1,3,221,9461770,2:3/2;1024:36/21;2048:36/21;4096:36/21;8192:30/15,469762049@1024:12/7;469762049@2048:12/7;469762049@4096:12/7;469762049@8192:10/5;1000000007@2:3/2;1811939329@1024:12/7;1811939329@2048:12/7;1811939329@4096:12/7;1811939329@8192:10/5;2013265921@1024:12/7;2013265921@2048:12/7;2013265921@4096:12/7;2013265921@8192:10/5
pow_threshold,1000000007,4097,3000,spread,selected,7203,7188,7207,1,3,0,0,,
sqrt_threshold,1000000007,4097,3000,spread,sparse,7220,7154,7227,1,3,0,0,,
sqrt_threshold,1000000007,4097,3000,spread,dense,10931,10915,10941,1,3,241,6396014,2:33/22;1024:42/27;2048:33/21;4096:24/15;8192:15/9,469762049@1024:14/9;469762049@2048:11/7;469762049@4096:8/5;469762049@8192:5/3;1000000007@2:33/22;1811939329@1024:14/9;1811939329@2048:11/7;1811939329@4096:8/5;1811939329@8192:5/3;2013265921@1024:14/9;2013265921@2048:11/7;2013265921@4096:8/5;2013265921@8192:5/3
sqrt_threshold,1000000007,4097,3000,spread,selected,7216,7192,7245,1,3,0,0,,
inv_threshold,1000000007,4097,512,suffix,sparse,91.7143,91.5238,91.8571,21,3,0,0,,
inv_threshold,1000000007,4097,512,suffix,dense,4.41406,4.40625,4.41406,128,3,0,0,,
inv_threshold,1000000007,4097,512,suffix,selected,4.41406,4.40625,4.41406,128,3,0,0,,
div_threshold,1000000007,4097,512,suffix,sparse,89.3636,89.3182,90.3636,22,3,0,0,,
div_threshold,1000000007,4097,512,suffix,dense,2249,2249,2294,1,3,9,2064384,16384:6/3,469762049@16384:2/1;1811939329@16384:2/1;2013265921@16384:2/1
div_threshold,1000000007,4097,512,suffix,selected,91.7143,91.5238,91.7619,21,3,0,0,,
exp_threshold,1000000007,4097,512,suffix,sparse,101.15,101.15,102.75,20,3,0,0,,
exp_threshold,1000000007,4097,512,suffix,dense,1.55469,1.54688,1.5625,128,3,0,0,,
exp_threshold,1000000007,4097,512,suffix,selected,1.55469,1.54688,1.55469,128,3,0,0,,
pow_threshold,1000000007,4097,512,suffix,sparse,190.8,190.8,193.6,10,3,0,0,,
pow_threshold,1000000007,4097,512,suffix,dense,6.52344,6.51562,6.54688,128,3,0,0,,
pow_threshold,1000000007,4097,512,suffix,selected,6.53125,6.52344,6.6875,128,3,0,0,,
sqrt_threshold,1000000007,4097,512,suffix,sparse,191.5,191.2,193.9,10,3,0,0,,
sqrt_threshold,1000000007,4097,512,suffix,dense,7.01562,6.97656,7.04688,128,3,0,0,,
sqrt_threshold,1000000007,4097,512,suffix,selected,7,6.97656,7.02344,128,3,0,0,,
inv_threshold,1000000007,4097,800,suffix,sparse,208.444,208.222,208.556,9,3,0,0,,
inv_threshold,1000000007,4097,800,suffix,dense,4.34375,4.34375,4.35938,128,3,0,0,,
inv_threshold,1000000007,4097,800,suffix,selected,4.33594,4.32031,4.34375,128,3,0,0,,
div_threshold,1000000007,4097,800,suffix,sparse,203.778,203.778,204.222,9,3,0,0,,
div_threshold,1000000007,4097,800,suffix,dense,2270,2251,2437,1,3,9,2064384,16384:6/3,469762049@16384:2/1;1811939329@16384:2/1;2013265921@16384:2/1
div_threshold,1000000007,4097,800,suffix,selected,206.889,205.889,209.333,9,3,0,0,,
exp_threshold,1000000007,4097,800,suffix,sparse,218.111,217.444,220,9,3,0,0,,
exp_threshold,1000000007,4097,800,suffix,dense,1.49219,1.48438,1.5,128,3,0,0,,
exp_threshold,1000000007,4097,800,suffix,selected,1.48438,1.47656,1.48438,128,3,0,0,,
pow_threshold,1000000007,4097,800,suffix,sparse,459,457.25,461.5,4,3,0,0,,
pow_threshold,1000000007,4097,800,suffix,dense,6.50781,6.46875,6.50781,128,3,0,0,,
pow_threshold,1000000007,4097,800,suffix,selected,6.50781,6.49219,6.89062,128,3,0,0,,
sqrt_threshold,1000000007,4097,800,suffix,sparse,457.75,442.25,467.25,4,3,0,0,,
sqrt_threshold,1000000007,4097,800,suffix,dense,6.94531,6.91406,6.97656,128,3,0,0,,
sqrt_threshold,1000000007,4097,800,suffix,selected,6.92188,6.91406,6.9375,128,3,0,0,,
inv_threshold,1000000007,4097,1300,suffix,sparse,533.333,529.333,539.333,3,3,0,0,,
inv_threshold,1000000007,4097,1300,suffix,dense,4.20312,4.19531,4.21875,128,3,0,0,,
inv_threshold,1000000007,4097,1300,suffix,selected,4.17969,4.17188,4.20312,128,3,0,0,,
div_threshold,1000000007,4097,1300,suffix,sparse,527,524.667,529.333,3,3,0,0,,
div_threshold,1000000007,4097,1300,suffix,dense,2252,2244,2258,1,3,9,2064384,16384:6/3,469762049@16384:2/1;1811939329@16384:2/1;2013265921@16384:2/1
div_threshold,1000000007,4097,1300,suffix,selected,522,522,522,3,3,0,0,,
exp_threshold,1000000007,4097,1300,suffix,sparse,536.667,528.667,536.667,3,3,0,0,,
exp_threshold,1000000007,4097,1300,suffix,dense,1.34375,1.33594,1.35938,128,3,0,0,,
exp_threshold,1000000007,4097,1300,suffix,selected,1.34375,1.34375,1.35156,128,3,0,0,,
pow_threshold,1000000007,4097,1300,suffix,sparse,1036,1034,1116,1,3,0,0,,
pow_threshold,1000000007,4097,1300,suffix,dense,6.36719,6.30469,6.38281,128,3,0,0,,
pow_threshold,1000000007,4097,1300,suffix,selected,6.36719,6.29688,6.46875,128,3,0,0,,
sqrt_threshold,1000000007,4097,1300,suffix,sparse,1034,1034,1035,1,3,0,0,,
sqrt_threshold,1000000007,4097,1300,suffix,dense,6.80469,6.79688,6.8125,128,3,0,0,,
sqrt_threshold,1000000007,4097,1300,suffix,selected,6.86719,6.78906,6.91406,128,3,0,0,,
inv_threshold,1000000007,4097,1600,suffix,sparse,800,792,806.5,2,3,0,0,,
inv_threshold,1000000007,4097,1600,suffix,dense,4.10938,4.10938,4.125,128,3,0,0,,
inv_threshold,1000000007,4097,1600,suffix,selected,4.11719,4.10938,4.13281,128,3,0,0,,
div_threshold,1000000007,4097,1600,suffix,sparse,780.5,780.5,780.5,2,3,0,0,,
div_threshold,1000000007,4097,1600,suffix,dense,2258,2243,2270,1,3,9,2064384,16384:6/3,469762049@16384:2/1;1811939329@16384:2/1;2013265921@16384:2/1
div_threshold,1000000007,4097,1600,suffix,selected,782.5,782.5,789,2,3,0,0,,
exp_threshold,1000000007,4097,1600,suffix,sparse,802.5,787,826,2,3,0,0,,
exp_threshold,1000000007,4097,1600,suffix,dense,1.27344,1.26562,1.27344,128,3,0,0,,
exp_threshold,1000000007,4097,1600,suffix,selected,1.27344,1.26562,1.27344,128,3,0,0,,
pow_threshold,1000000007,4097,1600,suffix,sparse,1544,1543,1559,1,3,0,0,,
pow_threshold,1000000007,4097,1600,suffix,dense,6.28906,6.28125,6.53125,128,3,0,0,,
pow_threshold,1000000007,4097,1600,suffix,selected,6.28906,6.28125,6.30469,128,3,0,0,,
sqrt_threshold,1000000007,4097,1600,suffix,sparse,1544,1544,1545,1,3,0,0,,
sqrt_threshold,1000000007,4097,1600,suffix,dense,6.76562,6.75781,6.76562,128,3,0,0,,
sqrt_threshold,1000000007,4097,1600,suffix,selected,6.74219,6.71094,6.75781,128,3,0,0,,
inv_threshold,1000000007,4097,2000,suffix,sparse,1226,1207,1228,1,3,0,0,,
inv_threshold,1000000007,4097,2000,suffix,dense,4.00781,4,4.00781,128,3,0,0,,
inv_threshold,1000000007,4097,2000,suffix,selected,4,4,4.00781,128,3,0,0,,
div_threshold,1000000007,4097,2000,suffix,sparse,1212,1211,1213,1,3,0,0,,
div_threshold,1000000007,4097,2000,suffix,dense,2249,2248,2298,1,3,9,2064384,16384:6/3,469762049@16384:2/1;1811939329@16384:2/1;2013265921@16384:2/1
div_threshold,1000000007,4097,2000,suffix,selected,1214,1214,1233,1,3,0,0,,
exp_threshold,1000000007,4097,2000,suffix,sparse,1217,1216,1234,1,3,0,0,,
exp_threshold,1000000007,4097,2000,suffix,dense,1.15625,1.15625,1.15625,128,3,0,0,,
exp_threshold,1000000007,4097,2000,suffix,selected,1.15625,1.15625,1.16406,128,3,0,0,,
pow_threshold,1000000007,4097,2000,suffix,sparse,2385,2385,2434,1,3,0,0,,
pow_threshold,1000000007,4097,2000,suffix,dense,6.17188,6.17188,6.21094,128,3,0,0,,
pow_threshold,1000000007,4097,2000,suffix,selected,6.21094,6.17969,6.24219,128,3,0,0,,
sqrt_threshold,1000000007,4097,2000,suffix,sparse,2387,2385,2407,1,3,0,0,,
sqrt_threshold,1000000007,4097,2000,suffix,dense,6.66406,6.65625,6.67969,128,3,0,0,,
sqrt_threshold,1000000007,4097,2000,suffix,selected,6.66406,6.65625,6.66406,128,3,0,0,,
inv_threshold,1000000007,4097,2500,suffix,sparse,1898,1897,1918,1,3,0,0,,
inv_threshold,1000000007,4097,2500,suffix,dense,253.429,253.286,256.571,7,3,6,135168,2048:3/3,469762049@2048:1/1;1811939329@2048:1/1;2013265921@2048:1/1
inv_threshold,1000000007,4097,2500,suffix,selected,253.143,253.143,253.714,7,3,6,135168,2048:3/3,469762049@2048:1/1;1811939329@2048:1/1;2013265921@2048:1/1
div_threshold,1000000007,4097,2500,suffix,sparse,1885,1885,1890,1,3,0,0,,
div_threshold,1000000007,4097,2500,suffix,dense,2498,2497,2502,1,3,15,2199552,2048:3/3;16384:6/3,469762049@2048:1/1;469762049@16384:2/1;1811939329@2048:1/1;1811939329@16384:2/1;2013265921@2048:1/1;2013265921@16384:2/1
div_threshold,1000000007,4097,2500,suffix,selected,1887,1887,1915,1,3,0,0,,
exp_threshold,1000000007,4097,2500,suffix,sparse,1904,1904,1904,1,3,0,0,,
exp_threshold,1000000007,4097,2500,suffix,dense,6829,6815,6834,1,3,60,4497408,4096:21/12;8192:18/9,469762049@4096:7/4;469762049@8192:6/3;1811939329@4096:7/4;1811939329@8192:6/3;2013265921@4096:7/4;2013265921@8192:6/3
exp_threshold,1000000007,4097,2500,suffix,selected,1944,1907,1963,1,3,0,0,,
pow_threshold,1000000007,4097,2500,suffix,sparse,3696,3696,3723,1,3,0,0,,
pow_threshold,1000000007,4097,2500,suffix,dense,256,255.857,256,7,3,6,135168,2048:3/3,469762049@2048:1/1;1811939329@2048:1/1;2013265921@2048:1/1
pow_threshold,1000000007,4097,2500,suffix,selected,255.714,255.714,258.571,7,3,6,135168,2048:3/3,469762049@2048:1/1;1811939329@2048:1/1;2013265921@2048:1/1
sqrt_threshold,1000000007,4097,2500,suffix,sparse,3726,3700,3730,1,3,0,0,,
sqrt_threshold,1000000007,4097,2500,suffix,dense,256.143,255.857,256.429,7,3,6,135168,2048:3/3,469762049@2048:1/1;1811939329@2048:1/1;2013265921@2048:1/1
sqrt_threshold,1000000007,4097,2500,suffix,selected,256.286,256,259.714,7,3,6,135168,2048:3/3,469762049@2048:1/1;1811939329@2048:1/1;2013265921@2048:1/1
inv_threshold,1000000007,4097,3000,suffix,sparse,2715,2654,2717,1,3,0,0,,
inv_threshold,1000000007,4097,3000,suffix,dense,5826,5825,5830,1,3,35,3956746,2:3/2;4096:3/3;8192:9/6;16384:6/3,469762049@4096:1/1;469762049@8192:3/2;469762049@16384:2/1;1000000007@2:3/2;1811939329@4096:1/1;1811939329@8192:3/2;1811939329@16384:2/1;2013265921@4096:1/1;2013265921@8192:3/2;2013265921@16384:2/1
inv_threshold,1000000007,4097,3000,suffix,selected,2756,2718,2791,1,3,0,0,,
div_threshold,1000000007,4097,3000,suffix,sparse,2707,2706,2741,1,3,0,0,,
div_threshold,1000000007,4097,3000,suffix,dense,8070,8069,8128,1,3,44,6021130,2:3/2;4096:3/3;8192:9/6;16384:12/6,469762049@4096:1/1;469762049@8192:3/2;469762049@16384:4/2;1000000007@2:3/2;1811939329@4096:1/1;1811939329@8192:3/2;1811939329@16384:4/2;2013265921@4096:1/1;2013265921@8192:3/2;2013265921@16384:4/2
div_threshold,1000000007,4097,3000,suffix,selected,2715,2710,2728,1,3,0,0,,
exp_threshold,1000000007,4097,3000,suffix,sparse,2724,2720,2782,1,3,0,0,,
exp_threshold,1000000007,4097,3000,suffix,dense,6822,6822,6841,1,3,60,4497408,4096:21/12;8192:18/9,469762049@4096:7/4;469762049@8192:6/3;1811939329@4096:7/4;1811939329@8192:6/3;2013265921@4096:7/4;2013265921@8192:6/3
exp_threshold,1000000007,4097,3000,suffix,selected,2743,2723,2746,1,3,0,0,,
pow_threshold,1000000007,4097,3000,suffix,sparse,5309,5293,5347,1,3,0,0,,
pow_threshold,1000000007,4097,3000,suffix,dense,10277,10266,10339,1,3,89,6709258,2:3/2;4096:24/15;8192:30/15,469762049@4096:8/5;469762049@8192:10/5;1000000007@2:3/2;1811939329@4096:8/5;1811939329@8192:10/5;2013265921@4096:8/5;2013265921@8192:10/5
pow_threshold,1000000007,4097,3000,suffix,selected,5313,5303,5445,1,3,0,0,,
sqrt_threshold,1000000007,4097,3000,suffix,sparse,5328,5298,5351,1,3,0,0,,
sqrt_threshold,1000000007,4097,3000,suffix,dense,5771,5723,5790,1,3,50,3588106,2:3/2;4096:12/9;8192:15/9,469762049@4096:4/3;469762049@8192:5/3;1000000007@2:3/2;1811939329@4096:4/3;1811939329@8192:5/3;2013265921@4096:4/3;2013265921@8192:5/3
sqrt_threshold,1000000007,4097,3000,suffix,selected,5305,5304,5318,1,3,0,0,,
inv_threshold,1000000007,16384,512,prefix,sparse,5133,4967,5136,1,3,0,0,,
inv_threshold,1000000007,16384,512,prefix,dense,15666,15623,15827,1,3,89,10690570,2:3/2;1024:9/6;2048:9/6;4096:9/6;8192:9/6;16384:9/6;32768:6/3,469762049@1024:3/2;469762049@2048:3/2;469762049@4096:3/2;469762049@8192:3/2;469762049@16384:3/2;469762049@32768:2/1;1000000007@2:3/2;1811939329@1024:3/2;1811939329@2048:3/2;1811939329@4096:3/2;1811939329@8192:3/2;1811939329@16384:3/2;1811939329@32768:2/1;2013265921@1024:3/2;2013265921@2048:3/2;2013265921@4096:3/2;2013265921@8192:3/2;2013265921@16384:3/2;2013265921@32768:2/1
inv_threshold,1000000007,16384,512,prefix,selected,5051,5034,5535,1,3,0,0,,
div_threshold,1000000007,16384,512,prefix,sparse,5048,5006,5076,1,3,0,0,,
div_threshold,1000000007,16384,512,prefix,dense,21574,21549,21593,1,3,98,15114250,2:3/2;1024:9/6;2048:9/6;4096:9/6;8192:9/6;16384:9/6;32768:12/6,469762049@1024:3/2;469762049@2048:3/2;469762049@4096:3/2;469762049@8192:3/2;469762049@16384:3/2;469762049@32768:4/2;1000000007@2:3/2;1811939329@1024:3/2;1811939329@2048:3/2;1811939329@4096:3/2;1811939329@8192:3/2;1811939329@16384:3/2;1811939329@32768:4/2;2013265921@1024:3/2;2013265921@2048:3/2;2013265921@4096:3/2;2013265921@8192:3/2;2013265921@16384:3/2;2013265921@32768:4/2
div_threshold,1000000007,16384,512,prefix,selected,5047,5020,5059,1,3,0,0,,
exp_threshold,1000000007,16384,512,prefix,sparse,5041,4935,5085,1,3,0,0,,
exp_threshold,1000000007,16384,512,prefix,dense,23624,23608,23640,1,3,204,16171008,1024:27/15;2048:27/15;4096:27/15;8192:27/15;16384:24/12,469762049@1024:9/5;469762049@2048:9/5;469762049@4096:9/5;469762049@8192:9/5;469762049@16384:8/4;1811939329@1024:9/5;1811939329@2048:9/5;1811939329@4096:9/5;1811939329@8192:9/5;1811939329@16384:8/4;2013265921@1024:9/5;2013265921@2048:9/5;2013265921@4096:9/5;2013265921@8192:9/5;2013265921@16384:8/4
exp_threshold,1000000007,16384,512,prefix,selected,5059,5047,5091,1,3,0,0,,
pow_threshold,1000000007,16384,512,prefix,sparse,10490,9953,10635,1,3,0,0,,
pow_threshold,1000000007,16384,512,prefix,dense,45504,45292,45735,1,3,302,31285258,2:3/2;1024:36/21;2048:36/21;4096:36/21;8192:36/21;16384:33/18;32768:12/6,469762049@1024:12/7;469762049@2048:12/7;469762049@4096:12/7;469762049@8192:12/7;469762049@16384:11/6;469762049@32768:4/2;1000000007@2:3/2;1811939329@1024:12/7;1811939329@2048:12/7;1811939329@4096:12/7;1811939329@8192:12/7;1811939329@16384:11/6;1811939329@32768:4/2;2013265921@1024:12/7;2013265921@2048:12/7;2013265921@4096:12/7;2013265921@8192:12/7;2013265921@16384:11/6;2013265921@32768:4/2
pow_threshold,1000000007,16384,512,prefix,selected,10669,9899,10687,1,3,0,0,,
sqrt_threshold,1000000007,16384,512,prefix,sparse,9902,9880,9905,1,3,0,0,,
sqrt_threshold,1000000007,16384,512,prefix,dense,23356,23336,23359,1,3,330,14727288,2:36/24;1024:51/33;2048:42/27;4096:33/21;8192:24/15;16384:15/9,469762049@1024:17/11;469762049@2048:14/9;469762049@4096:11/7;469762049@8192:8/5;469762049@16384:5/3;1000000007@2:36/24;1811939329@1024:17/11;1811939329@2048:14/9;1811939329@4096:11/7;1811939329@8192:8/5;1811939329@16384:5/3;2013265921@1024:17/11;2013265921@2048:14/9;2013265921@4096:11/7;2013265921@8192:8/5;2013265921@16384:5/3
sqrt_threshold,1000000007,16384,512,prefix,selected,9937,9933,9938,1,3,0,0,,
inv_threshold,1000000007,16384,800,prefix,sparse,7738,7732,7765,1,3,0,0,,
inv_threshold,1000000007,16384,800,prefix,dense,15611,15574,15639,1,3,89,10690570,2:3/2;1024:9/6;2048:9/6;4096:9/6;8192:9/6;16384:9/6;32768:6/3,469762049@1024:3/2;469762049@2048:3/2;469762049@4096:3/2;469762049@8192:3/2;469762049@16384:3/2;469762049@32768:2/1;1000000007@2:3/2;1811939329@1024:3/2;1811939329@2048:3/2;1811939329@4096:3/2;1811939329@8192:3/2;1811939329@16384:3/2;1811939329@32768:2/1;2013265921@1024:3/2;2013265921@2048:3/2;2013265921@4096:3/2;2013265921@8192:3/2;2013265921@16384:3/2;2013265921@32768:2/1
inv_threshold,1000000007,16384,800,prefix,selected,7710,7710,7734,1,3,0,0,,
div_threshold,1000000007,16384,800,prefix,sparse,7736,7533,7767,1,3,0,0,,
div_threshold,1000000007,16384,800,prefix,dense,21606,21586,21640,1,3,98,15114250,2:3/2;1024:9/6;2048:9/6;4096:9/6;8192:9/6;16384:9/6;32768:12/6,469762049@1024:3/2;469762049@2048:3/2;469762049@4096:3/2;469762049@8192:3/2;469762049@16384:3/2;469762049@32768:4/2;1000000007@2:3/2;1811939329@1024:3/2;1811939329@2048:3/2;1811939329@4096:3/2;1811939329@8192:3/2;1811939329@16384:3/2;1811939329@32768:4/2;2013265921@1024:3/2;2013265921@2048:3/2;2013265921@4096:3/2;2013265921@8192:3/2;2013265921@16384:3/2;2013265921@32768:4/2
div_threshold,1000000007,16384,800,prefix,selected,7760,7754,7774,1,3,0,0,,
exp_threshold,1000000007,16384,800,prefix,sparse,7780,7756,7788,1,3,0,0,,
exp_threshold,1000000007,16384,800,prefix,dense,23654,23622,23670,1,3,204,16171008,1024:27/15;2048:27/15;4096:27/15;8192:27/15;16384:24/12,469762049@1024:9/5;469762049@2048:9/5;469762049@4096:9/5;469762049@8192:9/5;469762049@16384:8/4;1811939329@1024:9/5;1811939329@2048:9/5;1811939329@4096:9/5;1811939329@8192:9/5;1811939329@16384:8/4;2013265921@1024:9/5;2013265921@2048:9/5;2013265921@4096:9/5;2013265921@8192:9/5;2013265921@16384:8/4
exp_threshold,1000000007,16384,800,prefix,selected,7789,7773,8237,1,3,0,0,,
pow_threshold,1000000007,16384,800,prefix,sparse,15184,15173,15217,1,3,0,0,,
pow_threshold,1000000007,16384,800,prefix,dense,46075,45377,46971,1,3,302,31285258,2:3/2;1024:36/21;2048:36/21;4096:36/21;8192:36/21;16384:33/18;32768:12/6,469762049@1024:12/7;469762049@2048:12/7;469762049@4096:12/7;469762049@8192:12/7;469762049@16384:11/6;469762049@32768:4/2;1000000007@2:3/2;1811939329@1024:12/7;1811939329@2048:12/7;1811939329@4096:12/7;1811939329@8192:12/7;1811939329@16384:11/6;1811939329@32768:4/2;2013265921@1024:12/7;2013265921@2048:12/7;2013265921@4096:12/7;2013265921@8192:12/7;2013265921@16384:11/6;2013265921@32768:4/2
pow_threshold,1000000007,16384,800,prefix,selected,15232,15183,15425,1,3,0,0,,
sqrt_threshold,1000000007,16384,800,prefix,sparse,15453,15440,17764,1,3,0,0,,
sqrt_threshold,1000000007,16384,800,prefix,dense,24182,23482,24521,1,3,330,14727288,2:36/24;1024:51/33;2048:42/27;4096:33/21;8192:24/15;16384:15/9,469762049@1024:17/11;469762049@2048:14/9;469762049@4096:11/7;469762049@8192:8/5;469762049@16384:5/3;1000000007@2:36/24;1811939329@1024:17/11;1811939329@2048:14/9;1811939329@4096:11/7;1811939329@8192:8/5;1811939329@16384:5/3;2013265921@1024:17/11;2013265921@2048:14/9;2013265921@4096:11/7;2013265921@8192:8/5;2013265921@16384:5/3
sqrt_threshold,1000000007,16384,800,prefix,selected,15532,15282,15812,1,3,0,0,,
inv_threshold,1000000007,16384,1300,prefix,sparse,12289,11975,12297,1,3,0,0,,
inv_threshold,1000000007,16384,1300,prefix,dense,15684,15628,16214,1,3,89,10690570,2:3/2;1024:9/6;2048:9/6;4096:9/6;8192:9/6;16384:9/6;32768:6/3,469762049@1024:3/2;469762049@2048:3/2;469762049@4096:3/2;469762049@8192:3/2;469762049@16384:3/2;469762049@32768:2/1;1000000007@2:3/2;1811939329@1024:3/2;1811939329@2048:3/2;1811939329@4096:3/2;1811939329@8192:3/2;1811939329@16384:3/2;1811939329@32768:2/1;2013265921@1024:3/2;2013265921@2048:3/2;2013265921@4096:3/2;2013265921@8192:3/2;2013265921@16384:3/2;2013265921@32768:2/1
inv_threshold,1000000007,16384,1300,prefix,selected,12198,12020,12328,1,3,0,0,,
div_threshold,1000000007,16384,1300,prefix,sparse,12309,11975,12310,1,3,0,0,,
div_threshold,1000000007,16384,1300,prefix,dense,21588,21580,21594,1,3,98,15114250,2:3/2;1024:9/6;2048:9/6;4096:9/6;8192:9/6;16384:9/6;32768:12/6,469762049@1024:3/2;469762049@2048:3/2;469762049@4096:3/2;469762049@8192:3/2;469762049@16384:3/2;469762049@32768:4/2;1000000007@2:3/2;1811939329@1024:3/2;1811939329@2048:3/2;1811939329@4096:3/2;1811939329@8192:3/2;1811939329@16384:3/2;1811939329@32768:4/2;2013265921@1024:3/2;2013265921@2048:3/2;2013265921@4096:3/2;2013265921@8192:3/2;2013265921@16384:3/2;2013265921@32768:4/2
div_threshold,1000000007,16384,1300,prefix,selected,12304,12289,12311,1,3,0,0,,
exp_threshold,1000000007,16384,1300,prefix,sparse,12028,12015,12339,1,3,0,0,,
exp_threshold,1000000007,16384,1300,prefix,dense,23680,23639,23946,1,3,204,16171008,1024:27/15;2048:27/15;4096:27/15;8192:27/15;16384:24/12,469762049@1024:9/5;469762049@2048:9/5;469762049@4096:9/5;469762049@8192:9/5;469762049@16384:8/4;1811939329@1024:9/5;1811939329@2048:9/5;1811939329@4096:9/5;1811939329@8192:9/5;1811939329@16384:8/4;2013265921@1024:9/5;2013265921@2048:9/5;2013265921@4096:9/5;2013265921@8192:9/5;2013265921@16384:8/4
exp_threshold,1000000007,16384,1300,prefix,selected,12020,11983,12337,1,3,0,0,,
pow_threshold,1000000007,16384,1300,prefix,sparse,24123,24104,24129,1,3,0,0,,
pow_threshold,1000000007,16384,1300,prefix,dense,45387,45380,45572,1,3,302,31285258,2:3/2;1024:36/21;2048:36/21;4096:36/21;8192:36/21;16384:33/18;32768:12/6,469762049@1024:12/7;469762049@2048:12/7;469762049@4096:12/7;469762049@8192:12/7;469762049@16384:11/6;469762049@32768:4/2;1000000007@2:3/2;1811939329@1024:12/7;1811939329@2048:12/7;1811939329@4096:12/7;1811939329@8192:12/7;1811939329@16384:11/6;1811939329@32768:4/2;2013265921@1024:12/7;2013265921@2048:12/7;2013265921@4096:12/7;2013265921@8192:12/7;2013265921@16384:11/6;2013265921@32768:4/2
pow_threshold,1000000007,16384,1300,prefix,selected,24181,24115,24439,1,3,0,0,,
sqrt_threshold,1000000007,16384,1300,prefix,sparse,24112,24088,24661,1,3,0,0,,
sqrt_threshold,1000000007,16384,1300,prefix,dense,23378,23333,23430,1,3,330,14727288,2:36/24;1024:51/33;2048:42/27;4096:33/21;8192:24/15;16384:15/9,469762049@1024:17/11;469762049@2048:14/9;469762049@4096:11/7;469762049@8192:8/5;469762049@16384:5/3;1000000007@2:36/24;1811939329@1024:17/11;1811939329@2048:14/9;1811939329@4096:11/7;1811939329@8192:8/5;1811939329@16384:5/3;2013265921@1024:17/11;2013265921@2048:14/9;2013265921@4096:11/7;2013265921@8192:8/5;2013265921@16384:5/3
sqrt_threshold,1000000007,16384,1300,prefix,selected,22447,22425,22487,1,3,208,13344788,2:6/4;1024:27/18;2048:27/18;4096:27/18;8192:24/15;16384:15/9,469762049@1024:9/6;469762049@2048:9/6;469762049@4096:9/6;469762049@8192:8/5;469762049@16384:5/3;1000000007@2:6/4;1811939329@1024:9/6;1811939329@2048:9/6;1811939329@4096:9/6;1811939329@8192:8/5;1811939329@16384:5/3;2013265921@1024:9/6;2013265921@2048:9/6;2013265921@4096:9/6;2013265921@8192:8/5;2013265921@16384:5/3
inv_threshold,1000000007,16384,1600,prefix,sparse,14819,14607,15324,1,3,0,0,,
inv_threshold,1000000007,16384,1600,prefix,dense,15626,15580,15628,1,3,89,10690570,2:3/2;1024:9/6;2048:9/6;4096:9/6;8192:9/6;16384:9/6;32768:6/3,469762049@1024:3/2;469762049@2048:3/2;469762049@4096:3/2;469762049@8192:3/2;469762049@16384:3/2;469762049@32768:2/1;1000000007@2:3/2;1811939329@1024:3/2;1811939329@2048:3/2;1811939329@4096:3/2;1811939329@8192:3/2;1811939329@16384:3/2;1811939329@32768:2/1;2013265921@1024:3/2;2013265921@2048:3/2;2013265921@4096:3/2;2013265921@8192:3/2;2013265921@16384:3/2;2013265921@32768:2/1
inv_threshold,1000000007,16384,1600,prefix,selected,15005,14675,15016,1,3,0,0,,
div_threshold,1000000007,16384,1600,prefix,sparse,15001,14609,15006,1,3,0,0,,
div_threshold,1000000007,16384,1600,prefix,dense,21612,21565,21621,1,3,98,15114250,2:3/2;1024:9/6;2048:9/6;4096:9/6;8192:9/6;16384:9/6;32768:12/6,469762049@1024:3/2;469762049@2048:3/2;469762049@4096:3/2;469762049@8192:3/2;469762049@16384:3/2;469762049@32768:4/2;1000000007@2:3/2;1811939329@1024:3/2;1811939329@2048:3/2;1811939329@4096:3/2;1811939329@8192:3/2;1811939329@16384:3/2;1811939329@32768:4/2;2013265921@1024:3/2;2013265921@2048:3/2;2013265921@4096:3/2;2013265921@8192:3/2;2013265921@16384:3/2;2013265921@32768:4/2
div_threshold,1000000007,16384,1600,prefix,selected,14994,14955,15028,1,3,0,0,,
exp_threshold,1000000007,16384,1600,prefix,sparse,15048,15044,15063,1,3,0,0,,
exp_threshold,1000000007,16384,1600,prefix,dense,23680,23678,23684,1,3,204,16171008,1024:27/15;2048:27/15;4096:27/15;8192:27/15;16384:24/12,469762049@1024:9/5;469762049@2048:9/5;469762049@4096:9/5;469762049@8192:9/5;469762049@16384:8/4;1811939329@1024:9/5;1811939329@2048:9/5;1811939329@4096:9/5;1811939329@8192:9/5;1811939329@16384:8/4;2013265921@1024:9/5;2013265921@2048:9/5;2013265921@4096:9/5;2013265921@8192:9/5;2013265921@16384:8/4
exp_threshold,1000000007,16384,1600,prefix,selected,15027,15014,15033,1,3,0,0,,
pow_threshold,1000000007,16384,1600,prefix,sparse,29456,29442,30438,1,3,0,0,,
pow_threshold,1000000007,16384,1600,prefix,dense,45528,45440,46429,1,3,302,31285258,2:3/2;1024:36/21;2048:36/21;4096:36/21;8192:36/21;16384:33/18;32768:12/6,469762049@1024:12/7;469762049@2048:12/7;469762049@4096:12/7;469762049@8192:12/7;469762049@16384:11/6;469762049@32768:4/2;1000000007@2:3/2;1811939329@1024:12/7;1811939329@2048:12/7;1811939329@4096:12/7;1811939329@8192:12/7;1811939329@16384:11/6;1811939329@32768:4/2;2013265921@1024:12/7;2013265921@2048:12/7;2013265921@4096:12/7;2013265921@8192:12/7;2013265921@16384:11/6;2013265921@32768:4/2
pow_threshold,1000000007,16384,1600,prefix,selected,29438,29405,29467,1,3,0,0,,
sqrt_threshold,1000000007,16384,1600,prefix,sparse,30195,30063,30365,1,3,0,0,,
sqrt_threshold,1000000007,16384,1600,prefix,dense,23985,23595,24424,1,3,330,14727288,2:36/24;1024:51/33;2048:42/27;4096:33/21;8192:24/15;16384:15/9,469762049@1024:17/11;469762049@2048:14/9;469762049@4096:11/7;469762049@8192:8/5;469762049@16384:5/3;1000000007@2:36/24;1811939329@1024:17/11;1811939329@2048:14/9;1811939329@4096:11/7;1811939329@8192:8/5;1811939329@16384:5/3;2013265921@1024:17/11;2013265921@2048:14/9;2013265921@4096:11/7;2013265921@8192:8/5;2013265921@16384:5/3
sqrt_threshold,1000000007,16384,1600,prefix,selected,22997,22784,23035,1,3,208,13344788,2:6/4;1024:27/18;2048:27/18;4096:27/18;8192:24/15;16384:15/9,469762049@1024:9/6;469762049@2048:9/6;469762049@4096:9/6;469762049@8192:8/5;469762049@16384:5/3;1000000007@2:6/4;1811939329@1024:9/6;1811939329@2048:9/6;1811939329@4096:9/6;1811939329@8192:8/5;1811939329@16384:5/3;2013265921@1024:9/6;2013265921@2048:9/6;2013265921@4096:9/6;2013265921@8192:8/5;2013265921@16384:5/3
inv_threshold,1000000007,16384,2000,prefix,sparse,18893,18872,18920,1,3,0,0,,
inv_threshold,1000000007,16384,2000,prefix,dense,15957,15954,15963,1,3,89,10690570,2:3/2;1024:9/6;2048:9/6;4096:9/6;8192:9/6;16384:9/6;32768:6/3,469762049@1024:3/2;469762049@2048:3/2;469762049@4096:3/2;469762049@8192:3/2;469762049@16384:3/2;469762049@32768:2/1;1000000007@2:3/2;1811939329@1024:3/2;1811939329@2048:3/2;1811939329@4096:3/2;1811939329@8192:3/2;1811939329@16384:3/2;1811939329@32768:2/1;2013265921@1024:3/2;2013265921@2048:3/2;2013265921@4096:3/2;2013265921@8192:3/2;2013265921@16384:3/2;2013265921@32768:2/1
inv_threshold,1000000007,16384,2000,prefix,selected,16010,15840,16033,1,3,89,10690570,2:3/2;1024:9/6;2048:9/6;4096:9/6;8192:9/6;16384:9/6;32768:6/3,469762049@1024:3/2;469762049@2048:3/2;469762049@4096:3/2;469762049@8192:3/2;469762049@16384:3/2;469762049@32768:2/1;1000000007@2:3/2;1811939329@1024:3/2;1811939329@2048:3/2;1811939329@4096:3/2;1811939329@8192:3/2;1811939329@16384:3/2;1811939329@32768:2/1;2013265921@1024:3/2;2013265921@2048:3/2;2013265921@4096:3/2;2013265921@8192:3/2;2013265921@16384:3/2;2013265921@32768:2/1
div_threshold,1000000007,16384,2000,prefix,sparse,18528,18492,18845,1,3,0,0,,
div_threshold,1000000007,16384,2000,prefix,dense,22183,21999,22336,1,3,98,15114250,2:3/2;1024:9/6;2048:9/6;4096:9/6;8192:9/6;16384:9/6;32768:12/6,469762049@1024:3/2;469762049@2048:3/2;469762049@4096:3/2;469762049@8192:3/2;469762049@16384:3/2;469762049@32768:4/2;1000000007@2:3/2;1811939329@1024:3/2;1811939329@2048:3/2;1811939329@4096:3/2;1811939329@8192:3/2;1811939329@16384:3/2;1811939329@32768:4/2;2013265921@1024:3/2;2013265921@2048:3/2;2013265921@4096:3/2;2013265921@8192:3/2;2013265921@16384:3/2;2013265921@32768:4/2
div_threshold,1000000007,16384,2000,prefix,selected,18922,18559,18949,1,3,0,0,,
exp_threshold,1000000007,16384,2000,prefix,sparse,18995,18983,19513,1,3,0,0,,
exp_threshold,1000000007,16384,2000,prefix,dense,24272,24122,24713,1,3,204,16171008,1024:27/15;2048:27/15;4096:27/15;8192:27/15;16384:24/12,469762049@1024:9/5;469762049@2048:9/5;469762049@4096:9/5;469762049@8192:9/5;469762049@16384:8/4;1811939329@1024:9/5;1811939329@2048:9/5;1811939329@4096:9/5;1811939329@8192:9/5;1811939329@16384:8/4;2013265921@1024:9/5;2013265921@2048:9/5;2013265921@4096:9/5;2013265921@8192:9/5;2013265921@16384:8/4
exp_threshold,1000000007,16384,2000,prefix,selected,19465,18719,19776,1,3,0,0,,
pow_threshold,1000000007,16384,2000,prefix,sparse,36131,36084,37332,1,3,0,0,,
pow_threshold,1000000007,16384,2000,prefix,dense,45370,45345,46029,1,3,302,31285258,2:3/2;1024:36/21;2048:36/21;4096:36/21;8192:36/21;16384:33/18;32768:12/6,469762049@1024:12/7;469762049@2048:12/7;469762049@4096:12/7;469762049@8192:12/7;469762049@16384:11/6;469762049@32768:4/2;1000000007@2:3/2;1811939329@1024:12/7;1811939329@2048:12/7;1811939329@4096:12/7;1811939329@8192:12/7;1811939329@16384:11/6;1811939329@32768:4/2;2013265921@1024:12/7;2013265921@2048:12/7;2013265921@4096:12/7;2013265921@8192:12/7;2013265921@16384:11/6;2013265921@32768:4/2
pow_threshold,1000000007,16384,2000,prefix,selected,36138,36111,36562,1,3,0,0,,
sqrt_threshold,1000000007,16384,2000,prefix,sparse,36465,36338,36584,1,3,0,0,,
sqrt_threshold,1000000007,16384,2000,prefix,dense,23392,23382,23420,1,3,330,14727288,2:36/24;1024:51/33;2048:42/27;4096:33/21;8192:24/15;16384:15/9,469762049@1024:17/11;469762049@2048:14/9;469762049@4096:11/7;469762049@8192:8/5;469762049@16384:5/3;1000000007@2:36/24;1811939329@1024:17/11;1811939329@2048:14/9;1811939329@4096:11/7;1811939329@8192:8/5;1811939329@16384:5/3;2013265921@1024:17/11;2013265921@2048:14/9;2013265921@4096:11/7;2013265921@8192:8/5;2013265921@16384:5/3
sqrt_threshold,1000000007,16384,2000,prefix,selected,22474,22466,22509,1,3,208,13344788,2:6/4;1024:27/18;2048:27/18;4096:27/18;8192:24/15;16384:15/9,469762049@1024:9/6;469762049@2048:9/6;469762049@4096:9/6;469762049@8192:8/5;469762049@16384:5/3;1000000007@2:6/4;1811939329@1024:9/6;1811939329@2048:9/6;1811939329@4096:9/6;1811939329@8192:8/5;1811939329@16384:5/3;2013265921@1024:9/6;2013265921@2048:9/6;2013265921@4096:9/6;2013265921@8192:8/5;2013265921@16384:5/3
inv_threshold,1000000007,16384,2500,prefix,sparse,22717,22112,22804,1,3,0,0,,
inv_threshold,1000000007,16384,2500,prefix,dense,15683,15643,15712,1,3,89,10690570,2:3/2;1024:9/6;2048:9/6;4096:9/6;8192:9/6;16384:9/6;32768:6/3,469762049@1024:3/2;469762049@2048:3/2;469762049@4096:3/2;469762049@8192:3/2;469762049@16384:3/2;469762049@32768:2/1;1000000007@2:3/2;1811939329@1024:3/2;1811939329@2048:3/2;1811939329@4096:3/2;1811939329@8192:3/2;1811939329@16384:3/2;1811939329@32768:2/1;2013265921@1024:3/2;2013265921@2048:3/2;2013265921@4096:3/2;2013265921@8192:3/2;2013265921@16384:3/2;2013265921@32768:2/1
inv_threshold,1000000007,16384,2500,prefix,selected,15657,15594,15697,1,3,89,10690570,2:3/2;1024:9/6;2048:9/6;4096:9/6;8192:9/6;16384:9/6;32768:6/3,469762049@1024:3/2;469762049@2048:3/2;469762049@4096:3/2;469762049@8192:3/2;469762049@16384:3/2;469762049@32768:2/1;1000000007@2:3/2;1811939329@1024:3/2;1811939329@2048:3/2;1811939329@4096:3/2;1811939329@8192:3/2;1811939329@16384:3/2;1811939329@32768:2/1;2013265921@1024:3/2;2013265921@2048:3/2;2013265921@4096:3/2;2013265921@8192:3/2;2013265921@16384:3/2;2013265921@32768:2/1
div_threshold,1000000007,16384,2500,prefix,sparse,22133,22100,22204,1,3,0,0,,
div_threshold,1000000007,16384,2500,prefix,dense,21601,21591,21702,1,3,98,15114250,2:3/2;1024:9/6;2048:9/6;4096:9/6;8192:9/6;16384:9/6;32768:12/6,469762049@1024:3/2;469762049@2048:3/2;469762049@4096:3/2;469762049@8192:3/2;469762049@16384:3/2;469762049@32768:4/2;1000000007@2:3/2;1811939329@1024:3/2;1811939329@2048:3/2;1811939329@4096:3/2;1811939329@8192:3/2;1811939329@16384:3/2;1811939329@32768:4/2;2013265921@1024:3/2;2013265921@2048:3/2;2013265921@4096:3/2;2013265921@8192:3/2;2013265921@16384:3/2;2013265921@32768:4/2
div_threshold,1000000007,16384,2500,prefix,selected,22474,22095,22733,1,3,0,0,,
exp_threshold,1000000007,16384,2500,prefix,sparse,22651,22244,22875,1,3,0,0,,
exp_threshold,1000000007,16384,2500,prefix,dense,23698,23698,23704,1,3,204,16171008,1024:27/15;2048:27/15;4096:27/15;8192:27/15;16384:24/12,469762049@1024:9/5;469762049@2048:9/5;469762049@4096:9/5;469762049@8192:9/5;469762049@16384:8/4;1811939329@1024:9/5;1811939329@2048:9/5;1811939329@4096:9/5;1811939329@8192:9/5;1811939329@16384:8/4;2013265921@1024:9/5;2013265921@2048:9/5;2013265921@4096:9/5;2013265921@8192:9/5;2013265921@16384:8/4
exp_threshold,1000000007,16384,2500,prefix,selected,22608,22303,22751,1,3,0,0,,
pow_threshold,1000000007,16384,2500,prefix,sparse,45039,44992,45537,1,3,0,0,,
pow_threshold,1000000007,16384,2500,prefix,dense,45740,45714,49309,1,3,302,31285258,2:3/2;1024:36/21;2048:36/21;4096:36/21;8192:36/21;16384:33/18;32768:12/6,469762049@1024:12/7;469762049@2048:12/7;469762049@4096:12/7;469762049@8192:12/7;469762049@16384:11/6;469762049@32768:4/2;1000000007@2:3/2;1811939329@1024:12/7;1811939329@2048:12/7;1811939329@4096:12/7;1811939329@8192:12/7;1811939329@16384:11/6;1811939329@32768:4/2;2013265921@1024:12/7;2013265921@2048:12/7;2013265921@4096:12/7;2013265921@8192:12/7;2013265921@16384:11/6;2013265921@32768:4/2
pow_threshold,1000000007,16384,2500,prefix,selected,45303,44916,45313,1,3,0,0,,
sqrt_threshold,1000000007,16384,2500,prefix,sparse,45015,44827,45428,1,3,0,0,,
sqrt_threshold,1000000007,16384,2500,prefix,dense,23620,23580,23686,1,3,330,14727288,2:36/24;1024:51/33;2048:42/27;4096:33/21;8192:24/15;16384:15/9,469762049@1024:17/11;469762049@2048:14/9;469762049@4096:11/7;469762049@8192:8/5;469762049@16384:5/3;1000000007@2:36/24;1811939329@1024:17/11;1811939329@2048:14/9;1811939329@4096:11/7;1811939329@8192:8/5;1811939329@16384:5/3;2013265921@1024:17/11;2013265921@2048:14/9;2013265921@4096:11/7;2013265921@8192:8/5;2013265921@16384:5/3
sqrt_threshold,1000000007,16384,2500,prefix,selected,22516,22493,22518,1,3,208,13344788,2:6/4;1024:27/18;2048:27/18;4096:27/18;8192:24/15;16384:15/9,469762049@1024:9/6;469762049@2048:9/6;469762049@4096:9/6;469762049@8192:8/5;469762049@16384:5/3;1000000007@2:6/4;1811939329@1024:9/6;1811939329@2048:9/6;1811939329@4096:9/6;1811939329@8192:8/5;1811939329@16384:5/3;2013265921@1024:9/6;2013265921@2048:9/6;2013265921@4096:9/6;2013265921@8192:8/5;2013265921@16384:5/3
inv_threshold,1000000007,16384,3000,prefix,sparse,26819,26798,27009,1,3,0,0,,
inv_threshold,1000000007,16384,3000,prefix,dense,15732,15619,15761,1,3,89,10690570,2:3/2;1024:9/6;2048:9/6;4096:9/6;8192:9/6;16384:9/6;32768:6/3,469762049@1024:3/2;469762049@2048:3/2;469762049@4096:3/2;469762049@8192:3/2;469762049@16384:3/2;469762049@32768:2/1;1000000007@2:3/2;1811939329@1024:3/2;1811939329@2048:3/2;1811939329@4096:3/2;1811939329@8192:3/2;1811939329@16384:3/2;1811939329@32768:2/1;2013265921@1024:3/2;2013265921@2048:3/2;2013265921@4096:3/2;2013265921@8192:3/2;2013265921@16384:3/2;2013265921@32768:2/1
inv_threshold,1000000007,16384,3000,prefix,selected,15646,15630,15719,1,3,89,10690570,2:3/2;1024:9/6;2048:9/6;4096:9/6;8192:9/6;16384:9/6;32768:6/3,469762049@1024:3/2;469762049@2048:3/2;469762049@4096:3/2;469762049@8192:3/2;469762049@16384:3/2;469762049@32768:2/1;1000000007@2:3/2;1811939329@1024:3/2;1811939329@2048:3/2;1811939329@4096:3/2;1811939329@8192:3/2;1811939329@16384:3/2;1811939329@32768:2/1;2013265921@1024:3/2;2013265921@2048:3/2;2013265921@4096:3/2;2013265921@8192:3/2;2013265921@16384:3/2;2013265921@32768:2/1
div_threshold,1000000007,16384,3000,prefix,sparse,27297,26944,27595,1,3,0,0,,
div_threshold,1000000007,16384,3000,prefix,dense,22221,22092,22827,1,3,98,15114250,2:3/2;1024:9/6;2048:9/6;4096:9/6;8192:9/6;16384:9/6;32768:12/6,469762049@1024:3/2;469762049@2048:3/2;469762049@4096:3/2;469762049@8192:3/2;469762049@16384:3/2;469762049@32768:4/2;1000000007@2:3/2;1811939329@1024:3/2;1811939329@2048:3/2;1811939329@4096:3/2;1811939329@8192:3/2;1811939329@16384:3/2;1811939329@32768:4/2;2013265921@1024:3/2;2013265921@2048:3/2;2013265921@4096:3/2;2013265921@8192:3/2;2013265921@16384:3/2;2013265921@32768:4/2
div_threshold,1000000007,16384,3000,prefix,selected,22090,22072,22759,1,3,98,15114250,2:3/2;1024:9/6;2048:9/6;4096:9/6;8192:9/6;16384:9/6;32768:12/6,469762049@1024:3/2;469762049@2048:3/2;469762049@4096:3/2;469762049@8192:3/2;469762049@16384:3/2;469762049@32768:4/2;1000000007@2:3/2;1811939329@1024:3/2;1811939329@2048:3/2;1811939329@4096:3/2;1811939329@8192:3/2;1811939329@16384:3/2;1811939329@32768:4/2;2013265921@1024:3/2;2013265921@2048:3/2;2013265921@4096:3/2;2013265921@8192:3/2;2013265921@16384:3/2;2013265921@32768:4/2
exp_threshold,1000000007,16384,3000,prefix,sparse,26494,26455,26601,1,3,0,0,,
exp_threshold,1000000007,16384,3000,prefix,dense,24023,23803,24478,1,3,204,16171008,1024:27/15;2048:27/15;4096:27/15;8192:27/15;16384:24/12,469762049@1024:9/5;469762049@2048:9/5;469762049@4096:9/5;469762049@8192:9/5;469762049@16384:8/4;1811939329@1024:9/5;1811939329@2048:9/5;1811939329@4096:9/5;1811939329@8192:9/5;1811939329@16384:8/4;2013265921@1024:9/5;2013265921@2048:9/5;2013265921@4096:9/5;2013265921@8192:9/5;2013265921@16384:8/4
exp_threshold,1000000007,16384,3000,prefix,selected,23923,23857,24017,1,3,204,16171008,1024:27/15;2048:27/15;4096:27/15;8192:27/15;16384:24/12,469762049@1024:9/5;469762049@2048:9/5;469762049@4096:9/5;469762049@8192:9/5;469762049@16384:8/4;1811939329@1024:9/5;1811939329@2048:9/5;1811939329@4096:9/5;1811939329@8192:9/5;1811939329@16384:8/4;2013265921@1024:9/5;2013265921@2048:9/5;2013265921@4096:9/5;2013265921@8192:9/5;2013265921@16384:8/4
pow_threshold,1000000007,16384,3000,prefix,sparse,52922,52592,53209,1,3,0,0,,
pow_threshold,1000000007,16384,3000,prefix,dense,45653,45414,45687,1,3,302,31285258,2:3/2;1024:36/21;2048:36/21;4096:36/21;8192:36/21;16384:33/18;32768:12/6,469762049@1024:12/7;469762049@2048:12/7;469762049@4096:12/7;469762049@8192:12/7;469762049@16384:11/6;469762049@32768:4/2;1000000007@2:3/2;1811939329@1024:12/7;1811939329@2048:12/7;1811939329@4096:12/7;1811939329@8192:12/7;1811939329@16384:11/6;1811939329@32768:4/2;2013265921@1024:12/7;2013265921@2048:12/7;2013265921@4096:12/7;2013265921@8192:12/7;2013265921@16384:11/6;2013265921@32768:4/2
pow_threshold,1000000007,16384,3000,prefix,selected,45693,45530,45703,1,3,302,31285258,2:3/2;1024:36/21;2048:36/21;4096:36/21;8192:36/21;16384:33/18;32768:12/6,469762049@1024:12/7;469762049@2048:12/7;469762049@4096:12/7;469762049@8192:12/7;469762049@16384:11/6;469762049@32768:4/2;1000000007@2:3/2;1811939329@1024:12/7;1811939329@2048:12/7;1811939329@4096:12/7;1811939329@8192:12/7;1811939329@16384:11/6;1811939329@32768:4/2;2013265921@1024:12/7;2013265921@2048:12/7;2013265921@4096:12/7;2013265921@8192:12/7;2013265921@16384:11/6;2013265921@32768:4/2
sqrt_threshold,1000000007,16384,3000,prefix,sparse,52758,52421,52799,1,3,0,0,,
sqrt_threshold,1000000007,16384,3000,prefix,dense,23413,23382,23444,1,3,330,14727288,2:36/24;1024:51/33;2048:42/27;4096:33/21;8192:24/15;16384:15/9,469762049@1024:17/11;469762049@2048:14/9;469762049@4096:11/7;469762049@8192:8/5;469762049@16384:5/3;1000000007@2:36/24;1811939329@1024:17/11;1811939329@2048:14/9;1811939329@4096:11/7;1811939329@8192:8/5;1811939329@16384:5/3;2013265921@1024:17/11;2013265921@2048:14/9;2013265921@4096:11/7;2013265921@8192:8/5;2013265921@16384:5/3
sqrt_threshold,1000000007,16384,3000,prefix,selected,22443,22441,22472,1,3,208,13344788,2:6/4;1024:27/18;2048:27/18;4096:27/18;8192:24/15;16384:15/9,469762049@1024:9/6;469762049@2048:9/6;469762049@4096:9/6;469762049@8192:8/5;469762049@16384:5/3;1000000007@2:6/4;1811939329@1024:9/6;1811939329@2048:9/6;1811939329@4096:9/6;1811939329@8192:8/5;1811939329@16384:5/3;2013265921@1024:9/6;2013265921@2048:9/6;2013265921@4096:9/6;2013265921@8192:8/5;2013265921@16384:5/3
inv_threshold,1000000007,16384,512,spread,sparse,2613,2580,2664,1,3,0,0,,
inv_threshold,1000000007,16384,512,spread,dense,12492,12434,12673,1,3,38,6869002,2:3/2;2048:3/3;4096:3/3;8192:3/3;16384:3/3;32768:6/3,469762049@2048:1/1;469762049@4096:1/1;469762049@8192:1/1;469762049@16384:1/1;469762049@32768:2/1;1000000007@2:3/2;1811939329@2048:1/1;1811939329@4096:1/1;1811939329@8192:1/1;1811939329@16384:1/1;1811939329@32768:2/1;2013265921@2048:1/1;2013265921@4096:1/1;2013265921@8192:1/1;2013265921@16384:1/1;2013265921@32768:2/1
inv_threshold,1000000007,16384,512,spread,selected,2599,2594,2626,1,3,0,0,,
div_threshold,1000000007,16384,512,spread,sparse,2587,2581,2591,1,3,0,0,,
div_threshold,1000000007,16384,512,spread,dense,18352,18351,18353,1,3,47,11292682,2:3/2;2048:3/3;4096:3/3;8192:3/3;16384:3/3;32768:12/6,469762049@2048:1/1;469762049@4096:1/1;469762049@8192:1/1;469762049@16384:1/1;469762049@32768:4/2;1000000007@2:3/2;1811939329@2048:1/1;1811939329@4096:1/1;1811939329@8192:1/1;1811939329@16384:1/1;1811939329@32768:4/2;2013265921@2048:1/1;2013265921@4096:1/1;2013265921@8192:1/1;2013265921@16384:1/1;2013265921@32768:4/2
div_threshold,1000000007,16384,512,spread,selected,2591,2591,2599,1,3,0,0,,
exp_threshold,1000000007,16384,512,spread,sparse,2686,2681,2729,1,3,0,0,,
exp_threshold,1000000007,16384,512,spread,dense,20101,20078,20491,1,3,126,12072960,2048:21/12;4096:21/12;8192:21/12;16384:18/9,469762049@2048:7/4;469762049@4096:7/4;469762049@8192:7/4;469762049@16384:6/3;1811939329@2048:7/4;1811939329@4096:7/4;1811939329@8192:7/4;1811939329@16384:6/3;2013265921@2048:7/4;2013265921@4096:7/4;2013265921@8192:7/4;2013265921@16384:6/3
exp_threshold,1000000007,16384,512,spread,selected,2690,2648,2695,1,3,0,0,,
pow_threshold,1000000007,16384,512,spread,sparse,5318,5258,5342,1,3,0,0,,
pow_threshold,1000000007,16384,512,spread,dense,41427,41413,41540,1,3,209,27033610,2:3/2;2048:30/18;4096:30/18;8192:30/18;16384:27/15;32768:12/6,469762049@2048:10/6;469762049@4096:10/6;469762049@8192:10/6;469762049@16384:9/5;469762049@32768:4/2;1000000007@2:3/2;1811939329@2048:10/6;1811939329@4096:10/6;1811939329@8192:10/6;1811939329@16384:9/5;1811939329@32768:4/2;2013265921@2048:10/6;2013265921@4096:10/6;2013265921@8192:10/6;2013265921@16384:9/5;2013265921@32768:4/2
pow_threshold,1000000007,16384,512,spread,selected,5306,5296,5326,1,3,0,0,,
sqrt_threshold,1000000007,16384,512,spread,sparse,5287,5268,5309,1,3,0,0,,
sqrt_threshold,1000000007,16384,512,spread,dense,21599,21595,21650,1,3,216,13867068,2:18/12;2048:42/27;4096:33/21;8192:24/15;16384:15/9,469762049@2048:14/9;469762049@4096:11/7;469762049@8192:8/5;469762049@16384:5/3;1000000007@2:18/12;1811939329@2048:14/9;1811939329@4096:11/7;1811939329@8192:8/5;1811939329@16384:5/3;2013265921@2048:14/9;2013265921@4096:11/7;2013265921@8192:8/5;2013265921@16384:5/3
sqrt_threshold,1000000007,16384,512,spread,selected,5324,5308,5333,1,3,0,0,,
inv_threshold,1000000007,16384,800,spread,sparse,3911,3884,3917,1,3,0,0,,
inv_threshold,1000000007,16384,800,spread,dense,13947,13895,13950,1,3,53,8994826,2:3/2;1024:3/3;2048:3/3;4096:3/3;8192:3/3;16384:9/6;32768:6/3,469762049@1024:1/1;469762049@2048:1/1;469762049@4096:1/1;469762049@8192:1/1;469762049@16384:3/2;469762049@32768:2/1;1000000007@2:3/2;1811939329@1024:1/1;1811939329@2048:1/1;1811939329@4096:1/1;1811939329@8192:1/1;1811939329@16384:3/2;1811939329@32768:2/1;2013265921@1024:1/1;2013265921@2048:1/1;2013265921@4096:1/1;2013265921@8192:1/1;2013265921@16384:3/2;2013265921@32768:2/1
inv_threshold,1000000007,16384,800,spread,selected,3883,3873,3925,1,3,0,0,,
div_threshold,1000000007,16384,800,spread,sparse,3905,3854,4001,1,3,0,0,,
div_threshold,1000000007,16384,800,spread,dense,19940,19866,20193,1,3,62,13418506,2:3/2;1024:3/3;2048:3/3;4096:3/3;8192:3/3;16384:9/6;32768:12/6,469762049@1024:1/1;469762049@2048:1/1;469762049@4096:1/1;469762049@8192:1/1;469762049@16384:3/2;469762049@32768:4/2;1000000007@2:3/2;1811939329@1024:1/1;1811939329@2048:1/1;1811939329@4096:1/1;1811939329@8192:1/1;1811939329@16384:3/2;1811939329@32768:4/2;2013265921@1024:1/1;2013265921@2048:1/1;2013265921@4096:1/1;2013265921@8192:1/1;2013265921@16384:3/2;2013265921@32768:4/2
div_threshold,1000000007,16384,800,spread,selected,3891,3865,4018,1,3,0,0,,
exp_threshold,1000000007,16384,800,spread,sparse,4049,4000,4063,1,3,0,0,,
exp_threshold,1000000007,16384,800,spread,dense,21921,21872,21930,1,3,168,14475264,1024:21/12;2048:21/12;4096:21/12;8192:21/12;16384:24/12,469762049@1024:7/4;469762049@2048:7/4;469762049@4096:7/4;469762049@8192:7/4;469762049@16384:8/4;1811939329@1024:7/4;1811939329@2048:7/4;1811939329@4096:7/4;1811939329@8192:7/4;1811939329@16384:8/4;2013265921@1024:7/4;2013265921@2048:7/4;2013265921@4096:7/4;2013265921@8192:7/4;2013265921@16384:8/4
exp_threshold,1000000007,16384,800,spread,selected,4038,4011,4068,1,3,0,0,,
pow_threshold,1000000007,16384,800,spread,sparse,7961,7944,8041,1,3,0,0,,
pow_threshold,1000000007,16384,800,spread,dense,43485,43485,43635,1,3,266,29589514,2:3/2;1024:30/18;2048:30/18;4096:30/18;8192:30/18;16384:33/18;32768:12/6,469762049@1024:10/6;469762049@2048:10/6;469762049@4096:10/6;469762049@8192:10/6;469762049@16384:11/6;469762049@32768:4/2;1000000007@2:3/2;1811939329@1024:10/6;1811939329@2048:10/6;1811939329@4096:10/6;1811939329@8192:10/6;1811939329@16384:11/6;1811939329@32768:4/2;2013265921@1024:10/6;2013265921@2048:10/6;2013265921@4096:10/6;2013265921@8192:10/6;2013265921@16384:11/6;2013265921@32768:4/2
pow_threshold,1000000007,16384,800,spread,selected,8012,7981,8036,1,3,0,0,,
sqrt_threshold,1000000007,16384,800,spread,sparse,8625,8278,8707,1,3,0,0,,
sqrt_threshold,1000000007,16384,800,spread,dense,24140,23837,24148,1,3,305,14727238,2:21/14;1024:51/33;2048:42/27;4096:33/21;8192:24/15;16384:15/9,469762049@1024:17/11;469762049@2048:14/9;469762049@4096:11/7;469762049@8192:8/5;469762049@16384:5/3;1000000007@2:21/14;1811939329@1024:17/11;1811939329@2048:14/9;1811939329@4096:11/7;1811939329@8192:8/5;1811939329@16384:5/3;2013265921@1024:17/11;2013265921@2048:14/9;2013265921@4096:11/7;2013265921@8192:8/5;2013265921@16384:5/3
sqrt_threshold,1000000007,16384,800,spread,selected,8553,8483,8619,1,3,0,0,,
inv_threshold,1000000007,16384,1300,spread,sparse,6563,6561,6584,1,3,0,0,,
inv_threshold,1000000007,16384,1300,spread,dense,14997,14957,15118,1,3,62,9953290,2:3/2;1024:3/3;2048:3/3;4096:3/3;8192:9/6;16384:9/6;32768:6/3,469762049@1024:1/1;469762049@2048:1/1;469762049@4096:1/1;469762049@8192:3/2;469762049@16384:3/2;469762049@32768:2/1;1000000007@2:3/2;1811939329@1024:1/1;1811939329@2048:1/1;1811939329@4096:1/1;1811939329@8192:3/2;1811939329@16384:3/2;1811939329@32768:2/1;2013265921@1024:1/1;2013265921@2048:1/1;2013265921@4096:1/1;2013265921@8192:3/2;2013265921@16384:3/2;2013265921@32768:2/1
inv_threshold,1000000007,16384,1300,spread,selected,6597,6558,6627,1,3,0,0,,
div_threshold,1000000007,16384,1300,spread,sparse,6517,6489,6582,1,3,0,0,,
div_threshold,1000000007,16384,1300,spread,dense,21282,20745,21449,1,3,71,14376970,2:3/2;1024:3/3;2048:3/3;4096:3/3;8192:9/6;16384:9/6;32768:12/6,469762049@1024:1/1;469762049@2048:1/1;469762049@4096:1/1;469762049@8192:3/2;469762049@16384:3/2;469762049@32768:4/2;1000000007@2:3/2;1811939329@1024:1/1;1811939329@2048:1/1;1811939329@4096:1/1;1811939329@8192:3/2;1811939329@16384:3/2;1811939329@32768:4/2;2013265921@1024:1/1;2013265921@2048:1/1;2013265921@4096:1/1;2013265921@8192:3/2;2013265921@16384:3/2;2013265921@32768:4/2
div_threshold,1000000007,16384,1300,spread,selected,6571,6544,6620,1,3,0,0,,
exp_threshold,1000000007,16384,1300,spread,sparse,6549,6537,6707,1,3,0,0,,
exp_threshold,1000000007,16384,1300,spread,dense,23309,23113,23480,1,3,177,15433728,1024:21/12;2048:21/12;4096:21/12;8192:27/15;16384:24/12,469762049@1024:7/4;469762049@2048:7/4;469762049@4096:7/4;469762049@8192:9/5;469762049@16384:8/4;1811939329@1024:7/4;1811939329@2048:7/4;1811939329@4096:7/4;1811939329@8192:9/5;1811939329@16384:8/4;2013265921@1024:7/4;2013265921@2048:7/4;2013265921@4096:7/4;2013265921@8192:9/5;2013265921@16384:8/4
exp_threshold,1000000007,16384,1300,spread,selected,6598,6550,6676,1,3,0,0,,
pow_threshold,1000000007,16384,1300,spread,sparse,13279,13235,13421,1,3,0,0,,
pow_threshold,1000000007,16384,1300,spread,dense,44837,44746,45016,1,3,275,30547978,2:3/2;1024:30/18;2048:30/18;4096:30/18;8192:36/21;16384:33/18;32768:12/6,469762049@1024:10/6;469762049@2048:10/6;469762049@4096:10/6;469762049@8192:12/7;469762049@16384:11/6;469762049@32768:4/2;1000000007@2:3/2;1811939329@1024:10/6;1811939329@2048:10/6;1811939329@4096:10/6;1811939329@8192:12/7;1811939329@16384:11/6;1811939329@32768:4/2;2013265921@1024:10/6;2013265921@2048:10/6;2013265921@4096:10/6;2013265921@8192:12/7;2013265921@16384:11/6;2013265921@32768:4/2
pow_threshold,1000000007,16384,1300,spread,selected,13243,13234,13967,1,3,0,0,,
sqrt_threshold,1000000007,16384,1300,spread,sparse,13232,13207,13357,1,3,0,0,,
sqrt_threshold,1000000007,16384,1300,spread,dense,23307,23279,23422,1,3,305,14727238,2:21/14;1024:51/33;2048:42/27;4096:33/21;8192:24/15;16384:15/9,469762049@1024:17/11;469762049@2048:14/9;469762049@4096:11/7;469762049@8192:8/5;469762049@16384:5/3;1000000007@2:21/14;1811939329@1024:17/11;1811939329@2048:14/9;1811939329@4096:11/7;1811939329@8192:8/5;1811939329@16384:5/3;2013265921@1024:17/11;2013265921@2048:14/9;2013265921@4096:11/7;2013265921@8192:8/5;2013265921@16384:5/3
sqrt_threshold,1000000007,16384,1300,spread,selected,13167,13059,13292,1,3,0,0,,
inv_threshold,1000000007,16384,1600,spread,sparse,8079,8063,8239,1,3,0,0,,
inv_threshold,1000000007,16384,1600,spread,dense,15105,14994,15187,1,3,62,9953290,2:3/2;1024:3/3;2048:3/3;4096:3/3;8192:9/6;16384:9/6;32768:6/3,469762049@1024:1/1;469762049@2048:1/1;469762049@4096:1/1;469762049@8192:3/2;469762049@16384:3/2;469762049@32768:2/1;1000000007@2:3/2;1811939329@1024:1/1;1811939329@2048:1/1;1811939329@4096:1/1;1811939329@8192:3/2;1811939329@16384:3/2;1811939329@32768:2/1;2013265921@1024:1/1;2013265921@2048:1/1;2013265921@4096:1/1;2013265921@8192:3/2;2013265921@16384:3/2;2013265921@32768:2/1
inv_threshold,1000000007,16384,1600,spread,selected,8002,7841,8402,1,3,0,0,,
div_threshold,1000000007,16384,1600,spread,sparse,7789,7735,7878,1,3,0,0,,
div_threshold,1000000007,16384,1600,spread,dense,20990,20971,21173,1,3,71,14376970,2:3/2;1024:3/3;2048:3/3;4096:3/3;8192:9/6;16384:9/6;32768:12/6,469762049@1024:1/1;469762049@2048:1/1;469762049@4096:1/1;469762049@8192:3/2;469762049@16384:3/2;469762049@32768:4/2;1000000007@2:3/2;1811939329@1024:1/1;1811939329@2048:1/1;1811939329@4096:1/1;1811939329@8192:3/2;1811939329@16384:3/2;1811939329@32768:4/2;2013265921@1024:1/1;2013265921@2048:1/1;2013265921@4096:1/1;2013265921@8192:3/2;2013265921@16384:3/2;2013265921@32768:4/2
div_threshold,1000000007,16384,1600,spread,selected,7868,7824,7876,1,3,0,0,,
exp_threshold,1000000007,16384,1600,spread,sparse,15667,8483,15689,1,3,0,0,,
exp_threshold,1000000007,16384,1600,spread,dense,24344,23759,31607,1,3,177,15433728,1024:21/12;2048:21/12;4096:21/12;8192:27/15;16384:24/12,469762049@1024:7/4;469762049@2048:7/4;469762049@4096:7/4;469762049@8192:9/5;469762049@16384:8/4;1811939329@1024:7/4;1811939329@2048:7/4;1811939329@4096:7/4;1811939329@8192:9/5;1811939329@16384:8/4;2013265921@1024:7/4;2013265921@2048:7/4;2013265921@4096:7/4;2013265921@8192:9/5;2013265921@16384:8/4
exp_threshold,1000000007,16384,1600,spread,selected,14452,8477,28614,1,3,0,0,,
pow_threshold,1000000007,16384,1600,spread,sparse,16528,16435,22767,1,3,0,0,,
pow_threshold,1000000007,16384,1600,spread,dense,48423,45718,51013,1,3,275,30547978,2:3/2;1024:30/18;2048:30/18;4096:30/18;8192:36/21;16384:33/18;32768:12/6,469762049@1024:10/6;469762049@2048:10/6;469762049@4096:10/6;469762049@8192:12/7;469762049@16384:11/6;469762049@32768:4/2;1000000007@2:3/2;1811939329@1024:10/6;1811939329@2048:10/6;1811939329@4096:10/6;1811939329@8192:12/7;1811939329@16384:11/6;1811939329@32768:4/2;2013265921@1024:10/6;2013265921@2048:10/6;2013265921@4096:10/6;2013265921@8192:12/7;2013265921@16384:11/6;2013265921@32768:4/2
pow_threshold,1000000007,16384,1600,spread,selected,16472,16315,17119,1,3,0,0,,
sqrt_threshold,1000000007,16384,1600,spread,sparse,16625,16153,16683,1,3,0,0,,
sqrt_threshold,1000000007,16384,1600,spread,dense,23605,23258,24746,1,3,305,14727238,2:21/14;1024:51/33;2048:42/27;4096:33/21;8192:24/15;16384:15/9,469762049@1024:17/11;469762049@2048:14/9;469762049@4096:11/7;469762049@8192:8/5;469762049@16384:5/3;1000000007@2:21/14;1811939329@1024:17/11;1811939329@2048:14/9;1811939329@4096:11/7;1811939329@8192:8/5;1811939329@16384:5/3;2013265921@1024:17/11;2013265921@2048:14/9;2013265921@4096:11/7;2013265921@8192:8/5;2013265921@16384:5/3
sqrt_threshold,1000000007,16384,1600,spread,selected,16406,16265,17330,1,3,0,0,,
inv_threshold,1000000007,16384,2000,spread,sparse,9865,9690,9939,1,3,0,0,,
inv_threshold,1000000007,16384,2000,spread,dense,15053,15035,15119,1,3,62,9953290,2:3/2;1024:3/3;2048:3/3;4096:3/3;8192:9/6;16384:9/6;32768:6/3,469762049@1024:1/1;469762049@2048:1/1;469762049@4096:1/1;469762049@8192:3/2;469762049@16384:3/2;469762049@32768:2/1;1000000007@2:3/2;1811939329@1024:1/1;1811939329@2048:1/1;1811939329@4096:1/1;1811939329@8192:3/2;1811939329@16384:3/2;1811939329@32768:2/1;2013265921@1024:1/1;2013265921@2048:1/1;2013265921@4096:1/1;2013265921@8192:3/2;2013265921@16384:3/2;2013265921@32768:2/1
inv_threshold,1000000007,16384,2000,spread,selected,10016,9979,10026,1,3,0,0,,
div_threshold,1000000007,16384,2000,spread,sparse,9863,9856,9890,1,3,0,0,,
div_threshold,1000000007,16384,2000,spread,dense,20959,20946,21049,1,3,71,14376970,2:3/2;1024:3/3;2048:3/3;4096:3/3;8192:9/6;16384:9/6;32768:12/6,469762049@1024:1/1;469762049@2048:1/1;469762049@4096:1/1;469762049@8192:3/2;469762049@16384:3/2;469762049@32768:4/2;1000000007@2:3/2;1811939329@1024:1/1;1811939329@2048:1/1;1811939329@4096:1/1;1811939329@8192:3/2;1811939329@16384:3/2;1811939329@32768:4/2;2013265921@1024:1/1;2013265921@2048:1/1;2013265921@4096:1/1;2013265921@8192:3/2;2013265921@16384:3/2;2013265921@32768:4/2
div_threshold,1000000007,16384,2000,spread,selected,9895,9833,9910,1,3,0,0,,
exp_threshold,1000000007,16384,2000,spread,sparse,9842,9803,9929,1,3,0,0,,
exp_threshold,1000000007,16384,2000,spread,dense,23105,23060,23401,1,3,177,15433728,1024:21/12;2048:21/12;4096:21/12;8192:27/15;16384:24/12,469762049@1024:7/4;469762049@2048:7/4;469762049@4096:7/4;469762049@8192:9/5;469762049@16384:8/4;1811939329@1024:7/4;1811939329@2048:7/4;1811939329@4096:7/4;1811939329@8192:9/5;1811939329@16384:8/4;2013265921@1024:7/4;2013265921@2048:7/4;2013265921@4096:7/4;2013265921@8192:9/5;2013265921@16384:8/4
exp_threshold,1000000007,16384,2000,spread,selected,9733,9658,9976,1,3,0,0,,
pow_threshold,1000000007,16384,2000,spread,sparse,21558,20159,21698,1,3,0,0,,
pow_threshold,1000000007,16384,2000,spread,dense,46516,45032,46874,1,3,275,30547978,2:3/2;1024:30/18;2048:30/18;4096:30/18;8192:36/21;16384:33/18;32768:12/6,469762049@1024:10/6;469762049@2048:10/6;469762049@4096:10/6;469762049@8192:12/7;469762049@16384:11/6;469762049@32768:4/2;1000000007@2:3/2;1811939329@1024:10/6;1811939329@2048:10/6;1811939329@4096:10/6;1811939329@8192:12/7;1811939329@16384:11/6;1811939329@32768:4/2;2013265921@1024:10/6;2013265921@2048:10/6;2013265921@4096:10/6;2013265921@8192:12/7;2013265921@16384:11/6;2013265921@32768:4/2
pow_threshold,1000000007,16384,2000,spread,selected,20361,19909,20530,1,3,0,0,,
sqrt_threshold,1000000007,16384,2000,spread,sparse,19960,19958,19975,1,3,0,0,,
sqrt_threshold,1000000007,16384,2000,spread,dense,23349,23326,23386,1,3,305,14727238,2:21/14;1024:51/33;2048:42/27;4096:33/21;8192:24/15;16384:15/9,469762049@1024:17/11;469762049@2048:14/9;469762049@4096:11/7;469762049@8192:8/5;469762049@16384:5/3;1000000007@2:21/14;1811939329@1024:17/11;1811939329@2048:14/9;1811939329@4096:11/7;1811939329@8192:8/5;1811939329@16384:5/3;2013265921@1024:17/11;2013265921@2048:14/9;2013265921@4096:11/7;2013265921@8192:8/5;2013265921@16384:5/3
sqrt_threshold,1000000007,16384,2000,spread,selected,19812,19724,19899,1,3,0,0,,
inv_threshold,1000000007,16384,2500,spread,sparse,12388,12378,12512,1,3,0,0,,
inv_threshold,1000000007,16384,2500,spread,dense,15286,15242,15306,1,3,71,10395658,2:3/2;1024:3/3;2048:3/3;4096:9/6;8192:9/6;16384:9/6;32768:6/3,469762049@1024:1/1;469762049@2048:1/1;469762049@4096:3/2;469762049@8192:3/2;469762049@16384:3/2;469762049@32768:2/1;1000000007@2:3/2;1811939329@1024:1/1;1811939329@2048:1/1;1811939329@4096:3/2;1811939329@8192:3/2;1811939329@16384:3/2;1811939329@32768:2/1;2013265921@1024:1/1;2013265921@2048:1/1;2013265921@4096:3/2;2013265921@8192:3/2;2013265921@16384:3/2;2013265921@32768:2/1
inv_threshold,1000000007,16384,2500,spread,selected,12425,12413,12448,1,3,0,0,,
div_threshold,1000000007,16384,2500,spread,sparse,12425,12199,12455,1,3,0,0,,
div_threshold,1000000007,16384,2500,spread,dense,21288,21278,21322,1,3,80,14819338,2:3/2;1024:3/3;2048:3/3;4096:9/6;8192:9/6;16384:9/6;32768:12/6,469762049@1024:1/1;469762049@2048:1/1;469762049@4096:3/2;469762049@8192:3/2;469762049@16384:3/2;469762049@32768:4/2;1000000007@2:3/2;1811939329@1024:1/1;1811939329@2048:1/1;1811939329@4096:3/2;1811939329@8192:3/2;1811939329@16384:3/2;1811939329@32768:4/2;2013265921@1024:1/1;2013265921@2048:1/1;2013265921@4096:3/2;2013265921@8192:3/2;2013265921@16384:3/2;2013265921@32768:4/2
div_threshold,1000000007,16384,2500,spread,selected,12419,12414,12480,1,3,0,0,,
exp_threshold,1000000007,16384,2500,spread,sparse,12419,12413,12474,1,3,0,0,,
exp_threshold,1000000007,16384,2500,spread,dense,23362,23360,23381,1,3,186,15876096,1024:21/12;2048:21/12;4096:27/15;8192:27/15;16384:24/12,469762049@1024:7/4;469762049@2048:7/4;469762049@4096:9/5;469762049@8192:9/5;469762049@16384:8/4;1811939329@1024:7/4;1811939329@2048:7/4;1811939329@4096:9/5;1811939329@8192:9/5;1811939329@16384:8/4;2013265921@1024:7/4;2013265921@2048:7/4;2013265921@4096:9/5;2013265921@8192:9/5;2013265921@16384:8/4
exp_threshold,1000000007,16384,2500,spread,selected,12447,12429,12452,1,3,0,0,,
pow_threshold,1000000007,16384,2500,spread,sparse,24873,24855,24993,1,3,0,0,,
pow_threshold,1000000007,16384,2500,spread,dense,45061,44983,45221,1,3,284,30990346,2:3/2;1024:30/18;2048:30/18;4096:36/21;8192:36/21;16384:33/18;32768:12/6,469762049@1024:10/6;469762049@2048:10/6;469762049@4096:12/7;469762049@8192:12/7;469762049@16384:11/6;469762049@32768:4/2;1000000007@2:3/2;1811939329@1024:10/6;1811939329@2048:10/6;1811939329@4096:12/7;1811939329@8192:12/7;1811939329@16384:11/6;1811939329@32768:4/2;2013265921@1024:10/6;2013265921@2048:10/6;2013265921@4096:12/7;2013265921@8192:12/7;2013265921@16384:11/6;2013265921@32768:4/2
pow_threshold,1000000007,16384,2500,spread,selected,25009,24917,25386,1,3,0,0,,
sqrt_threshold,1000000007,16384,2500,spread,sparse,24840,24735,24909,1,3,0,0,,
sqrt_threshold,1000000007,16384,2500,spread,dense,23326,23297,23336,1,3,310,14727248,2:24/16;1024:51/33;2048:42/27;4096:33/21;8192:24/15;16384:15/9,469762049@1024:17/11;469762049@2048:14/9;469762049@4096:11/7;469762049@8192:8/5;469762049@16384:5/3;1000000007@2:24/16;1811939329@1024:17/11;1811939329@2048:14/9;1811939329@4096:11/7;1811939329@8192:8/5;1811939329@16384:5/3;2013265921@1024:17/11;2013265921@2048:14/9;2013265921@4096:11/7;2013265921@8192:8/5;2013265921@16384:5/3
sqrt_threshold,1000000007,16384,2500,spread,selected,22318,22291,22355,1,3,208,13344788,2:6/4;1024:27/18;2048:27/18;4096:27/18;8192:24/15;16384:15/9,469762049@1024:9/6;469762049@2048:9/6;469762049@4096:9/6;469762049@8192:8/5;469762049@16384:5/3;1000000007@2:6/4;1811939329@1024:9/6;1811939329@2048:9/6;1811939329@4096:9/6;1811939329@8192:8/5;1811939329@16384:5/3;2013265921@1024:9/6;2013265921@2048:9/6;2013265921@4096:9/6;2013265921@8192:8/5;2013265921@16384:5/3
inv_threshold,1000000007,16384,3000,spread,sparse,15250,14840,15441,1,3,0,0,,
inv_threshold,1000000007,16384,3000,spread,dense,15321,15302,15444,1,3,71,10395658,2:3/2;1024:3/3;2048:3/3;4096:9/6;8192:9/6;16384:9/6;32768:6/3,469762049@1024:1/1;469762049@2048:1/1;469762049@4096:3/2;469762049@8192:3/2;469762049@16384:3/2;469762049@32768:2/1;1000000007@2:3/2;1811939329@1024:1/1;1811939329@2048:1/1;1811939329@4096:3/2;1811939329@8192:3/2;1811939329@16384:3/2;1811939329@32768:2/1;2013265921@1024:1/1;2013265921@2048:1/1;2013265921@4096:3/2;2013265921@8192:3/2;2013265921@16384:3/2;2013265921@32768:2/1
inv_threshold,1000000007,16384,3000,spread,selected,14860,14827,16809,1,3,0,0,,
div_threshold,1000000007,16384,3000,spread,sparse,14830,14829,14836,1,3,0,0,,
div_threshold,1000000007,16384,3000,spread,dense,21228,21202,21639,1,3,80,14819338,2:3/2;1024:3/3;2048:3/3;4096:9/6;8192:9/6;16384:9/6;32768:12/6,469762049@1024:1/1;469762049@2048:1/1;469762049@4096:3/2;469762049@8192:3/2;469762049@16384:3/2;469762049@32768:4/2;1000000007@2:3/2;1811939329@1024:1/1;1811939329@2048:1/1;1811939329@4096:3/2;1811939329@8192:3/2;1811939329@16384:3/2;1811939329@32768:4/2;2013265921@1024:1/1;2013265921@2048:1/1;2013265921@4096:3/2;2013265921@8192:3/2;2013265921@16384:3/2;2013265921@32768:4/2
div_threshold,1000000007,16384,3000,spread,selected,14840,14818,14893,1,3,0,0,,
exp_threshold,1000000007,16384,3000,spread,sparse,14921,14896,15075,1,3,0,0,,
exp_threshold,1000000007,16384,3000,spread,dense,23378,23374,23424,1,3,186,15876096,1024:21/12;2048:21/12;4096:27/15;8192:27/15;16384:24/12,469762049@1024:7/4;469762049@2048:7/4;469762049@4096:9/5;469762049@8192:9/5;469762049@16384:8/4;1811939329@1024:7/4;1811939329@2048:7/4;1811939329@4096:9/5;1811939329@8192:9/5;1811939329@16384:8/4;2013265921@1024:7/4;2013265921@2048:7/4;2013265921@4096:9/5;2013265921@8192:9/5;2013265921@16384:8/4
exp_threshold,1000000007,16384,3000,spread,selected,14877,14876,14990,1,3,0,0,,
pow_threshold,1000000007,16384,3000,spread,sparse,29989,29777,30209,1,3,0,0,,
pow_threshold,1000000007,16384,3000,spread,dense,45145,45053,45451,1,3,284,30990346,2:3/2;1024:30/18;2048:30/18;4096:36/21;8192:36/21;16384:33/18;32768:12/6,469762049@1024:10/6;469762049@2048:10/6;469762049@4096:12/7;469762049@8192:12/7;469762049@16384:11/6;469762049@32768:4/2;1000000007@2:3/2;1811939329@1024:10/6;1811939329@2048:10/6;1811939329@4096:12/7;1811939329@8192:12/7;1811939329@16384:11/6;1811939329@32768:4/2;2013265921@1024:10/6;2013265921@2048:10/6;2013265921@4096:12/7;2013265921@8192:12/7;2013265921@16384:11/6;2013265921@32768:4/2
pow_threshold,1000000007,16384,3000,spread,selected,29879,29633,30055,1,3,0,0,,
sqrt_threshold,1000000007,16384,3000,spread,sparse,29793,29698,29803,1,3,0,0,,
sqrt_threshold,1000000007,16384,3000,spread,dense,23338,23333,23389,1,3,315,14727258,2:27/18;1024:51/33;2048:42/27;4096:33/21;8192:24/15;16384:15/9,469762049@1024:17/11;469762049@2048:14/9;469762049@4096:11/7;469762049@8192:8/5;469762049@16384:5/3;1000000007@2:27/18;1811939329@1024:17/11;1811939329@2048:14/9;1811939329@4096:11/7;1811939329@8192:8/5;1811939329@16384:5/3;2013265921@1024:17/11;2013265921@2048:14/9;2013265921@4096:11/7;2013265921@8192:8/5;2013265921@16384:5/3
sqrt_threshold,1000000007,16384,3000,spread,selected,22372,22367,22398,1,3,208,13344788,2:6/4;1024:27/18;2048:27/18;4096:27/18;8192:24/15;16384:15/9,469762049@1024:9/6;469762049@2048:9/6;469762049@4096:9/6;469762049@8192:8/5;469762049@16384:5/3;1000000007@2:6/4;1811939329@1024:9/6;1811939329@2048:9/6;1811939329@4096:9/6;1811939329@8192:8/5;1811939329@16384:5/3;2013265921@1024:9/6;2013265921@2048:9/6;2013265921@4096:9/6;2013265921@8192:8/5;2013265921@16384:5/3
inv_threshold,1000000007,16384,512,suffix,sparse,112.353,112.176,112.471,17,3,0,0,,
inv_threshold,1000000007,16384,512,suffix,dense,18.3153,18.2162,18.3153,111,3,0,0,,
inv_threshold,1000000007,16384,512,suffix,selected,18.2883,18.2523,18.4234,111,3,0,0,,
div_threshold,1000000007,16384,512,suffix,sparse,111,110.5,111.056,18,3,0,0,,
div_threshold,1000000007,16384,512,suffix,dense,6003,5981,6031,1,3,9,4423680,32768:6/3,469762049@32768:2/1;1811939329@32768:2/1;2013265921@32768:2/1
div_threshold,1000000007,16384,512,suffix,selected,118.938,118.75,119.062,16,3,0,0,,
exp_threshold,1000000007,16384,512,suffix,sparse,154.75,154.417,154.75,12,3,0,0,,
exp_threshold,1000000007,16384,512,suffix,dense,7.09375,7.05469,7.09375,128,3,0,0,,
exp_threshold,1000000007,16384,512,suffix,selected,7.05469,7.03125,7.20312,128,3,0,0,,
pow_threshold,1000000007,16384,512,suffix,sparse,276.5,276.167,276.5,6,3,0,0,,
pow_threshold,1000000007,16384,512,suffix,dense,26.8243,26.7162,26.8649,74,3,0,0,,
pow_threshold,1000000007,16384,512,suffix,selected,26.8158,26.75,27.3289,76,3,0,0,,
sqrt_threshold,1000000007,16384,512,suffix,sparse,275.714,275.714,293.571,7,3,0,0,,
sqrt_threshold,1000000007,16384,512,suffix,dense,27.4648,27.1972,27.8873,71,3,0,0,,
sqrt_threshold,1000000007,16384,512,suffix,selected,27.2568,27.1892,27.4459,74,3,0,0,,
inv_threshold,1000000007,16384,800,suffix,sparse,232.125,229.875,235.875,8,3,0,0,,
inv_threshold,1000000007,16384,800,suffix,dense,18.2973,18.2613,18.3964,111,3,0,0,,
inv_threshold,1000000007,16384,800,suffix,selected,18.2252,18.1712,18.3063,111,3,0,0,,
div_threshold,1000000007,16384,800,suffix,sparse,225.5,225.375,229.5,8,3,0,0,,
div_threshold,1000000007,16384,800,suffix,dense,5992,5980,6063,1,3,9,4423680,32768:6/3,469762049@32768:2/1;1811939329@32768:2/1;2013265921@32768:2/1
div_threshold,1000000007,16384,800,suffix,selected,234.25,233.625,245,8,3,0,0,,
exp_threshold,1000000007,16384,800,suffix,sparse,271.429,269.429,274.143,7,3,0,0,,
exp_threshold,1000000007,16384,800,suffix,dense,6.96094,6.91406,6.99219,128,3,0,0,,
exp_threshold,1000000007,16384,800,suffix,selected,7,6.94531,7.00781,128,3,0,0,,
pow_threshold,1000000007,16384,800,suffix,sparse,517.333,500.333,529.333,3,3,0,0,,
pow_threshold,1000000007,16384,800,suffix,dense,26.6892,26.6622,26.7838,74,3,0,0,,
pow_threshold,1000000007,16384,800,suffix,selected,26.6711,26.6447,26.7763,76,3,0,0,,
sqrt_threshold,1000000007,16384,800,suffix,sparse,522.5,500.75,531.25,4,3,0,0,,
sqrt_threshold,1000000007,16384,800,suffix,dense,27.3803,27.1268,28.9155,71,3,0,0,,
sqrt_threshold,1000000007,16384,800,suffix,selected,27.6622,27.0811,29.9189,74,3,0,0,,
inv_threshold,1000000007,16384,1300,suffix,sparse,637.333,554.667,682.667,3,3,0,0,,
inv_threshold,1000000007,16384,1300,suffix,dense,18.42,18.39,21.26,100,3,0,0,,
inv_threshold,1000000007,16384,1300,suffix,selected,18.05,18.05,18.0625,80,3,0,0,,
div_threshold,1000000007,16384,1300,suffix,sparse,548,540.667,561,3,3,0,0,,
div_threshold,1000000007,16384,1300,suffix,dense,6124,6118,6192,1,3,9,4423680,32768:6/3,469762049@32768:2/1;1811939329@32768:2/1;2013265921@32768:2/1
div_threshold,1000000007,16384,1300,suffix,selected,554,553.333,560.333,3,3,0,0,,
exp_threshold,1000000007,16384,1300,suffix,sparse,596.333,591,627.667,3,3,0,0,,
exp_threshold,1000000007,16384,1300,suffix,dense,6.89062,6.8125,6.92969,128,3,0,0,,
exp_threshold,1000000007,16384,1300,suffix,selected,7.04688,6.92969,7.07031,128,3,0,0,,
pow_threshold,1000000007,16384,1300,suffix,sparse,1239,1224,1261,1,3,0,0,,
pow_threshold,1000000007,16384,1300,suffix,dense,27.7568,27.1351,29.1216,74,3,0,0,,
pow_threshold,1000000007,16384,1300,suffix,selected,27.7027,25.1622,28.3649,74,3,0,0,,
sqrt_threshold,1000000007,16384,1300,suffix,sparse,1119,1119,1122,1,3,0,0,,
sqrt_threshold,1000000007,16384,1300,suffix,dense,27.0704,27.0563,27.2958,71,3,0,0,,
sqrt_threshold,1000000007,16384,1300,suffix,selected,27.4789,27.1268,27.6056,71,3,0,0,,
inv_threshold,1000000007,16384,1600,suffix,sparse,817,806,826.5,2,3,0,0,,
inv_threshold,1000000007,16384,1600,suffix,dense,18.1622,18.045,18.7838,111,3,0,0,,
inv_threshold,1000000007,16384,1600,suffix,selected,18.1171,18,18.5225,111,3,0,0,,
div_threshold,1000000007,16384,1600,suffix,sparse,809.5,808,813.5,2,3,0,0,,
div_threshold,1000000007,16384,1600,suffix,dense,5971,5960,5988,1,3,9,4423680,32768:6/3,469762049@32768:2/1;1811939329@32768:2/1;2013265921@32768:2/1
div_threshold,1000000007,16384,1600,suffix,selected,817.5,812,826,2,3,0,0,,
exp_threshold,1000000007,16384,1600,suffix,sparse,841.5,834,857,2,3,0,0,,
exp_threshold,1000000007,16384,1600,suffix,dense,6.80469,6.74219,6.86719,128,3,0,0,,
exp_threshold,1000000007,16384,1600,suffix,selected,6.75781,6.71875,6.76562,128,3,0,0,,
pow_threshold,1000000007,16384,1600,suffix,sparse,1643,1637,1703,1,3,0,0,,
pow_threshold,1000000007,16384,1600,suffix,dense,26.8451,26.6901,27.3944,71,3,0,0,,
pow_threshold,1000000007,16384,1600,suffix,selected,27.1711,26.6842,27.2368,76,3,0,0,,
sqrt_threshold,1000000007,16384,1600,suffix,sparse,1637,1628,1641,1,3,0,0,,
sqrt_threshold,1000000007,16384,1600,suffix,dense,27.0405,27.0135,27.0405,74,3,0,0,,
sqrt_threshold,1000000007,16384,1600,suffix,selected,27.0263,26.9211,27.6974,76,3,0,0,,
inv_threshold,1000000007,16384,2000,suffix,sparse,1416,1299,1431,1,3,0,0,,
inv_threshold,1000000007,16384,2000,suffix,dense,21.1512,18.3372,21.686,86,3,0,0,,
inv_threshold,1000000007,16384,2000,suffix,selected,18.7949,18.2991,23.1111,117,3,0,0,,
div_threshold,1000000007,16384,2000,suffix,sparse,1465,1442,2292,1,3,0,0,,
div_threshold,1000000007,16384,2000,suffix,dense,6929,6471,6971,1,3,9,4423680,32768:6/3,469762049@32768:2/1;1811939329@32768:2/1;2013265921@32768:2/1
div_threshold,1000000007,16384,2000,suffix,selected,1408,1385,1471,1,3,0,0,,
exp_threshold,1000000007,16384,2000,suffix,sparse,1371,1309,1390,1,3,0,0,,
exp_threshold,1000000007,16384,2000,suffix,dense,7.21094,6.36719,7.875,128,3,0,0,,
exp_threshold,1000000007,16384,2000,suffix,selected,7.00781,6.53906,7.15625,128,3,0,0,,
pow_threshold,1000000007,16384,2000,suffix,sparse,2611,2566,2636,1,3,0,0,,
pow_threshold,1000000007,16384,2000,suffix,dense,27.9189,27.0405,28.027,74,3,0,0,,
pow_threshold,1000000007,16384,2000,suffix,selected,27.9437,27.4507,28.9155,71,3,0,0,,
sqrt_threshold,1000000007,16384,2000,suffix,sparse,2560,2546,2769,1,3,0,0,,
sqrt_threshold,1000000007,16384,2000,suffix,dense,27.4648,27.1408,27.6056,71,3,0,0,,
sqrt_threshold,1000000007,16384,2000,suffix,selected,27.4737,26.7105,27.9211,76,3,0,0,,
inv_threshold,1000000007,16384,2500,suffix,sparse,1971,1888,1974,1,3,0,0,,
inv_threshold,1000000007,16384,2500,suffix,dense,17.8291,17.1282,18.0513,117,3,0,0,,
inv_threshold,1000000007,16384,2500,suffix,selected,17.8718,17.735,18.4444,117,3,0,0,,
div_threshold,1000000007,16384,2500,suffix,sparse,1928,1915,1965,1,3,0,0,,
div_threshold,1000000007,16384,2500,suffix,dense,6031,6011,6086,1,3,9,4423680,32768:6/3,469762049@32768:2/1;1811939329@32768:2/1;2013265921@32768:2/1
div_threshold,1000000007,16384,2500,suffix,selected,1945,1921,1974,1,3,0,0,,
exp_threshold,1000000007,16384,2500,suffix,sparse,2050,1999,2129,1,3,0,0,,
exp_threshold,1000000007,16384,2500,suffix,dense,6.64062,6.61719,7.47656,128,3,0,0,,
exp_threshold,1000000007,16384,2500,suffix,selected,6.54688,6.53906,7.00781,128,3,0,0,,
pow_threshold,1000000007,16384,2500,suffix,sparse,4186,3993,4218,1,3,0,0,,
pow_threshold,1000000007,16384,2500,suffix,dense,26.8485,26.8182,27.1364,66,3,0,0,,
pow_threshold,1000000007,16384,2500,suffix,selected,27.0658,26.4868,27.6711,76,3,0,0,,
sqrt_threshold,1000000007,16384,2500,suffix,sparse,3987,3932,4298,1,3,0,0,,
sqrt_threshold,1000000007,16384,2500,suffix,dense,27.9859,27.9014,28.169,71,3,0,0,,
sqrt_threshold,1000000007,16384,2500,suffix,selected,29.9865,27.2838,30.1892,74,3,0,0,,
inv_threshold,1000000007,16384,3000,suffix,sparse,2882,2877,3127,1,3,0,0,,
inv_threshold,1000000007,16384,3000,suffix,dense,18.3784,18.0811,18.5135,111,3,0,0,,
inv_threshold,1000000007,16384,3000,suffix,selected,19.2821,18.0427,21.4359,117,3,0,0,,
div_threshold,1000000007,16384,3000,suffix,sparse,2728,2706,3219,1,3,0,0,,
div_threshold,1000000007,16384,3000,suffix,dense,6156,5976,6410,1,3,9,4423680,32768:6/3,469762049@32768:2/1;1811939329@32768:2/1;2013265921@32768:2/1
div_threshold,1000000007,16384,3000,suffix,selected,2845,2752,2918,1,3,0,0,,
exp_threshold,1000000007,16384,3000,suffix,sparse,2965,2956,3167,1,3,0,0,,
exp_threshold,1000000007,16384,3000,suffix,dense,7.10156,6.89062,12.3906,128,3,0,0,,
exp_threshold,1000000007,16384,3000,suffix,selected,6.90625,6.76562,7.03125,128,3,0,0,,
pow_threshold,1000000007,16384,3000,suffix,sparse,6187,5797,6913,1,3,0,0,,
pow_threshold,1000000007,16384,3000,suffix,dense,31.4225,27.9859,40.5493,71,3,0,0,,
pow_threshold,1000000007,16384,3000,suffix,selected,27.6197,27.4225,46.3662,71,3,0,0,,
sqrt_threshold,1000000007,16384,3000,suffix,sparse,5703,5592,5743,1,3,0,0,,
sqrt_threshold,1000000007,16384,3000,suffix,dense,28.2817,27.5211,28.4085,71,3,0,0,,
sqrt_threshold,1000000007,16384,3000,suffix,selected,27.5882,27.2647,27.7059,68,3,0,0,,
