suite,mod,n,points,layout,variant,median_us,min_us,max_us,iterations,rounds,ntt_calls,ntt_weight,transforms,kernels
inv_threshold,998244353,4096,32,prefix,sparse,92.1429,91.9048,92.9048,21,3,0,0,,
inv_threshold,998244353,4096,32,prefix,dense,399.2,380,423.2,5,3,60,450570,2:3/2;4:3/2;8:3/2;16:3/2;32:3/2;64:3/2;128:3/2;256:3/2;512:3/2;1024:3/2;2048:3/2;4096:3/2,998244353@2:3/2;998244353@4:3/2;998244353@8:3/2;998244353@16:3/2;998244353@32:3/2;998244353@64:3/2;998244353@128:3/2;998244353@256:3/2;998244353@512:3/2;998244353@1024:3/2;998244353@2048:3/2;998244353@4096:3/2
inv_threshold,998244353,4096,32,prefix,selected,94.9,93.8,100.75,20,3,0,0,,
div_threshold,998244353,4096,32,prefix,sparse,91.8095,91.5238,93.4286,21,3,0,0,,
div_threshold,998244353,4096,32,prefix,dense,649,645.5,672,2,3,63,770058,2:3/2;4:3/2;8:3/2;16:3/2;32:3/2;64:3/2;128:3/2;256:3/2;512:3/2;1024:3/2;2048:3/2;4096:3/2;8192:2/1,998244353@2:3/2;998244353@4:3/2;998244353@8:3/2;998244353@16:3/2;998244353@32:3/2;998244353@64:3/2;998244353@128:3/2;998244353@256:3/2;998244353@512:3/2;998244353@1024:3/2;998244353@2048:3/2;998244353@4096:3/2;998244353@8192:2/1
div_threshold,998244353,4096,32,prefix,selected,91.9048,91.8571,92.0952,21,3,0,0,,
exp_threshold,998244353,4096,32,prefix,sparse,98.65,97.7,98.7,20,3,0,0,,
exp_threshold,998244353,4096,32,prefix,dense,581,572.667,587.333,3,3,183,595988,2:5/5;4:9/7;8:9/7;16:9/7;32:9/7;64:9/7;128:9/7;256:12/9;512:5/3;1024:27/21,998244353@2:5/5;998244353@4:9/7;998244353@8:9/7;998244353@16:9/7;998244353@32:9/7;998244353@64:9/7;998244353@128:9/7;998244353@256:12/9;998244353@512:5/3;998244353@1024:27/21
exp_threshold,998244353,4096,32,prefix,selected,99.35,98.45,102.75,20,3,0,0,,
pow_threshold,998244353,4096,32,prefix,sparse,193.444,190.778,197.889,9,3,0,0,,
pow_threshold,998244353,4096,32,prefix,dense,1093,1092,1264,1,3,243,1046558,2:8/7;4:12/9;8:12/9;16:12/9;32:12/9;64:12/9;128:12/9;256:15/11;512:8/5;1024:30/23;2048:3/2;4096:3/2,998244353@2:8/7;998244353@4:12/9;998244353@8:12/9;998244353@16:12/9;998244353@32:12/9;998244353@64:12/9;998244353@128:12/9;998244353@256:15/11;998244353@512:8/5;998244353@1024:30/23;998244353@2048:3/2;998244353@4096:3/2
pow_threshold,998244353,4096,32,prefix,selected,198.4,196.2,200.1,10,3,0,0,,
sqrt_threshold,998244353,4096,32,prefix,sparse,196.2,189.7,197.3,10,3,0,0,,
sqrt_threshold,998244353,4096,32,prefix,dense,403.5,399.5,417.5,4,3,246,326638,2:21/14;4:21/14;8:18/12;16:15/10;32:12/8;64:9/6;128:9/6;256:6/4;512:31/30,998244353@2:21/14;998244353@4:21/14;998244353@8:18/12;998244353@16:15/10;998244353@32:12/8;998244353@64:9/6;998244353@128:9/6;998244353@256:6/4;998244353@512:31/30
sqrt_threshold,998244353,4096,32,prefix,selected,196.6,194.3,208.1,10,3,0,0,,
inv_threshold,998244353,4096,64,prefix,sparse,169.545,169.091,169.818,11,3,0,0,,
inv_threshold,998244353,4096,64,prefix,dense,382.75,379.5,385.5,4,3,60,450570,2:3/2;4:3/2;8:3/2;16:3/2;32:3/2;64:3/2;128:3/2;256:3/2;512:3/2;1024:3/2;2048:3/2;4096:3/2,998244353@2:3/2;998244353@4:3/2;998244353@8:3/2;998244353@16:3/2;998244353@32:3/2;998244353@64:3/2;998244353@128:3/2;998244353@256:3/2;998244353@512:3/2;998244353@1024:3/2;998244353@2048:3/2;998244353@4096:3/2
inv_threshold,998244353,4096,64,prefix,selected,175.182,171.545,175.545,11,3,0,0,,
div_threshold,998244353,4096,64,prefix,sparse,174.091,169.455,176.182,11,3,0,0,,
div_threshold,998244353,4096,64,prefix,dense,650,648.333,659.333,3,3,63,770058,2:3/2;4:3/2;8:3/2;16:3/2;32:3/2;64:3/2;128:3/2;256:3/2;512:3/2;1024:3/2;2048:3/2;4096:3/2;8192:2/1,998244353@2:3/2;998244353@4:3/2;998244353@8:3/2;998244353@16:3/2;998244353@32:3/2;998244353@64:3/2;998244353@128:3/2;998244353@256:3/2;998244353@512:3/2;998244353@1024:3/2;998244353@2048:3/2;998244353@4096:3/2;998244353@8192:2/1
div_threshold,998244353,4096,64,prefix,selected,173.182,171.545,178.727,11,3,0,0,,
exp_threshold,998244353,4096,64,prefix,sparse,174.091,172.182,174.818,11,3,0,0,,
exp_threshold,998244353,4096,64,prefix,dense,578,575.333,599.667,3,3,183,595988,2:5/5;4:9/7;8:9/7;16:9/7;32:9/7;64:9/7;128:9/7;256:12/9;512:5/3;1024:27/21,998244353@2:5/5;998244353@4:9/7;998244353@8:9/7;998244353@16:9/7;998244353@32:9/7;998244353@64:9/7;998244353@128:9/7;998244353@256:12/9;998244353@512:5/3;998244353@1024:27/21
exp_threshold,998244353,4096,64,prefix,selected,177.545,170.182,178,11,3,0,0,,
pow_threshold,998244353,4096,64,prefix,sparse,343.2,343,344.8,5,3,0,0,,
pow_threshold,998244353,4096,64,prefix,dense,1246,1244,1271,1,3,246,1366046,2:8/7;4:12/9;8:12/9;16:12/9;32:12/9;64:12/9;128:12/9;256:15/11;512:8/5;1024:30/23;2048:3/2;4096:3/2;8192:2/1,998244353@2:8/7;998244353@4:12/9;998244353@8:12/9;998244353@16:12/9;998244353@32:12/9;998244353@64:12/9;998244353@128:12/9;998244353@256:15/11;998244353@512:8/5;998244353@1024:30/23;998244353@2048:3/2;998244353@4096:3/2;998244353@8192:2/1
pow_threshold,998244353,4096,64,prefix,selected,352,347.8,355.6,5,3,0,0,,
sqrt_threshold,998244353,4096,64,prefix,sparse,353.8,349.8,356.2,5,3,0,0,,
sqrt_threshold,998244353,4096,64,prefix,dense,408.8,408.2,410.4,5,3,246,326638,2:21/14;4:21/14;8:18/12;16:15/10;32:12/8;64:9/6;128:9/6;256:6/4;512:31/30,998244353@2:21/14;998244353@4:21/14;998244353@8:18/12;998244353@16:15/10;998244353@32:12/8;998244353@64:9/6;998244353@128:9/6;998244353@256:6/4;998244353@512:31/30
sqrt_threshold,998244353,4096,64,prefix,selected,353.4,353,355.4,5,3,0,0,,
inv_threshold,998244353,4096,100,prefix,sparse,267.429,267.429,268.286,7,3,0,0,,
inv_threshold,998244353,4096,100,prefix,dense,384.6,383.4,385.2,5,3,60,450570,2:3/2;4:3/2;8:3/2;16:3/2;32:3/2;64:3/2;128:3/2;256:3/2;512:3/2;1024:3/2;2048:3/2;4096:3/2,998244353@2:3/2;998244353@4:3/2;998244353@8:3/2;998244353@16:3/2;998244353@32:3/2;998244353@64:3/2;998244353@128:3/2;998244353@256:3/2;998244353@512:3/2;998244353@1024:3/2;998244353@2048:3/2;998244353@4096:3/2
inv_threshold,998244353,4096,100,prefix,selected,270.571,270.571,275.714,7,3,0,0,,
div_threshold,998244353,4096,100,prefix,sparse,275.857,273.571,291.571,7,3,0,0,,
div_threshold,998244353,4096,100,prefix,dense,658,656,667.667,3,3,63,770058,2:3/2;4:3/2;8:3/2;16:3/2;32:3/2;64:3/2;128:3/2;256:3/2;512:3/2;1024:3/2;2048:3/2;4096:3/2;8192:2/1,998244353@2:3/2;998244353@4:3/2;998244353@8:3/2;998244353@16:3/2;998244353@32:3/2;998244353@64:3/2;998244353@128:3/2;998244353@256:3/2;998244353@512:3/2;998244353@1024:3/2;998244353@2048:3/2;998244353@4096:3/2;998244353@8192:2/1
div_threshold,998244353,4096,100,prefix,selected,274.571,269.857,306,7,3,0,0,,
exp_threshold,998244353,4096,100,prefix,sparse,275.857,273,281.143,7,3,0,0,,
exp_threshold,998244353,4096,100,prefix,dense,598.333,597.667,619.333,3,3,183,595988,2:5/5;4:9/7;8:9/7;16:9/7;32:9/7;64:9/7;128:9/7;256:12/9;512:5/3;1024:27/21,998244353@2:5/5;998244353@4:9/7;998244353@8:9/7;998244353@16:9/7;998244353@32:9/7;998244353@64:9/7;998244353@128:9/7;998244353@256:12/9;998244353@512:5/3;998244353@1024:27/21
exp_threshold,998244353,4096,100,prefix,selected,285.571,276.286,295.143,7,3,0,0,,
pow_threshold,998244353,4096,100,prefix,sparse,574,568.333,597.667,3,3,0,0,,
pow_threshold,998244353,4096,100,prefix,dense,1301,1257,1539,1,3,246,1366046,2:8/7;4:12/9;8:12/9;16:12/9;32:12/9;64:12/9;128:12/9;256:15/11;512:8/5;1024:30/23;2048:3/2;4096:3/2;8192:2/1,998244353@2:8/7;998244353@4:12/9;998244353@8:12/9;998244353@16:12/9;998244353@32:12/9;998244353@64:12/9;998244353@128:12/9;998244353@256:15/11;998244353@512:8/5;998244353@1024:30/23;998244353@2048:3/2;998244353@4096:3/2;998244353@8192:2/1
pow_threshold,998244353,4096,100,prefix,selected,576.333,575.333,596.333,3,3,0,0,,
sqrt_threshold,998244353,4096,100,prefix,sparse,559.667,555,573.667,3,3,0,0,,
sqrt_threshold,998244353,4096,100,prefix,dense,405.25,396,410.5,4,3,246,326638,2:21/14;4:21/14;8:18/12;16:15/10;32:12/8;64:9/6;128:9/6;256:6/4;512:31/30,998244353@2:21/14;998244353@4:21/14;998244353@8:18/12;998244353@16:15/10;998244353@32:12/8;998244353@64:9/6;998244353@128:9/6;998244353@256:6/4;998244353@512:31/30
sqrt_threshold,998244353,4096,100,prefix,selected,384.6,383,393,5,3,111,313738,2:3/2;4:3/2;8:3/2;16:3/2;32:3/2;64:3/2;128:6/4;256:6/4;512:31/30,998244353@2:3/2;998244353@4:3/2;998244353@8:3/2;998244353@16:3/2;998244353@32:3/2;998244353@64:3/2;998244353@128:6/4;998244353@256:6/4;998244353@512:31/30
inv_threshold,998244353,4096,128,prefix,sparse,336.4,335.6,342.2,5,3,0,0,,
inv_threshold,998244353,4096,128,prefix,dense,388.4,383.6,388.4,5,3,60,450570,2:3/2;4:3/2;8:3/2;16:3/2;32:3/2;64:3/2;128:3/2;256:3/2;512:3/2;1024:3/2;2048:3/2;4096:3/2,998244353@2:3/2;998244353@4:3/2;998244353@8:3/2;998244353@16:3/2;998244353@32:3/2;998244353@64:3/2;998244353@128:3/2;998244353@256:3/2;998244353@512:3/2;998244353@1024:3/2;998244353@2048:3/2;998244353@4096:3/2
inv_threshold,998244353,4096,128,prefix,selected,341.6,338.8,350,5,3,0,0,,
div_threshold,998244353,4096,128,prefix,sparse,342.2,339.6,342.4,5,3,0,0,,
div_threshold,998244353,4096,128,prefix,dense,674.667,674,685,3,3,63,770058,2:3/2;4:3/2;8:3/2;16:3/2;32:3/2;64:3/2;128:3/2;256:3/2;512:3/2;1024:3/2;2048:3/2;4096:3/2;8192:2/1,998244353@2:3/2;998244353@4:3/2;998244353@8:3/2;998244353@16:3/2;998244353@32:3/2;998244353@64:3/2;998244353@128:3/2;998244353@256:3/2;998244353@512:3/2;998244353@1024:3/2;998244353@2048:3/2;998244353@4096:3/2;998244353@8192:2/1
div_threshold,998244353,4096,128,prefix,selected,346.6,346.4,351.8,5,3,0,0,,
exp_threshold,998244353,4096,128,prefix,sparse,341.4,338.4,351.8,5,3,0,0,,
exp_threshold,998244353,4096,128,prefix,dense,593,584.667,593.333,3,3,183,595988,2:5/5;4:9/7;8:9/7;16:9/7;32:9/7;64:9/7;128:9/7;256:12/9;512:5/3;1024:27/21,998244353@2:5/5;998244353@4:9/7;998244353@8:9/7;998244353@16:9/7;998244353@32:9/7;998244353@64:9/7;998244353@128:9/7;998244353@256:12/9;998244353@512:5/3;998244353@1024:27/21
exp_threshold,998244353,4096,128,prefix,selected,344.4,341.8,344.8,5,3,0,0,,
pow_threshold,998244353,4096,128,prefix,sparse,688,686,697,2,3,0,0,,
pow_threshold,998244353,4096,128,prefix,dense,1285,1273,1309,1,3,246,1366046,2:8/7;4:12/9;8:12/9;16:12/9;32:12/9;64:12/9;128:12/9;256:15/11;512:8/5;1024:30/23;2048:3/2;4096:3/2;8192:2/1,998244353@2:8/7;998244353@4:12/9;998244353@8:12/9;998244353@16:12/9;998244353@32:12/9;998244353@64:12/9;998244353@128:12/9;998244353@256:15/11;998244353@512:8/5;998244353@1024:30/23;998244353@2048:3/2;998244353@4096:3/2;998244353@8192:2/1
pow_threshold,998244353,4096,128,prefix,selected,696.5,688.5,709.5,2,3,0,0,,
sqrt_threshold,998244353,4096,128,prefix,sparse,711.5,687,793,2,3,0,0,,
sqrt_threshold,998244353,4096,128,prefix,dense,420,415,420.5,2,3,246,326638,2:21/14;4:21/14;8:18/12;16:15/10;32:12/8;64:9/6;128:9/6;256:6/4;512:31/30,998244353@2:21/14;998244353@4:21/14;998244353@8:18/12;998244353@16:15/10;998244353@32:12/8;998244353@64:9/6;998244353@128:9/6;998244353@256:6/4;998244353@512:31/30
sqrt_threshold,998244353,4096,128,prefix,selected,412.2,408.8,431,5,3,111,313738,2:3/2;4:3/2;8:3/2;16:3/2;32:3/2;64:3/2;128:6/4;256:6/4;512:31/30,998244353@2:3/2;998244353@4:3/2;998244353@8:3/2;998244353@16:3/2;998244353@32:3/2;998244353@64:3/2;998244353@128:6/4;998244353@256:6/4;998244353@512:31/30
inv_threshold,998244353,4096,160,prefix,sparse,428.5,421.5,449.5,4,3,0,0,,
inv_threshold,998244353,4096,160,prefix,dense,394.4,394.4,404,5,3,60,450570,2:3/2;4:3/2;8:3/2;16:3/2;32:3/2;64:3/2;128:3/2;256:3/2;512:3/2;1024:3/2;2048:3/2;4096:3/2,998244353@2:3/2;998244353@4:3/2;998244353@8:3/2;998244353@16:3/2;998244353@32:3/2;998244353@64:3/2;998244353@128:3/2;998244353@256:3/2;998244353@512:3/2;998244353@1024:3/2;998244353@2048:3/2;998244353@4096:3/2
inv_threshold,998244353,4096,160,prefix,selected,398.2,397.4,400.4,5,3,60,450570,2:3/2;4:3/2;8:3/2;16:3/2;32:3/2;64:3/2;128:3/2;256:3/2;512:3/2;1024:3/2;2048:3/2;4096:3/2,998244353@2:3/2;998244353@4:3/2;998244353@8:3/2;998244353@16:3/2;998244353@32:3/2;998244353@64:3/2;998244353@128:3/2;998244353@256:3/2;998244353@512:3/2;998244353@1024:3/2;998244353@2048:3/2;998244353@4096:3/2
div_threshold,998244353,4096,160,prefix,sparse,423.25,419.5,424.25,4,3,0,0,,
div_threshold,998244353,4096,160,prefix,dense,686.5,669,688,2,3,63,770058,2:3/2;4:3/2;8:3/2;16:3/2;32:3/2;64:3/2;128:3/2;256:3/2;512:3/2;1024:3/2;2048:3/2;4096:3/2;8192:2/1,998244353@2:3/2;998244353@4:3/2;998244353@8:3/2;998244353@16:3/2;998244353@32:3/2;998244353@64:3/2;998244353@128:3/2;998244353@256:3/2;998244353@512:3/2;998244353@1024:3/2;998244353@2048:3/2;998244353@4096:3/2;998244353@8192:2/1
div_threshold,998244353,4096,160,prefix,selected,420,414.75,430.25,4,3,0,0,,
exp_threshold,998244353,4096,160,prefix,sparse,414.5,412.5,423.25,4,3,0,0,,
exp_threshold,998244353,4096,160,prefix,dense,602.333,586,621,3,3,183,595988,2:5/5;4:9/7;8:9/7;16:9/7;32:9/7;64:9/7;128:9/7;256:12/9;512:5/3;1024:27/21,998244353@2:5/5;998244353@4:9/7;998244353@8:9/7;998244353@16:9/7;998244353@32:9/7;998244353@64:9/7;998244353@128:9/7;998244353@256:12/9;998244353@512:5/3;998244353@1024:27/21
exp_threshold,998244353,4096,160,prefix,selected,420,415.25,443.25,4,3,0,0,,
pow_threshold,998244353,4096,160,prefix,sparse,857,852.5,869.5,2,3,0,0,,
pow_threshold,998244353,4096,160,prefix,dense,1315,1302,1485,1,3,246,1366046,2:8/7;4:12/9;8:12/9;16:12/9;32:12/9;64:12/9;128:12/9;256:15/11;512:8/5;1024:30/23;2048:3/2;4096:3/2;8192:2/1,998244353@2:8/7;998244353@4:12/9;998244353@8:12/9;998244353@16:12/9;998244353@32:12/9;998244353@64:12/9;998244353@128:12/9;998244353@256:15/11;998244353@512:8/5;998244353@1024:30/23;998244353@2048:3/2;998244353@4096:3/2;998244353@8192:2/1
pow_threshold,998244353,4096,160,prefix,selected,863,839,890,2,3,0,0,,
sqrt_threshold,998244353,4096,160,prefix,sparse,840,819,841,1,3,0,0,,
sqrt_threshold,998244353,4096,160,prefix,dense,411,395.75,415.5,4,3,246,326638,2:21/14;4:21/14;8:18/12;16:15/10;32:12/8;64:9/6;128:9/6;256:6/4;512:31/30,998244353@2:21/14;998244353@4:21/14;998244353@8:18/12;998244353@16:15/10;998244353@32:12/8;998244353@64:9/6;998244353@128:9/6;998244353@256:6/4;998244353@512:31/30
sqrt_threshold,998244353,4096,160,prefix,selected,390.4,390,393,5,3,111,313738,2:3/2;4:3/2;8:3/2;16:3/2;32:3/2;64:3/2;128:6/4;256:6/4;512:31/30,998244353@2:3/2;998244353@4:3/2;998244353@8:3/2;998244353@16:3/2;998244353@32:3/2;998244353@64:3/2;998244353@128:6/4;998244353@256:6/4;998244353@512:31/30
inv_threshold,998244353,4096,200,prefix,sparse,505.5,495.75,521.75,4,3,0,0,,
inv_threshold,998244353,4096,200,prefix,dense,386,378.8,386,5,3,60,450570,2:3/2;4:3/2;8:3/2;16:3/2;32:3/2;64:3/2;128:3/2;256:3/2;512:3/2;1024:3/2;2048:3/2;4096:3/2,998244353@2:3/2;998244353@4:3/2;998244353@8:3/2;998244353@16:3/2;998244353@32:3/2;998244353@64:3/2;998244353@128:3/2;998244353@256:3/2;998244353@512:3/2;998244353@1024:3/2;998244353@2048:3/2;998244353@4096:3/2
inv_threshold,998244353,4096,200,prefix,selected,384.6,369.2,388.2,5,3,60,450570,2:3/2;4:3/2;8:3/2;16:3/2;32:3/2;64:3/2;128:3/2;256:3/2;512:3/2;1024:3/2;2048:3/2;4096:3/2,998244353@2:3/2;998244353@4:3/2;998244353@8:3/2;998244353@16:3/2;998244353@32:3/2;998244353@64:3/2;998244353@128:3/2;998244353@256:3/2;998244353@512:3/2;998244353@1024:3/2;998244353@2048:3/2;998244353@4096:3/2
div_threshold,998244353,4096,200,prefix,sparse,504.75,497.5,512.75,4,3,0,0,,
div_threshold,998244353,4096,200,prefix,dense,645.667,644.667,663,3,3,63,770058,2:3/2;4:3/2;8:3/2;16:3/2;32:3/2;64:3/2;128:3/2;256:3/2;512:3/2;1024:3/2;2048:3/2;4096:3/2;8192:2/1,998244353@2:3/2;998244353@4:3/2;998244353@8:3/2;998244353@16:3/2;998244353@32:3/2;998244353@64:3/2;998244353@128:3/2;998244353@256:3/2;998244353@512:3/2;998244353@1024:3/2;998244353@2048:3/2;998244353@4096:3/2;998244353@8192:2/1
div_threshold,998244353,4096,200,prefix,selected,505.5,504.25,519.5,4,3,0,0,,
exp_threshold,998244353,4096,200,prefix,sparse,494.667,494.667,494.667,3,3,0,0,,
exp_threshold,998244353,4096,200,prefix,dense,574,572,574.333,3,3,183,595988,2:5/5;4:9/7;8:9/7;16:9/7;32:9/7;64:9/7;128:9/7;256:12/9;512:5/3;1024:27/21,998244353@2:5/5;998244353@4:9/7;998244353@8:9/7;998244353@16:9/7;998244353@32:9/7;998244353@64:9/7;998244353@128:9/7;998244353@256:12/9;998244353@512:5/3;998244353@1024:27/21
exp_threshold,998244353,4096,200,prefix,selected,505.75,502.75,507.25,4,3,0,0,,
pow_threshold,998244353,4096,200,prefix,sparse,1034,1025,1045,1,3,0,0,,
pow_threshold,998244353,4096,200,prefix,dense,1273,1269,1323,1,3,246,1366046,2:8/7;4:12/9;8:12/9;16:12/9;32:12/9;64:12/9;128:12/9;256:15/11;512:8/5;1024:30/23;2048:3/2;4096:3/2;8192:2/1,998244353@2:8/7;998244353@4:12/9;998244353@8:12/9;998244353@16:12/9;998244353@32:12/9;998244353@64:12/9;998244353@128:12/9;998244353@256:15/11;998244353@512:8/5;998244353@1024:30/23;998244353@2048:3/2;998244353@4096:3/2;998244353@8192:2/1
pow_threshold,998244353,4096,200,prefix,selected,1028,1023,1031,1,3,0,0,,
sqrt_threshold,998244353,4096,200,prefix,sparse,1023,1020,1029,1,3,0,0,,
sqrt_threshold,998244353,4096,200,prefix,dense,409.25,407,411.25,4,3,246,326638,2:21/14;4:21/14;8:18/12;16:15/10;32:12/8;64:9/6;128:9/6;256:6/4;512:31/30,998244353@2:21/14;998244353@4:21/14;998244353@8:18/12;998244353@16:15/10;998244353@32:12/8;998244353@64:9/6;998244353@128:9/6;998244353@256:6/4;998244353@512:31/30
sqrt_threshold,998244353,4096,200,prefix,selected,390.8,390,390.8,5,3,111,313738,2:3/2;4:3/2;8:3/2;16:3/2;32:3/2;64:3/2;128:6/4;256:6/4;512:31/30,998244353@2:3/2;998244353@4:3/2;998244353@8:3/2;998244353@16:3/2;998244353@32:3/2;998244353@64:3/2;998244353@128:6/4;998244353@256:6/4;998244353@512:31/30
inv_threshold,998244353,4096,256,prefix,sparse,643,639.333,646.333,3,3,0,0,,
inv_threshold,998244353,4096,256,prefix,dense,388.4,385.8,389.6,5,3,60,450570,2:3/2;4:3/2;8:3/2;16:3/2;32:3/2;64:3/2;128:3/2;256:3/2;512:3/2;1024:3/2;2048:3/2;4096:3/2,998244353@2:3/2;998244353@4:3/2;998244353@8:3/2;998244353@16:3/2;998244353@32:3/2;998244353@64:3/2;998244353@128:3/2;998244353@256:3/2;998244353@512:3/2;998244353@1024:3/2;998244353@2048:3/2;998244353@4096:3/2
inv_threshold,998244353,4096,256,prefix,selected,387.6,385.4,394.8,5,3,60,450570,2:3/2;4:3/2;8:3/2;16:3/2;32:3/2;64:3/2;128:3/2;256:3/2;512:3/2;1024:3/2;2048:3/2;4096:3/2,998244353@2:3/2;998244353@4:3/2;998244353@8:3/2;998244353@16:3/2;998244353@32:3/2;998244353@64:3/2;998244353@128:3/2;998244353@256:3/2;998244353@512:3/2;998244353@1024:3/2;998244353@2048:3/2;998244353@4096:3/2
div_threshold,998244353,4096,256,prefix,sparse,649,647.5,652.5,2,3,0,0,,
div_threshold,998244353,4096,256,prefix,dense,665.5,662.5,686,2,3,63,770058,2:3/2;4:3/2;8:3/2;16:3/2;32:3/2;64:3/2;128:3/2;256:3/2;512:3/2;1024:3/2;2048:3/2;4096:3/2;8192:2/1,998244353@2:3/2;998244353@4:3/2;998244353@8:3/2;998244353@16:3/2;998244353@32:3/2;998244353@64:3/2;998244353@128:3/2;998244353@256:3/2;998244353@512:3/2;998244353@1024:3/2;998244353@2048:3/2;998244353@4096:3/2;998244353@8192:2/1
div_threshold,998244353,4096,256,prefix,selected,643,642.667,645,3,3,0,0,,
exp_threshold,998244353,4096,256,prefix,sparse,635.333,630.333,639.667,3,3,0,0,,
exp_threshold,998244353,4096,256,prefix,dense,601.667,584.667,621.667,3,3,183,595988,2:5/5;4:9/7;8:9/7;16:9/7;32:9/7;64:9/7;128:9/7;256:12/9;512:5/3;1024:27/21,998244353@2:5/5;998244353@4:9/7;998244353@8:9/7;998244353@16:9/7;998244353@32:9/7;998244353@64:9/7;998244353@128:9/7;998244353@256:12/9;998244353@512:5/3;998244353@1024:27/21
exp_threshold,998244353,4096,256,prefix,selected,655.333,649.667,660,3,3,0,0,,
pow_threshold,998244353,4096,256,prefix,sparse,1270,1260,1294,1,3,0,0,,
pow_threshold,998244353,4096,256,prefix,dense,1274,1254,1310,1,3,246,1366046,2:8/7;4:12/9;8:12/9;16:12/9;32:12/9;64:12/9;128:12/9;256:15/11;512:8/5;1024:30/23;2048:3/2;4096:3/2;8192:2/1,998244353@2:8/7;998244353@4:12/9;998244353@8:12/9;998244353@16:12/9;998244353@32:12/9;998244353@64:12/9;998244353@128:12/9;998244353@256:15/11;998244353@512:8/5;998244353@1024:30/23;998244353@2048:3/2;998244353@4096:3/2;998244353@8192:2/1
pow_threshold,998244353,4096,256,prefix,selected,1261,1244,1262,1,3,183,595988,2:5/5;4:9/7;8:9/7;16:9/7;32:9/7;64:9/7;128:9/7;256:12/9;512:5/3;1024:27/21,998244353@2:5/5;998244353@4:9/7;998244353@8:9/7;998244353@16:9/7;998244353@32:9/7;998244353@64:9/7;998244353@128:9/7;998244353@256:12/9;998244353@512:5/3;998244353@1024:27/21
sqrt_threshold,998244353,4096,256,prefix,sparse,1318,1302,1319,1,3,0,0,,
sqrt_threshold,998244353,4096,256,prefix,dense,405.25,404,410.25,4,3,246,326638,2:21/14;4:21/14;8:18/12;16:15/10;32:12/8;64:9/6;128:9/6;256:6/4;512:31/30,998244353@2:21/14;998244353@4:21/14;998244353@8:18/12;998244353@16:15/10;998244353@32:12/8;998244353@64:9/6;998244353@128:9/6;998244353@256:6/4;998244353@512:31/30
sqrt_threshold,998244353,4096,256,prefix,selected,385.6,382.6,389.8,5,3,111,313738,2:3/2;4:3/2;8:3/2;16:3/2;32:3/2;64:3/2;128:6/4;256:6/4;512:31/30,998244353@2:3/2;998244353@4:3/2;998244353@8:3/2;998244353@16:3/2;998244353@32:3/2;998244353@64:3/2;998244353@128:6/4;998244353@256:6/4;998244353@512:31/30
inv_threshold,998244353,4096,320,prefix,sparse,775.5,773,792.5,2,3,0,0,,
inv_threshold,998244353,4096,320,prefix,dense,385.2,377.6,391,5,3,60,450570,2:3/2;4:3/2;8:3/2;16:3/2;32:3/2;64:3/2;128:3/2;256:3/2;512:3/2;1024:3/2;2048:3/2;4096:3/2,998244353@2:3/2;998244353@4:3/2;998244353@8:3/2;998244353@16:3/2;998244353@32:3/2;998244353@64:3/2;998244353@128:3/2;998244353@256:3/2;998244353@512:3/2;998244353@1024:3/2;998244353@2048:3/2;998244353@4096:3/2
inv_threshold,998244353,4096,320,prefix,selected,381,378.8,384.8,5,3,60,450570,2:3/2;4:3/2;8:3/2;16:3/2;32:3/2;64:3/2;128:3/2;256:3/2;512:3/2;1024:3/2;2048:3/2;4096:3/2,998244353@2:3/2;998244353@4:3/2;998244353@8:3/2;998244353@16:3/2;998244353@32:3/2;998244353@64:3/2;998244353@128:3/2;998244353@256:3/2;998244353@512:3/2;998244353@1024:3/2;998244353@2048:3/2;998244353@4096:3/2
div_threshold,998244353,4096,320,prefix,sparse,772.5,772.5,784.5,2,3,0,0,,
div_threshold,998244353,4096,320,prefix,dense,647.333,646.333,649.333,3,3,63,770058,2:3/2;4:3/2;8:3/2;16:3/2;32:3/2;64:3/2;128:3/2;256:3/2;512:3/2;1024:3/2;2048:3/2;4096:3/2;8192:2/1,998244353@2:3/2;998244353@4:3/2;998244353@8:3/2;998244353@16:3/2;998244353@32:3/2;998244353@64:3/2;998244353@128:3/2;998244353@256:3/2;998244353@512:3/2;998244353@1024:3/2;998244353@2048:3/2;998244353@4096:3/2;998244353@8192:2/1
div_threshold,998244353,4096,320,prefix,selected,654.333,652,656.667,3,3,63,770058,2:3/2;4:3/2;8:3/2;16:3/2;32:3/2;64:3/2;128:3/2;256:3/2;512:3/2;1024:3/2;2048:3/2;4096:3/2;8192:2/1,998244353@2:3/2;998244353@4:3/2;998244353@8:3/2;998244353@16:3/2;998244353@32:3/2;998244353@64:3/2;998244353@128:3/2;998244353@256:3/2;998244353@512:3/2;998244353@1024:3/2;998244353@2048:3/2;998244353@4096:3/2;998244353@8192:2/1
exp_threshold,998244353,4096,320,prefix,sparse,776,775,778,2,3,0,0,,
exp_threshold,998244353,4096,320,prefix,dense,585,575,588,3,3,183,595988,2:5/5;4:9/7;8:9/7;16:9/7;32:9/7;64:9/7;128:9/7;256:12/9;512:5/3;1024:27/21,998244353@2:5/5;998244353@4:9/7;998244353@8:9/7;998244353@16:9/7;998244353@32:9/7;998244353@64:9/7;998244353@128:9/7;998244353@256:12/9;998244353@512:5/3;998244353@1024:27/21
exp_threshold,998244353,4096,320,prefix,selected,577,572.667,580,3,3,183,595988,2:5/5;4:9/7;8:9/7;16:9/7;32:9/7;64:9/7;128:9/7;256:12/9;512:5/3;1024:27/21,998244353@2:5/5;998244353@4:9/7;998244353@8:9/7;998244353@16:9/7;998244353@32:9/7;998244353@64:9/7;998244353@128:9/7;998244353@256:12/9;998244353@512:5/3;998244353@1024:27/21
pow_threshold,998244353,4096,320,prefix,sparse,1546,1539,1600,1,3,0,0,,
pow_threshold,998244353,4096,320,prefix,dense,1290,1248,1292,1,3,246,1366046,2:8/7;4:12/9;8:12/9;16:12/9;32:12/9;64:12/9;128:12/9;256:15/11;512:8/5;1024:30/23;2048:3/2;4096:3/2;8192:2/1,998244353@2:8/7;998244353@4:12/9;998244353@8:12/9;998244353@16:12/9;998244353@32:12/9;998244353@64:12/9;998244353@128:12/9;998244353@256:15/11;998244353@512:8/5;998244353@1024:30/23;998244353@2048:3/2;998244353@4096:3/2;998244353@8192:2/1
pow_threshold,998244353,4096,320,prefix,selected,1254,1245,1268,1,3,246,1366046,2:8/7;4:12/9;8:12/9;16:12/9;32:12/9;64:12/9;128:12/9;256:15/11;512:8/5;1024:30/23;2048:3/2;4096:3/2;8192:2/1,998244353@2:8/7;998244353@4:12/9;998244353@8:12/9;998244353@16:12/9;998244353@32:12/9;998244353@64:12/9;998244353@128:12/9;998244353@256:15/11;998244353@512:8/5;998244353@1024:30/23;998244353@2048:3/2;998244353@4096:3/2;998244353@8192:2/1
sqrt_threshold,998244353,4096,320,prefix,sparse,1552,1540,1567,1,3,0,0,,
sqrt_threshold,998244353,4096,320,prefix,dense,409.5,405,413.25,4,3,246,326638,2:21/14;4:21/14;8:18/12;16:15/10;32:12/8;64:9/6;128:9/6;256:6/4;512:31/30,998244353@2:21/14;998244353@4:21/14;998244353@8:18/12;998244353@16:15/10;998244353@32:12/8;998244353@64:9/6;998244353@128:9/6;998244353@256:6/4;998244353@512:31/30
sqrt_threshold,998244353,4096,320,prefix,selected,383.4,383,389.8,5,3,111,313738,2:3/2;4:3/2;8:3/2;16:3/2;32:3/2;64:3/2;128:6/4;256:6/4;512:31/30,998244353@2:3/2;998244353@4:3/2;998244353@8:3/2;998244353@16:3/2;998244353@32:3/2;998244353@64:3/2;998244353@128:6/4;998244353@256:6/4;998244353@512:31/30
inv_threshold,998244353,4096,512,prefix,sparse,1198,1196,1216,1,3,0,0,,
inv_threshold,998244353,4096,512,prefix,dense,383.6,381.8,385.8,5,3,60,450570,2:3/2;4:3/2;8:3/2;16:3/2;32:3/2;64:3/2;128:3/2;256:3/2;512:3/2;1024:3/2;2048:3/2;4096:3/2,998244353@2:3/2;998244353@4:3/2;998244353@8:3/2;998244353@16:3/2;998244353@32:3/2;998244353@64:3/2;998244353@128:3/2;998244353@256:3/2;998244353@512:3/2;998244353@1024:3/2;998244353@2048:3/2;998244353@4096:3/2
inv_threshold,998244353,4096,512,prefix,selected,379.5,378.75,382.75,4,3,60,450570,2:3/2;4:3/2;8:3/2;16:3/2;32:3/2;64:3/2;128:3/2;256:3/2;512:3/2;1024:3/2;2048:3/2;4096:3/2,998244353@2:3/2;998244353@4:3/2;998244353@8:3/2;998244353@16:3/2;998244353@32:3/2;998244353@64:3/2;998244353@128:3/2;998244353@256:3/2;998244353@512:3/2;998244353@1024:3/2;998244353@2048:3/2;998244353@4096:3/2
div_threshold,998244353,4096,512,prefix,sparse,1207,1194,1218,1,3,0,0,,
div_threshold,998244353,4096,512,prefix,dense,656,647,662.5,2,3,63,770058,2:3/2;4:3/2;8:3/2;16:3/2;32:3/2;64:3/2;128:3/2;256:3/2;512:3/2;1024:3/2;2048:3/2;4096:3/2;8192:2/1,998244353@2:3/2;998244353@4:3/2;998244353@8:3/2;998244353@16:3/2;998244353@32:3/2;998244353@64:3/2;998244353@128:3/2;998244353@256:3/2;998244353@512:3/2;998244353@1024:3/2;998244353@2048:3/2;998244353@4096:3/2;998244353@8192:2/1
div_threshold,998244353,4096,512,prefix,selected,649.667,646,655,3,3,63,770058,2:3/2;4:3/2;8:3/2;16:3/2;32:3/2;64:3/2;128:3/2;256:3/2;512:3/2;1024:3/2;2048:3/2;4096:3/2;8192:2/1,998244353@2:3/2;998244353@4:3/2;998244353@8:3/2;998244353@16:3/2;998244353@32:3/2;998244353@64:3/2;998244353@128:3/2;998244353@256:3/2;998244353@512:3/2;998244353@1024:3/2;998244353@2048:3/2;998244353@4096:3/2;998244353@8192:2/1
exp_threshold,998244353,4096,512,prefix,sparse,1206,1184,1211,1,3,0,0,,
exp_threshold,998244353,4096,512,prefix,dense,587.667,585,588.333,3,3,183,595988,2:5/5;4:9/7;8:9/7;16:9/7;32:9/7;64:9/7;128:9/7;256:12/9;512:5/3;1024:27/21,998244353@2:5/5;998244353@4:9/7;998244353@8:9/7;998244353@16:9/7;998244353@32:9/7;998244353@64:9/7;998244353@128:9/7;998244353@256:12/9;998244353@512:5/3;998244353@1024:27/21
exp_threshold,998244353,4096,512,prefix,selected,583.667,576.667,587,3,3,183,595988,2:5/5;4:9/7;8:9/7;16:9/7;32:9/7;64:9/7;128:9/7;256:12/9;512:5/3;1024:27/21,998244353@2:5/5;998244353@4:9/7;998244353@8:9/7;998244353@16:9/7;998244353@32:9/7;998244353@64:9/7;998244353@128:9/7;998244353@256:12/9;998244353@512:5/3;998244353@1024:27/21
pow_threshold,998244353,4096,512,prefix,sparse,2430,2415,2439,1,3,0,0,,
pow_threshold,998244353,4096,512,prefix,dense,1311,1292,1343,1,3,246,1366046,2:8/7;4:12/9;8:12/9;16:12/9;32:12/9;64:12/9;128:12/9;256:15/11;512:8/5;1024:30/23;2048:3/2;4096:3/2;8192:2/1,998244353@2:8/7;998244353@4:12/9;998244353@8:12/9;998244353@16:12/9;998244353@32:12/9;998244353@64:12/9;998244353@128:12/9;998244353@256:15/11;998244353@512:8/5;998244353@1024:30/23;998244353@2048:3/2;998244353@4096:3/2;998244353@8192:2/1
pow_threshold,998244353,4096,512,prefix,selected,1305,1299,1319,1,3,246,1366046,2:8/7;4:12/9;8:12/9;16:12/9;32:12/9;64:12/9;128:12/9;256:15/11;512:8/5;1024:30/23;2048:3/2;4096:3/2;8192:2/1,998244353@2:8/7;998244353@4:12/9;998244353@8:12/9;998244353@16:12/9;998244353@32:12/9;998244353@64:12/9;998244353@128:12/9;998244353@256:15/11;998244353@512:8/5;998244353@1024:30/23;998244353@2048:3/2;998244353@4096:3/2;998244353@8192:2/1
sqrt_threshold,998244353,4096,512,prefix,sparse,2460,2400,2474,1,3,0,0,,
sqrt_threshold,998244353,4096,512,prefix,dense,410.75,403.75,413.25,4,3,246,326638,2:21/14;4:21/14;8:18/12;16:15/10;32:12/8;64:9/6;128:9/6;256:6/4;512:31/30,998244353@2:21/14;998244353@4:21/14;998244353@8:18/12;998244353@16:15/10;998244353@32:12/8;998244353@64:9/6;998244353@128:9/6;998244353@256:6/4;998244353@512:31/30
sqrt_threshold,998244353,4096,512,prefix,selected,392.8,390.2,471.6,5,3,111,313738,2:3/2;4:3/2;8:3/2;16:3/2;32:3/2;64:3/2;128:6/4;256:6/4;512:31/30,998244353@2:3/2;998244353@4:3/2;998244353@8:3/2;998244353@16:3/2;998244353@32:3/2;998244353@64:3/2;998244353@128:6/4;998244353@256:6/4;998244353@512:31/30
inv_threshold,998244353,4096,32,spread,sparse,52.2105,51.9474,52.4474,38,3,0,0,,
inv_threshold,998244353,4096,32,spread,dense,382.6,377,391.6,5,3,60,450570,2:3/2;4:3/2;8:3/2;16:3/2;32:3/2;64:3/2;128:3/2;256:3/2;512:3/2;1024:3/2;2048:3/2;4096:3/2,998244353@2:3/2;998244353@4:3/2;998244353@8:3/2;998244353@16:3/2;998244353@32:3/2;998244353@64:3/2;998244353@128:3/2;998244353@256:3/2;998244353@512:3/2;998244353@1024:3/2;998244353@2048:3/2;998244353@4096:3/2
inv_threshold,998244353,4096,32,spread,selected,54.5946,54.0541,55.2703,37,3,0,0,,
div_threshold,998244353,4096,32,spread,sparse,52.5263,51.3158,53.7632,38,3,0,0,,
div_threshold,998244353,4096,32,spread,dense,648.333,643,652.333,3,3,63,770058,2:3/2;4:3/2;8:3/2;16:3/2;32:3/2;64:3/2;128:3/2;256:3/2;512:3/2;1024:3/2;2048:3/2;4096:3/2;8192:2/1,998244353@2:3/2;998244353@4:3/2;998244353@8:3/2;998244353@16:3/2;998244353@32:3/2;998244353@64:3/2;998244353@128:3/2;998244353@256:3/2;998244353@512:3/2;998244353@1024:3/2;998244353@2048:3/2;998244353@4096:3/2;998244353@8192:2/1
div_threshold,998244353,4096,32,spread,selected,54.9688,54.5938,55.5938,32,3,0,0,,
exp_threshold,998244353,4096,32,spread,sparse,59.3704,59.1111,60.1481,27,3,0,0,,
exp_threshold,998244353,4096,32,spread,dense,581.333,574.333,594.667,3,3,183,595988,2:5/5;4:9/7;8:9/7;16:9/7;32:9/7;64:9/7;128:9/7;256:12/9;512:5/3;1024:27/21,998244353@2:5/5;998244353@4:9/7;998244353@8:9/7;998244353@16:9/7;998244353@32:9/7;998244353@64:9/7;998244353@128:9/7;998244353@256:12/9;998244353@512:5/3;998244353@1024:27/21
exp_threshold,998244353,4096,32,spread,selected,62.3438,61.8438,62.7188,32,3,0,0,,
pow_threshold,998244353,4096,32,spread,sparse,123.867,118.267,129.467,15,3,0,0,,
pow_threshold,998244353,4096,32,spread,dense,1103,1086,1145,1,3,243,1046558,2:8/7;4:12/9;8:12/9;16:12/9;32:12/9;64:12/9;128:12/9;256:15/11;512:8/5;1024:30/23;2048:3/2;4096:3/2,998244353@2:8/7;998244353@4:12/9;998244353@8:12/9;998244353@16:12/9;998244353@32:12/9;998244353@64:12/9;998244353@128:12/9;998244353@256:15/11;998244353@512:8/5;998244353@1024:30/23;998244353@2048:3/2;998244353@4096:3/2
pow_threshold,998244353,4096,32,spread,selected,124.533,123.333,129.2,15,3,0,0,,
sqrt_threshold,998244353,4096,32,spread,sparse,118.625,118,120.812,16,3,0,0,,
sqrt_threshold,998244353,4096,32,spread,dense,369.4,354.6,374.8,5,3,101,299018,2:3/2;4:3/2;8:3/2;16:3/2;32:3/2;64:3/2;128:3/2;256:3/2;512:31/30,998244353@2:3/2;998244353@4:3/2;998244353@8:3/2;998244353@16:3/2;998244353@32:3/2;998244353@64:3/2;998244353@128:3/2;998244353@256:3/2;998244353@512:31/30
sqrt_threshold,998244353,4096,32,spread,selected,122.625,122.25,123.25,16,3,0,0,,
inv_threshold,998244353,4096,64,spread,sparse,97.3333,93.619,102.381,21,3,0,0,,
inv_threshold,998244353,4096,64,spread,dense,392,388.2,393.2,5,3,60,450570,2:3/2;4:3/2;8:3/2;16:3/2;32:3/2;64:3/2;128:3/2;256:3/2;512:3/2;1024:3/2;2048:3/2;4096:3/2,998244353@2:3/2;998244353@4:3/2;998244353@8:3/2;998244353@16:3/2;998244353@32:3/2;998244353@64:3/2;998244353@128:3/2;998244353@256:3/2;998244353@512:3/2;998244353@1024:3/2;998244353@2048:3/2;998244353@4096:3/2
inv_threshold,998244353,4096,64,spread,selected,102.8,100.35,103.15,20,3,0,0,,
div_threshold,998244353,4096,64,spread,sparse,95.4286,94.9524,96.2381,21,3,0,0,,
div_threshold,998244353,4096,64,spread,dense,659.667,642,697.667,3,3,63,770058,2:3/2;4:3/2;8:3/2;16:3/2;32:3/2;64:3/2;128:3/2;256:3/2;512:3/2;1024:3/2;2048:3/2;4096:3/2;8192:2/1,998244353@2:3/2;998244353@4:3/2;998244353@8:3/2;998244353@16:3/2;998244353@32:3/2;998244353@64:3/2;998244353@128:3/2;998244353@256:3/2;998244353@512:3/2;998244353@1024:3/2;998244353@2048:3/2;998244353@4096:3/2;998244353@8192:2/1
div_threshold,998244353,4096,64,spread,selected,97.7,97.45,98.75,20,3,0,0,,
exp_threshold,998244353,4096,64,spread,sparse,100.684,100.316,102.105,19,3,0,0,,
exp_threshold,998244353,4096,64,spread,dense,573.333,572.667,581,3,3,183,595988,2:5/5;4:9/7;8:9/7;16:9/7;32:9/7;64:9/7;128:9/7;256:12/9;512:5/3;1024:27/21,998244353@2:5/5;998244353@4:9/7;998244353@8:9/7;998244353@16:9/7;998244353@32:9/7;998244353@64:9/7;998244353@128:9/7;998244353@256:12/9;998244353@512:5/3;998244353@1024:27/21
exp_threshold,998244353,4096,64,spread,selected,104.5,103.389,104.722,18,3,0,0,,
pow_threshold,998244353,4096,64,spread,sparse,223.875,221.375,226.5,8,3,0,0,,
pow_threshold,998244353,4096,64,spread,dense,1254,1246,1271,1,3,246,1366046,2:8/7;4:12/9;8:12/9;16:12/9;32:12/9;64:12/9;128:12/9;256:15/11;512:8/5;1024:30/23;2048:3/2;4096:3/2;8192:2/1,998244353@2:8/7;998244353@4:12/9;998244353@8:12/9;998244353@16:12/9;998244353@32:12/9;998244353@64:12/9;998244353@128:12/9;998244353@256:15/11;998244353@512:8/5;998244353@1024:30/23;998244353@2048:3/2;998244353@4096:3/2;998244353@8192:2/1
pow_threshold,998244353,4096,64,spread,selected,226.625,223.75,234.375,8,3,0,0,,
sqrt_threshold,998244353,4096,64,spread,sparse,217.111,216.222,218.333,9,3,0,0,,
sqrt_threshold,998244353,4096,64,spread,dense,355,354.6,355.2,5,3,101,299018,2:3/2;4:3/2;8:3/2;16:3/2;32:3/2;64:3/2;128:3/2;256:3/2;512:31/30,998244353@2:3/2;998244353@4:3/2;998244353@8:3/2;998244353@16:3/2;998244353@32:3/2;998244353@64:3/2;998244353@128:3/2;998244353@256:3/2;998244353@512:31/30
sqrt_threshold,998244353,4096,64,spread,selected,221,218.25,222.625,8,3,0,0,,
inv_threshold,998244353,4096,100,spread,sparse,142.846,142.846,142.923,13,3,0,0,,
inv_threshold,998244353,4096,100,spread,dense,377.4,376.8,386.6,5,3,60,450570,2:3/2;4:3/2;8:3/2;16:3/2;32:3/2;64:3/2;128:3/2;256:3/2;512:3/2;1024:3/2;2048:3/2;4096:3/2,998244353@2:3/2;998244353@4:3/2;998244353@8:3/2;998244353@16:3/2;998244353@32:3/2;998244353@64:3/2;998244353@128:3/2;998244353@256:3/2;998244353@512:3/2;998244353@1024:3/2;998244353@2048:3/2;998244353@4096:3/2
inv_threshold,998244353,4096,100,spread,selected,145.692,145.615,148.308,13,3,0,0,,
div_threshold,998244353,4096,100,spread,sparse,147.308,147.154,151.615,13,3,0,0,,
div_threshold,998244353,4096,100,spread,dense,668.333,655.667,676.333,3,3,63,770058,2:3/2;4:3/2;8:3/2;16:3/2;32:3/2;64:3/2;128:3/2;256:3/2;512:3/2;1024:3/2;2048:3/2;4096:3/2;8192:2/1,998244353@2:3/2;998244353@4:3/2;998244353@8:3/2;998244353@16:3/2;998244353@32:3/2;998244353@64:3/2;998244353@128:3/2;998244353@256:3/2;998244353@512:3/2;998244353@1024:3/2;998244353@2048:3/2;998244353@4096:3/2;998244353@8192:2/1
div_threshold,998244353,4096,100,spread,selected,149.538,149.154,154.077,13,3,0,0,,
exp_threshold,998244353,4096,100,spread,sparse,152.846,152.462,153.615,13,3,0,0,,
exp_threshold,998244353,4096,100,spread,dense,595.667,589.667,607,3,3,183,595988,2:5/5;4:9/7;8:9/7;16:9/7;32:9/7;64:9/7;128:9/7;256:12/9;512:5/3;1024:27/21,998244353@2:5/5;998244353@4:9/7;998244353@8:9/7;998244353@16:9/7;998244353@32:9/7;998244353@64:9/7;998244353@128:9/7;998244353@256:12/9;998244353@512:5/3;998244353@1024:27/21
exp_threshold,998244353,4096,100,spread,selected,155.5,155.333,155.833,12,3,0,0,,
pow_threshold,998244353,4096,100,spread,sparse,326.167,317,333.667,6,3,0,0,,
pow_threshold,998244353,4096,100,spread,dense,1280,1270,1296,1,3,246,1366046,2:8/7;4:12/9;8:12/9;16:12/9;32:12/9;64:12/9;128:12/9;256:15/11;512:8/5;1024:30/23;2048:3/2;4096:3/2;8192:2/1,998244353@2:8/7;998244353@4:12/9;998244353@8:12/9;998244353@16:12/9;998244353@32:12/9;998244353@64:12/9;998244353@128:12/9;998244353@256:15/11;998244353@512:8/5;998244353@1024:30/23;998244353@2048:3/2;998244353@4096:3/2;998244353@8192:2/1
pow_threshold,998244353,4096,100,spread,selected,329.667,325.5,332,6,3,0,0,,
sqrt_threshold,998244353,4096,100,spread,sparse,312,309.2,316.4,5,3,0,0,,
sqrt_threshold,998244353,4096,100,spread,dense,365.2,362.8,380,5,3,101,299018,2:3/2;4:3/2;8:3/2;16:3/2;32:3/2;64:3/2;128:3/2;256:3/2;512:31/30,998244353@2:3/2;998244353@4:3/2;998244353@8:3/2;998244353@16:3/2;998244353@32:3/2;998244353@64:3/2;998244353@128:3/2;998244353@256:3/2;998244353@512:31/30
sqrt_threshold,998244353,4096,100,spread,selected,325.833,311.167,336,6,3,0,0,,
inv_threshold,998244353,4096,128,spread,sparse,175.909,173.273,178.909,11,3,0,0,,
inv_threshold,998244353,4096,128,spread,dense,389.8,385.4,406,5,3,60,450570,2:3/2;4:3/2;8:3/2;16:3/2;32:3/2;64:3/2;128:3/2;256:3/2;512:3/2;1024:3/2;2048:3/2;4096:3/2,998244353@2:3/2;998244353@4:3/2;998244353@8:3/2;998244353@16:3/2;998244353@32:3/2;998244353@64:3/2;998244353@128:3/2;998244353@256:3/2;998244353@512:3/2;998244353@1024:3/2;998244353@2048:3/2;998244353@4096:3/2
inv_threshold,998244353,4096,128,spread,selected,184,177.3,206.4,10,3,0,0,,
div_threshold,998244353,4096,128,spread,sparse,177.364,174,179.364,11,3,0,0,,
div_threshold,998244353,4096,128,spread,dense,658,656,661.667,3,3,63,770058,2:3/2;4:3/2;8:3/2;16:3/2;32:3/2;64:3/2;128:3/2;256:3/2;512:3/2;1024:3/2;2048:3/2;4096:3/2;8192:2/1,998244353@2:3/2;998244353@4:3/2;998244353@8:3/2;998244353@16:3/2;998244353@32:3/2;998244353@64:3/2;998244353@128:3/2;998244353@256:3/2;998244353@512:3/2;998244353@1024:3/2;998244353@2048:3/2;998244353@4096:3/2;998244353@8192:2/1
div_threshold,998244353,4096,128,spread,selected,182.455,177.909,186.636,11,3,0,0,,
exp_threshold,998244353,4096,128,spread,sparse,185,180.727,187.909,11,3,0,0,,
exp_threshold,998244353,4096,128,spread,dense,584.333,576,597.667,3,3,183,595988,2:5/5;4:9/7;8:9/7;16:9/7;32:9/7;64:9/7;128:9/7;256:12/9;512:5/3;1024:27/21,998244353@2:5/5;998244353@4:9/7;998244353@8:9/7;998244353@16:9/7;998244353@32:9/7;998244353@64:9/7;998244353@128:9/7;998244353@256:12/9;998244353@512:5/3;998244353@1024:27/21
exp_threshold,998244353,4096,128,spread,selected,186,182.3,187.1,10,3,0,0,,
pow_threshold,998244353,4096,128,spread,sparse,370,361.2,381.4,5,3,0,0,,
pow_threshold,998244353,4096,128,spread,dense,1271,1269,1287,1,3,246,1366046,2:8/7;4:12/9;8:12/9;16:12/9;32:12/9;64:12/9;128:12/9;256:15/11;512:8/5;1024:30/23;2048:3/2;4096:3/2;8192:2/1,998244353@2:8/7;998244353@4:12/9;998244353@8:12/9;998244353@16:12/9;998244353@32:12/9;998244353@64:12/9;998244353@128:12/9;998244353@256:15/11;998244353@512:8/5;998244353@1024:30/23;998244353@2048:3/2;998244353@4096:3/2;998244353@8192:2/1
pow_threshold,998244353,4096,128,spread,selected,367.6,366,370.2,5,3,0,0,,
sqrt_threshold,998244353,4096,128,spread,sparse,371.2,361.2,385.2,5,3,0,0,,
sqrt_threshold,998244353,4096,128,spread,dense,371.6,365.8,379,5,3,101,299018,2:3/2;4:3/2;8:3/2;16:3/2;32:3/2;64:3/2;128:3/2;256:3/2;512:31/30,998244353@2:3/2;998244353@4:3/2;998244353@8:3/2;998244353@16:3/2;998244353@32:3/2;998244353@64:3/2;998244353@128:3/2;998244353@256:3/2;998244353@512:31/30
sqrt_threshold,998244353,4096,128,spread,selected,380.2,377.2,388.2,5,3,0,0,,
inv_threshold,998244353,4096,160,spread,sparse,224.25,223.125,235,8,3,0,0,,
inv_threshold,998244353,4096,160,spread,dense,403,401.2,405,5,3,60,450570,2:3/2;4:3/2;8:3/2;16:3/2;32:3/2;64:3/2;128:3/2;256:3/2;512:3/2;1024:3/2;2048:3/2;4096:3/2,998244353@2:3/2;998244353@4:3/2;998244353@8:3/2;998244353@16:3/2;998244353@32:3/2;998244353@64:3/2;998244353@128:3/2;998244353@256:3/2;998244353@512:3/2;998244353@1024:3/2;998244353@2048:3/2;998244353@4096:3/2
inv_threshold,998244353,4096,160,spread,selected,223.889,223.667,231.556,9,3,0,0,,
div_threshold,998244353,4096,160,spread,sparse,220.222,218.778,227.222,9,3,0,0,,
div_threshold,998244353,4096,160,spread,dense,709,679.5,718.5,2,3,63,770058,2:3/2;4:3/2;8:3/2;16:3/2;32:3/2;64:3/2;128:3/2;256:3/2;512:3/2;1024:3/2;2048:3/2;4096:3/2;8192:2/1,998244353@2:3/2;998244353@4:3/2;998244353@8:3/2;998244353@16:3/2;998244353@32:3/2;998244353@64:3/2;998244353@128:3/2;998244353@256:3/2;998244353@512:3/2;998244353@1024:3/2;998244353@2048:3/2;998244353@4096:3/2;998244353@8192:2/1
div_threshold,998244353,4096,160,spread,selected,227.875,221.125,229.375,8,3,0,0,,
exp_threshold,998244353,4096,160,spread,sparse,220.375,220,223.5,8,3,0,0,,
exp_threshold,998244353,4096,160,spread,dense,607.333,590,607.667,3,3,183,595988,2:5/5;4:9/7;8:9/7;16:9/7;32:9/7;64:9/7;128:9/7;256:12/9;512:5/3;1024:27/21,998244353@2:5/5;998244353@4:9/7;998244353@8:9/7;998244353@16:9/7;998244353@32:9/7;998244353@64:9/7;998244353@128:9/7;998244353@256:12/9;998244353@512:5/3;998244353@1024:27/21
exp_threshold,998244353,4096,160,spread,selected,221.375,220,223.5,8,3,0,0,,
pow_threshold,998244353,4096,160,spread,sparse,453.25,439.75,509.25,4,3,0,0,,
pow_threshold,998244353,4096,160,spread,dense,1297,1288,1384,1,3,246,1366046,2:8/7;4:12/9;8:12/9;16:12/9;32:12/9;64:12/9;128:12/9;256:15/11;512:8/5;1024:30/23;2048:3/2;4096:3/2;8192:2/1,998244353@2:8/7;998244353@4:12/9;998244353@8:12/9;998244353@16:12/9;998244353@32:12/9;998244353@64:12/9;998244353@128:12/9;998244353@256:15/11;998244353@512:8/5;998244353@1024:30/23;998244353@2048:3/2;998244353@4096:3/2;998244353@8192:2/1
pow_threshold,998244353,4096,160,spread,selected,450.75,443.75,458.75,4,3,0,0,,
sqrt_threshold,998244353,4096,160,spread,sparse,459,438.5,460.25,4,3,0,0,,
sqrt_threshold,998244353,4096,160,spread,dense,372.6,366.8,374.6,5,3,101,299018,2:3/2;4:3/2;8:3/2;16:3/2;32:3/2;64:3/2;128:3/2;256:3/2;512:31/30,998244353@2:3/2;998244353@4:3/2;998244353@8:3/2;998244353@16:3/2;998244353@32:3/2;998244353@64:3/2;998244353@128:3/2;998244353@256:3/2;998244353@512:31/30
sqrt_threshold,998244353,4096,160,spread,selected,394.2,351.8,419.6,5,3,61,281088,512:31/30,998244353@512:31/30
inv_threshold,998244353,4096,200,spread,sparse,269.429,267,276.571,7,3,0,0,,
inv_threshold,998244353,4096,200,spread,dense,389.8,388,393.4,5,3,60,450570,2:3/2;4:3/2;8:3/2;16:3/2;32:3/2;64:3/2;128:3/2;256:3/2;512:3/2;1024:3/2;2048:3/2;4096:3/2,998244353@2:3/2;998244353@4:3/2;998244353@8:3/2;998244353@16:3/2;998244353@32:3/2;998244353@64:3/2;998244353@128:3/2;998244353@256:3/2;998244353@512:3/2;998244353@1024:3/2;998244353@2048:3/2;998244353@4096:3/2
inv_threshold,998244353,4096,200,spread,selected,274.714,274.143,278.857,7,3,0,0,,
div_threshold,998244353,4096,200,spread,sparse,268.571,267.143,271.143,7,3,0,0,,
div_threshold,998244353,4096,200,spread,dense,662,661.5,678.5,2,3,63,770058,2:3/2;4:3/2;8:3/2;16:3/2;32:3/2;64:3/2;128:3/2;256:3/2;512:3/2;1024:3/2;2048:3/2;4096:3/2;8192:2/1,998244353@2:3/2;998244353@4:3/2;998244353@8:3/2;998244353@16:3/2;998244353@32:3/2;998244353@64:3/2;998244353@128:3/2;998244353@256:3/2;998244353@512:3/2;998244353@1024:3/2;998244353@2048:3/2;998244353@4096:3/2;998244353@8192:2/1
div_threshold,998244353,4096,200,spread,selected,275.429,273,276.429,7,3,0,0,,
exp_threshold,998244353,4096,200,spread,sparse,274.714,270.857,278.429,7,3,0,0,,
exp_threshold,998244353,4096,200,spread,dense,591.667,591,609.667,3,3,183,595988,2:5/5;4:9/7;8:9/7;16:9/7;32:9/7;64:9/7;128:9/7;256:12/9;512:5/3;1024:27/21,998244353@2:5/5;998244353@4:9/7;998244353@8:9/7;998244353@16:9/7;998244353@32:9/7;998244353@64:9/7;998244353@128:9/7;998244353@256:12/9;998244353@512:5/3;998244353@1024:27/21
exp_threshold,998244353,4096,200,spread,selected,274.571,272.571,275.429,7,3,0,0,,
pow_threshold,998244353,4096,200,spread,sparse,552.333,551,567.333,3,3,0,0,,
pow_threshold,998244353,4096,200,spread,dense,1296,1280,1331,1,3,246,1366046,2:8/7;4:12/9;8:12/9;16:12/9;32:12/9;64:12/9;128:12/9;256:15/11;512:8/5;1024:30/23;2048:3/2;4096:3/2;8192:2/1,998244353@2:8/7;998244353@4:12/9;998244353@8:12/9;998244353@16:12/9;998244353@32:12/9;998244353@64:12/9;998244353@128:12/9;998244353@256:15/11;998244353@512:8/5;998244353@1024:30/23;998244353@2048:3/2;998244353@4096:3/2;998244353@8192:2/1
pow_threshold,998244353,4096,200,spread,selected,558.667,553.667,661.667,3,3,0,0,,
sqrt_threshold,998244353,4096,200,spread,sparse,566.333,563.667,601.667,3,3,0,0,,
sqrt_threshold,998244353,4096,200,spread,dense,374.6,372,375,5,3,101,299018,2:3/2;4:3/2;8:3/2;16:3/2;32:3/2;64:3/2;128:3/2;256:3/2;512:31/30,998244353@2:3/2;998244353@4:3/2;998244353@8:3/2;998244353@16:3/2;998244353@32:3/2;998244353@64:3/2;998244353@128:3/2;998244353@256:3/2;998244353@512:31/30
sqrt_threshold,998244353,4096,200,spread,selected,356.6,355.6,361.8,5,3,61,281088,512:31/30,998244353@512:31/30
inv_threshold,998244353,4096,256,spread,sparse,331.4,330.8,331.6,5,3,0,0,,
inv_threshold,998244353,4096,256,spread,dense,385.2,385,388.4,5,3,60,450570,2:3/2;4:3/2;8:3/2;16:3/2;32:3/2;64:3/2;128:3/2;256:3/2;512:3/2;1024:3/2;2048:3/2;4096:3/2,998244353@2:3/2;998244353@4:3/2;998244353@8:3/2;998244353@16:3/2;998244353@32:3/2;998244353@64:3/2;998244353@128:3/2;998244353@256:3/2;998244353@512:3/2;998244353@1024:3/2;998244353@2048:3/2;998244353@4096:3/2
inv_threshold,998244353,4096,256,spread,selected,336.5,333,336.5,6,3,0,0,,
div_threshold,998244353,4096,256,spread,sparse,333.833,332.667,337,6,3,0,0,,
div_threshold,998244353,4096,256,spread,dense,657.333,655,668.333,3,3,63,770058,2:3/2;4:3/2;8:3/2;16:3/2;32:3/2;64:3/2;128:3/2;256:3/2;512:3/2;1024:3/2;2048:3/2;4096:3/2;8192:2/1,998244353@2:3/2;998244353@4:3/2;998244353@8:3/2;998244353@16:3/2;998244353@32:3/2;998244353@64:3/2;998244353@128:3/2;998244353@256:3/2;998244353@512:3/2;998244353@1024:3/2;998244353@2048:3/2;998244353@4096:3/2;998244353@8192:2/1
div_threshold,998244353,4096,256,spread,selected,332.667,332.667,335.5,6,3,0,0,,
exp_threshold,998244353,4096,256,spread,sparse,332.6,325.4,336.6,5,3,0,0,,
exp_threshold,998244353,4096,256,spread,dense,604.333,583.667,620.667,3,3,183,595988,2:5/5;4:9/7;8:9/7;16:9/7;32:9/7;64:9/7;128:9/7;256:12/9;512:5/3;1024:27/21,998244353@2:5/5;998244353@4:9/7;998244353@8:9/7;998244353@16:9/7;998244353@32:9/7;998244353@64:9/7;998244353@128:9/7;998244353@256:12/9;998244353@512:5/3;998244353@1024:27/21
exp_threshold,998244353,4096,256,spread,selected,340.8,335.8,353.4,5,3,0,0,,
pow_threshold,998244353,4096,256,spread,sparse,664.667,661.333,665,3,3,0,0,,
pow_threshold,998244353,4096,256,spread,dense,1249,1245,1249,1,3,246,1366046,2:8/7;4:12/9;8:12/9;16:12/9;32:12/9;64:12/9;128:12/9;256:15/11;512:8/5;1024:30/23;2048:3/2;4096:3/2;8192:2/1,998244353@2:8/7;998244353@4:12/9;998244353@8:12/9;998244353@16:12/9;998244353@32:12/9;998244353@64:12/9;998244353@128:12/9;998244353@256:15/11;998244353@512:8/5;998244353@1024:30/23;998244353@2048:3/2;998244353@4096:3/2;998244353@8192:2/1
pow_threshold,998244353,4096,256,spread,selected,667.667,661.333,668,3,3,0,0,,
sqrt_threshold,998244353,4096,256,spread,sparse,671,670.667,684.333,3,3,0,0,,
sqrt_threshold,998244353,4096,256,spread,dense,357.2,356.8,360,5,3,101,299018,2:3/2;4:3/2;8:3/2;16:3/2;32:3/2;64:3/2;128:3/2;256:3/2;512:31/30,998244353@2:3/2;998244353@4:3/2;998244353@8:3/2;998244353@16:3/2;998244353@32:3/2;998244353@64:3/2;998244353@128:3/2;998244353@256:3/2;998244353@512:31/30
sqrt_threshold,998244353,4096,256,spread,selected,344,343,355.8,5,3,61,281088,512:31/30,998244353@512:31/30
inv_threshold,998244353,4096,320,spread,sparse,407.5,405.5,448.5,4,3,0,0,,
inv_threshold,998244353,4096,320,spread,dense,386.8,382.8,393,5,3,60,450570,2:3/2;4:3/2;8:3/2;16:3/2;32:3/2;64:3/2;128:3/2;256:3/2;512:3/2;1024:3/2;2048:3/2;4096:3/2,998244353@2:3/2;998244353@4:3/2;998244353@8:3/2;998244353@16:3/2;998244353@32:3/2;998244353@64:3/2;998244353@128:3/2;998244353@256:3/2;998244353@512:3/2;998244353@1024:3/2;998244353@2048:3/2;998244353@4096:3/2
inv_threshold,998244353,4096,320,spread,selected,384.2,380.2,390.2,5,3,60,450570,2:3/2;4:3/2;8:3/2;16:3/2;32:3/2;64:3/2;128:3/2;256:3/2;512:3/2;1024:3/2;2048:3/2;4096:3/2,998244353@2:3/2;998244353@4:3/2;998244353@8:3/2;998244353@16:3/2;998244353@32:3/2;998244353@64:3/2;998244353@128:3/2;998244353@256:3/2;998244353@512:3/2;998244353@1024:3/2;998244353@2048:3/2;998244353@4096:3/2
div_threshold,998244353,4096,320,spread,sparse,409,407.25,415.5,4,3,0,0,,
div_threshold,998244353,4096,320,spread,dense,646,643.333,647.667,3,3,63,770058,2:3/2;4:3/2;8:3/2;16:3/2;32:3/2;64:3/2;128:3/2;256:3/2;512:3/2;1024:3/2;2048:3/2;4096:3/2;8192:2/1,998244353@2:3/2;998244353@4:3/2;998244353@8:3/2;998244353@16:3/2;998244353@32:3/2;998244353@64:3/2;998244353@128:3/2;998244353@256:3/2;998244353@512:3/2;998244353@1024:3/2;998244353@2048:3/2;998244353@4096:3/2;998244353@8192:2/1
div_threshold,998244353,4096,320,spread,selected,415.5,415,415.5,4,3,0,0,,
exp_threshold,998244353,4096,320,spread,sparse,409.5,409,424.25,4,3,0,0,,
exp_threshold,998244353,4096,320,spread,dense,582,575,592.333,3,3,183,595988,2:5/5;4:9/7;8:9/7;16:9/7;32:9/7;64:9/7;128:9/7;256:12/9;512:5/3;1024:27/21,998244353@2:5/5;998244353@4:9/7;998244353@8:9/7;998244353@16:9/7;998244353@32:9/7;998244353@64:9/7;998244353@128:9/7;998244353@256:12/9;998244353@512:5/3;998244353@1024:27/21
exp_threshold,998244353,4096,320,spread,selected,421.75,410.5,446.75,4,3,0,0,,
pow_threshold,998244353,4096,320,spread,sparse,821,816.5,836,2,3,0,0,,
pow_threshold,998244353,4096,320,spread,dense,1249,1245,1250,1,3,246,1366046,2:8/7;4:12/9;8:12/9;16:12/9;32:12/9;64:12/9;128:12/9;256:15/11;512:8/5;1024:30/23;2048:3/2;4096:3/2;8192:2/1,998244353@2:8/7;998244353@4:12/9;998244353@8:12/9;998244353@16:12/9;998244353@32:12/9;998244353@64:12/9;998244353@128:12/9;998244353@256:15/11;998244353@512:8/5;998244353@1024:30/23;998244353@2048:3/2;998244353@4096:3/2;998244353@8192:2/1
pow_threshold,998244353,4096,320,spread,selected,837,827.5,839.5,2,3,0,0,,
sqrt_threshold,998244353,4096,320,spread,sparse,831,822.5,842.5,2,3,0,0,,
sqrt_threshold,998244353,4096,320,spread,dense,402.2,394.8,426.6,5,3,216,321938,2:15/10;4:15/10;8:15/10;16:15/10;32:12/8;64:9/6;128:6/4;256:6/4;512:31/30,998244353@2:15/10;998244353@4:15/10;998244353@8:15/10;998244353@16:15/10;998244353@32:12/8;998244353@64:9/6;998244353@128:6/4;998244353@256:6/4;998244353@512:31/30
sqrt_threshold,998244353,4096,320,spread,selected,373.25,357.25,379.75,4,3,66,291328,256:3/2;512:31/30,998244353@256:3/2;998244353@512:31/30
inv_threshold,998244353,4096,512,spread,sparse,631.333,630.333,650.667,3,3,0,0,,
inv_threshold,998244353,4096,512,spread,dense,380.4,377.4,390.6,5,3,60,450570,2:3/2;4:3/2;8:3/2;16:3/2;32:3/2;64:3/2;128:3/2;256:3/2;512:3/2;1024:3/2;2048:3/2;4096:3/2,998244353@2:3/2;998244353@4:3/2;998244353@8:3/2;998244353@16:3/2;998244353@32:3/2;998244353@64:3/2;998244353@128:3/2;998244353@256:3/2;998244353@512:3/2;998244353@1024:3/2;998244353@2048:3/2;998244353@4096:3/2
inv_threshold,998244353,4096,512,spread,selected,399.4,382.8,400,5,3,60,450570,2:3/2;4:3/2;8:3/2;16:3/2;32:3/2;64:3/2;128:3/2;256:3/2;512:3/2;1024:3/2;2048:3/2;4096:3/2,998244353@2:3/2;998244353@4:3/2;998244353@8:3/2;998244353@16:3/2;998244353@32:3/2;998244353@64:3/2;998244353@128:3/2;998244353@256:3/2;998244353@512:3/2;998244353@1024:3/2;998244353@2048:3/2;998244353@4096:3/2
div_threshold,998244353,4096,512,spread,sparse,643.667,628.667,654,3,3,0,0,,
div_threshold,998244353,4096,512,spread,dense,646,643.333,650,3,3,63,770058,2:3/2;4:3/2;8:3/2;16:3/2;32:3/2;64:3/2;128:3/2;256:3/2;512:3/2;1024:3/2;2048:3/2;4096:3/2;8192:2/1,998244353@2:3/2;998244353@4:3/2;998244353@8:3/2;998244353@16:3/2;998244353@32:3/2;998244353@64:3/2;998244353@128:3/2;998244353@256:3/2;998244353@512:3/2;998244353@1024:3/2;998244353@2048:3/2;998244353@4096:3/2;998244353@8192:2/1
div_threshold,998244353,4096,512,spread,selected,649.667,632.667,662,3,3,0,0,,
exp_threshold,998244353,4096,512,spread,sparse,644,627.333,667.667,3,3,0,0,,
exp_threshold,998244353,4096,512,spread,dense,592.667,574.333,608.333,3,3,183,595988,2:5/5;4:9/7;8:9/7;16:9/7;32:9/7;64:9/7;128:9/7;256:12/9;512:5/3;1024:27/21,998244353@2:5/5;998244353@4:9/7;998244353@8:9/7;998244353@16:9/7;998244353@32:9/7;998244353@64:9/7;998244353@128:9/7;998244353@256:12/9;998244353@512:5/3;998244353@1024:27/21
exp_threshold,998244353,4096,512,spread,selected,643.5,626.5,646,2,3,0,0,,
pow_threshold,998244353,4096,512,spread,sparse,1284,1249,1296,1,3,0,0,,
pow_threshold,998244353,4096,512,spread,dense,1245,1242,1293,1,3,246,1366046,2:8/7;4:12/9;8:12/9;16:12/9;32:12/9;64:12/9;128:12/9;256:15/11;512:8/5;1024:30/23;2048:3/2;4096:3/2;8192:2/1,998244353@2:8/7;998244353@4:12/9;998244353@8:12/9;998244353@16:12/9;998244353@32:12/9;998244353@64:12/9;998244353@128:12/9;998244353@256:15/11;998244353@512:8/5;998244353@1024:30/23;998244353@2048:3/2;998244353@4096:3/2;998244353@8192:2/1
pow_threshold,998244353,4096,512,spread,selected,1236,1236,1247,1,3,183,595988,2:5/5;4:9/7;8:9/7;16:9/7;32:9/7;64:9/7;128:9/7;256:12/9;512:5/3;1024:27/21,998244353@2:5/5;998244353@4:9/7;998244353@8:9/7;998244353@16:9/7;998244353@32:9/7;998244353@64:9/7;998244353@128:9/7;998244353@256:12/9;998244353@512:5/3;998244353@1024:27/21
sqrt_threshold,998244353,4096,512,spread,sparse,1275,1246,1295,1,3,0,0,,
sqrt_threshold,998244353,4096,512,spread,dense,396,393.4,400.6,5,3,216,321938,2:15/10;4:15/10;8:15/10;16:15/10;32:12/8;64:9/6;128:6/4;256:6/4;512:31/30,998244353@2:15/10;998244353@4:15/10;998244353@8:15/10;998244353@16:15/10;998244353@32:12/8;998244353@64:9/6;998244353@128:6/4;998244353@256:6/4;998244353@512:31/30
sqrt_threshold,998244353,4096,512,spread,selected,380.4,378.4,388.6,5,3,106,309258,2:3/2;4:3/2;8:3/2;16:3/2;32:3/2;64:3/2;128:3/2;256:6/4;512:31/30,998244353@2:3/2;998244353@4:3/2;998244353@8:3/2;998244353@16:3/2;998244353@32:3/2;998244353@64:3/2;998244353@128:3/2;998244353@256:6/4;998244353@512:31/30
inv_threshold,998244353,4096,32,suffix,sparse,7.96875,7.96094,7.99219,128,3,0,0,,
inv_threshold,998244353,4096,32,suffix,dense,4.45312,4.45312,4.46094,128,3,0,0,,
inv_threshold,998244353,4096,32,suffix,selected,4.46094,4.4375,4.66406,128,3,0,0,,
div_threshold,998244353,4096,32,suffix,sparse,8.17188,7.96875,8.27344,128,3,0,0,,
div_threshold,998244353,4096,32,suffix,dense,110.111,108.389,111.167,18,3,0,0,,
div_threshold,998244353,4096,32,suffix,selected,10.1641,10.125,10.3906,128,3,0,0,,
exp_threshold,998244353,4096,32,suffix,sparse,18.6095,18.5714,18.619,105,3,0,0,,
exp_threshold,998244353,4096,32,suffix,dense,1.70312,1.6875,1.78906,128,3,0,0,,
exp_threshold,998244353,4096,32,suffix,selected,1.67969,1.67188,1.67969,128,3,0,0,,
pow_threshold,998244353,4096,32,suffix,sparse,30.0606,30.0455,30.8182,66,3,0,0,,
pow_threshold,998244353,4096,32,suffix,dense,6.53125,6.51562,6.5625,128,3,0,0,,
pow_threshold,998244353,4096,32,suffix,selected,6.54688,6.53906,6.5625,128,3,0,0,,
sqrt_threshold,998244353,4096,32,suffix,sparse,30.4062,30.3438,30.5312,64,3,0,0,,
sqrt_threshold,998244353,4096,32,suffix,dense,6.79688,6.79688,6.85938,128,3,0,0,,
sqrt_threshold,998244353,4096,32,suffix,selected,6.82031,6.80469,6.94531,128,3,0,0,,
inv_threshold,998244353,4096,64,suffix,sparse,9.22656,9.19531,9.35156,128,3,0,0,,
inv_threshold,998244353,4096,64,suffix,dense,4.46875,4.46094,4.47656,128,3,0,0,,
inv_threshold,998244353,4096,64,suffix,selected,4.45312,4.45312,4.75,128,3,0,0,,
div_threshold,998244353,4096,64,suffix,sparse,9.125,9.07031,9.125,128,3,0,0,,
div_threshold,998244353,4096,64,suffix,dense,270,269.714,276.143,7,3,3,319488,8192:2/1,998244353@8192:2/1
div_threshold,998244353,4096,64,suffix,selected,11.4375,11.3281,11.6328,128,3,0,0,,
exp_threshold,998244353,4096,64,suffix,sparse,19.75,19.7,19.79,100,3,0,0,,
exp_threshold,998244353,4096,64,suffix,dense,1.67188,1.66406,1.76562,128,3,0,0,,
exp_threshold,998244353,4096,64,suffix,selected,1.67188,1.66406,1.69531,128,3,0,0,,
pow_threshold,998244353,4096,64,suffix,sparse,32.4839,32.3548,32.7742,62,3,0,0,,
pow_threshold,998244353,4096,64,suffix,dense,6.54688,6.53906,6.77344,128,3,0,0,,
pow_threshold,998244353,4096,64,suffix,selected,6.53906,6.53125,6.53906,128,3,0,0,,
sqrt_threshold,998244353,4096,64,suffix,sparse,32.6452,32.6129,32.6935,62,3,0,0,,
sqrt_threshold,998244353,4096,64,suffix,dense,6.82812,6.82031,7.00781,128,3,0,0,,
sqrt_threshold,998244353,4096,64,suffix,selected,6.86719,6.86719,6.99219,128,3,0,0,,
inv_threshold,998244353,4096,100,suffix,sparse,11.3438,11.3203,11.4922,128,3,0,0,,
inv_threshold,998244353,4096,100,suffix,dense,4.47656,4.47656,4.53906,128,3,0,0,,
inv_threshold,998244353,4096,100,suffix,selected,4.52344,4.46875,4.5625,128,3,0,0,,
div_threshold,998244353,4096,100,suffix,sparse,11.1875,11.125,11.2266,128,3,0,0,,
div_threshold,998244353,4096,100,suffix,dense,271.429,269.571,271.571,7,3,3,319488,8192:2/1,998244353@8192:2/1
div_threshold,998244353,4096,100,suffix,selected,13.5625,13.4766,13.7109,128,3,0,0,,
exp_threshold,998244353,4096,100,suffix,sparse,21.8333,21.7222,22.0667,90,3,0,0,,
exp_threshold,998244353,4096,100,suffix,dense,1.66406,1.65625,1.67188,128,3,0,0,,
exp_threshold,998244353,4096,100,suffix,selected,1.65625,1.65625,1.66406,128,3,0,0,,
pow_threshold,998244353,4096,100,suffix,sparse,36.4444,36.3889,38.037,54,3,0,0,,
pow_threshold,998244353,4096,100,suffix,dense,6.57031,6.54688,6.64844,128,3,0,0,,
pow_threshold,998244353,4096,100,suffix,selected,6.53125,6.51562,6.54688,128,3,0,0,,
sqrt_threshold,998244353,4096,100,suffix,sparse,36.8545,36.6364,37.2,55,3,0,0,,
sqrt_threshold,998244353,4096,100,suffix,dense,6.8125,6.80469,6.85156,128,3,0,0,,
sqrt_threshold,998244353,4096,100,suffix,selected,6.8125,6.8125,7.01562,128,3,0,0,,
inv_threshold,998244353,4096,128,suffix,sparse,13.5078,13.4375,14.1484,128,3,0,0,,
inv_threshold,998244353,4096,128,suffix,dense,4.5,4.46875,4.53125,128,3,0,0,,
inv_threshold,998244353,4096,128,suffix,selected,4.46875,4.45312,4.65625,128,3,0,0,,
div_threshold,998244353,4096,128,suffix,sparse,13.2266,13.2266,13.25,128,3,0,0,,
div_threshold,998244353,4096,128,suffix,dense,270.429,269.571,270.857,7,3,3,319488,8192:2/1,998244353@8192:2/1
div_threshold,998244353,4096,128,suffix,selected,15.6875,15.4219,15.7656,128,3,0,0,,
exp_threshold,998244353,4096,128,suffix,sparse,23.8072,23.7952,24.3253,83,3,0,0,,
exp_threshold,998244353,4096,128,suffix,dense,1.65625,1.65625,1.66406,128,3,0,0,,
exp_threshold,998244353,4096,128,suffix,selected,1.67969,1.65625,1.67969,128,3,0,0,,
pow_threshold,998244353,4096,128,suffix,sparse,40.5417,40.5417,40.75,48,3,0,0,,
pow_threshold,998244353,4096,128,suffix,dense,6.54688,6.53906,6.55469,128,3,0,0,,
pow_threshold,998244353,4096,128,suffix,selected,6.51562,6.51562,6.52344,128,3,0,0,,
sqrt_threshold,998244353,4096,128,suffix,sparse,40.8542,40.8125,41.5208,48,3,0,0,,
sqrt_threshold,998244353,4096,128,suffix,dense,6.83594,6.83594,6.86719,128,3,0,0,,
sqrt_threshold,998244353,4096,128,suffix,selected,6.85156,6.84375,6.85938,128,3,0,0,,
inv_threshold,998244353,4096,160,suffix,sparse,16.4103,16.4017,16.453,117,3,0,0,,
inv_threshold,998244353,4096,160,suffix,dense,4.48438,4.47656,4.73438,128,3,0,0,,
inv_threshold,998244353,4096,160,suffix,selected,4.49219,4.48438,4.49219,128,3,0,0,,
div_threshold,998244353,4096,160,suffix,sparse,16.352,16.28,16.512,125,3,0,0,,
div_threshold,998244353,4096,160,suffix,dense,269.571,269.429,270.143,7,3,3,319488,8192:2/1,998244353@8192:2/1
div_threshold,998244353,4096,160,suffix,selected,18.5225,18.4685,18.8829,111,3,0,0,,
exp_threshold,998244353,4096,160,suffix,sparse,26.8514,26.7973,27.0135,74,3,0,0,,
exp_threshold,998244353,4096,160,suffix,dense,1.65625,1.65625,1.66406,128,3,0,0,,
exp_threshold,998244353,4096,160,suffix,selected,1.64844,1.64062,1.64844,128,3,0,0,,
pow_threshold,998244353,4096,160,suffix,sparse,46.8333,46.7857,47.881,42,3,0,0,,
pow_threshold,998244353,4096,160,suffix,dense,6.57031,6.5625,6.57812,128,3,0,0,,
pow_threshold,998244353,4096,160,suffix,selected,6.55469,6.53125,6.57812,128,3,0,0,,
sqrt_threshold,998244353,4096,160,suffix,sparse,46.7619,46.7143,46.881,42,3,0,0,,
sqrt_threshold,998244353,4096,160,suffix,dense,6.83594,6.80469,6.83594,128,3,0,0,,
sqrt_threshold,998244353,4096,160,suffix,selected,6.84375,6.80469,6.96094,128,3,0,0,,
inv_threshold,998244353,4096,200,suffix,sparse,21.0737,21.0526,21.1263,95,3,0,0,,
inv_threshold,998244353,4096,200,suffix,dense,4.48438,4.48438,4.5,128,3,0,0,,
inv_threshold,998244353,4096,200,suffix,selected,4.48438,4.48438,4.48438,128,3,0,0,,
div_threshold,998244353,4096,200,suffix,sparse,20.85,20.75,20.94,100,3,0,0,,
div_threshold,998244353,4096,200,suffix,dense,270.286,269.857,273,7,3,3,319488,8192:2/1,998244353@8192:2/1
div_threshold,998244353,4096,200,suffix,selected,22.9651,22.9535,23.5116,86,3,0,0,,
exp_threshold,998244353,4096,200,suffix,sparse,31.1875,31.1719,31.2656,64,3,0,0,,
exp_threshold,998244353,4096,200,suffix,dense,1.64062,1.63281,1.64844,128,3,0,0,,
exp_threshold,998244353,4096,200,suffix,selected,1.63281,1.63281,1.63281,128,3,0,0,,
pow_threshold,998244353,4096,200,suffix,sparse,55.6857,55.5143,56.5143,35,3,0,0,,
pow_threshold,998244353,4096,200,suffix,dense,6.55469,6.55469,6.57812,128,3,0,0,,
pow_threshold,998244353,4096,200,suffix,selected,6.53125,6.53125,6.53906,128,3,0,0,,
sqrt_threshold,998244353,4096,200,suffix,sparse,55.9167,55.7778,56.8333,36,3,0,0,,
sqrt_threshold,998244353,4096,200,suffix,dense,6.94531,6.82812,6.96875,128,3,0,0,,
sqrt_threshold,998244353,4096,200,suffix,selected,6.99219,6.80469,7,128,3,0,0,,
inv_threshold,998244353,4096,256,suffix,sparse,30.2424,29.8788,30.5,66,3,0,0,,
inv_threshold,998244353,4096,256,suffix,dense,4.64062,4.54688,4.64844,128,3,0,0,,
inv_threshold,998244353,4096,256,suffix,selected,4.5625,4.53906,4.60938,128,3,0,0,,
div_threshold,998244353,4096,256,suffix,sparse,29.3939,29.3788,29.4091,66,3,0,0,,
div_threshold,998244353,4096,256,suffix,dense,276.571,275.571,281.714,7,3,3,319488,8192:2/1,998244353@8192:2/1
div_threshold,998244353,4096,256,suffix,selected,31.6935,31.5968,31.7419,62,3,0,0,,
exp_threshold,998244353,4096,256,suffix,sparse,40.3333,40,40.7083,48,3,0,0,,
exp_threshold,998244353,4096,256,suffix,dense,1.66406,1.64844,1.67188,128,3,0,0,,
exp_threshold,998244353,4096,256,suffix,selected,1.66406,1.65625,1.67188,128,3,0,0,,
pow_threshold,998244353,4096,256,suffix,sparse,72.8889,72.8148,74.2963,27,3,0,0,,
pow_threshold,998244353,4096,256,suffix,dense,6.65625,6.58594,6.71094,128,3,0,0,,
pow_threshold,998244353,4096,256,suffix,selected,6.67188,6.57031,6.72656,128,3,0,0,,
sqrt_threshold,998244353,4096,256,suffix,sparse,71.8519,71.6667,72.2222,27,3,0,0,,
sqrt_threshold,998244353,4096,256,suffix,dense,6.95312,6.82031,7.26562,128,3,0,0,,
sqrt_threshold,998244353,4096,256,suffix,selected,6.92969,6.85938,6.97656,128,3,0,0,,
inv_threshold,998244353,4096,320,suffix,sparse,41.9362,41.3191,42.5532,47,3,0,0,,
inv_threshold,998244353,4096,320,suffix,dense,4.51562,4.46875,4.67188,128,3,0,0,,
inv_threshold,998244353,4096,320,suffix,selected,4.51562,4.49219,4.57812,128,3,0,0,,
div_threshold,998244353,4096,320,suffix,sparse,41.0208,40.2292,42.1875,48,3,0,0,,
div_threshold,998244353,4096,320,suffix,dense,272.429,271.571,275.714,7,3,3,319488,8192:2/1,998244353@8192:2/1
div_threshold,998244353,4096,320,suffix,selected,42.6304,42.5435,42.6739,46,3,0,0,,
exp_threshold,998244353,4096,320,suffix,sparse,52.4688,51.9688,52.875,32,3,0,0,,
exp_threshold,998244353,4096,320,suffix,dense,1.60938,1.60938,1.61719,128,3,0,0,,
exp_threshold,998244353,4096,320,suffix,selected,1.70312,1.60156,1.74219,128,3,0,0,,
pow_threshold,998244353,4096,320,suffix,sparse,101.2,101.15,102.8,20,3,0,0,,
pow_threshold,998244353,4096,320,suffix,dense,6.6875,6.55469,6.91406,128,3,0,0,,
pow_threshold,998244353,4096,320,suffix,selected,6.52344,6.52344,6.61719,128,3,0,0,,
sqrt_threshold,998244353,4096,320,suffix,sparse,101.6,101.15,102,20,3,0,0,,
sqrt_threshold,998244353,4096,320,suffix,dense,6.875,6.80469,7.13281,128,3,0,0,,
sqrt_threshold,998244353,4096,320,suffix,selected,7.00781,6.79688,7.02344,128,3,0,0,,
inv_threshold,998244353,4096,512,suffix,sparse,99.1429,95.5238,102.286,21,3,0,0,,
inv_threshold,998244353,4096,512,suffix,dense,4.63281,4.60156,4.80469,128,3,0,0,,
inv_threshold,998244353,4096,512,suffix,selected,4.69531,4.64062,4.75781,128,3,0,0,,
div_threshold,998244353,4096,512,suffix,sparse,93.4762,89.0476,94.9524,21,3,0,0,,
div_threshold,998244353,4096,512,suffix,dense,273.167,273,274.833,6,3,3,319488,8192:2/1,998244353@8192:2/1
div_threshold,998244353,4096,512,suffix,selected,93.6,93.45,96.1,20,3,0,0,,
exp_threshold,998244353,4096,512,suffix,sparse,102.789,101.895,102.789,19,3,0,0,,
exp_threshold,998244353,4096,512,suffix,dense,1.55469,1.54688,1.5625,128,3,0,0,,
exp_threshold,998244353,4096,512,suffix,selected,1.54688,1.54688,1.55469,128,3,0,0,,
pow_threshold,998244353,4096,512,suffix,sparse,192.667,192.222,194.556,9,3,0,0,,
pow_threshold,998244353,4096,512,suffix,dense,6.5,6.46875,6.82031,128,3,0,0,,
pow_threshold,998244353,4096,512,suffix,selected,6.52344,6.46094,6.88281,128,3,0,0,,
sqrt_threshold,998244353,4096,512,suffix,sparse,197,192.556,199.111,9,3,0,0,,
sqrt_threshold,998244353,4096,512,suffix,dense,7.10156,6.77344,7.11719,128,3,0,0,,
sqrt_threshold,998244353,4096,512,suffix,selected,6.79688,6.77344,6.83594,128,3,0,0,,
inv_threshold,998244353,4097,32,prefix,sparse,91.6818,91.2273,94.6364,22,3,0,0,,
inv_threshold,998244353,4097,32,prefix,dense,455.75,447.25,461,4,3,86,460810,2:3/2;4:3/2;8:3/2;16:3/2;32:3/2;64:3/2;128:3/2;256:3/2;512:3/2;1024:25/16,998244353@2:3/2;998244353@4:3/2;998244353@8:3/2;998244353@16:3/2;998244353@32:3/2;998244353@64:3/2;998244353@128:3/2;998244353@256:3/2;998244353@512:3/2;998244353@1024:25/16
inv_threshold,998244353,4097,32,prefix,selected,92,91.8824,94.6471,17,3,0,0,,
div_threshold,998244353,4097,32,prefix,sparse,91.4286,89.7143,91.6667,21,3,0,0,,
div_threshold,998244353,4097,32,prefix,dense,1002,963,1012,2,3,89,1148938,2:3/2;4:3/2;8:3/2;16:3/2;32:3/2;64:3/2;128:3/2;256:3/2;512:3/2;1024:25/16;16384:2/1,998244353@2:3/2;998244353@4:3/2;998244353@8:3/2;998244353@16:3/2;998244353@32:3/2;998244353@64:3/2;998244353@128:3/2;998244353@256:3/2;998244353@512:3/2;998244353@1024:25/16;998244353@16384:2/1
div_threshold,998244353,4097,32,prefix,selected,94,93.1905,94,21,3,0,0,,
exp_threshold,998244353,4097,32,prefix,sparse,98.3,98.1,108.4,20,3,0,0,,
exp_threshold,998244353,4097,32,prefix,dense,676,672,683.5,2,3,233,570772,2:5/5;4:9/7;8:9/7;16:9/7;32:9/7;64:9/7;128:12/9;256:5/3;512:66/48,998244353@2:5/5;998244353@4:9/7;998244353@8:9/7;998244353@16:9/7;998244353@32:9/7;998244353@64:9/7;998244353@128:12/9;998244353@256:5/3;998244353@512:66/48
exp_threshold,998244353,4097,32,prefix,selected,102.316,102.105,102.684,19,3,0,0,,
pow_threshold,998244353,4097,32,prefix,sparse,194.6,194.1,194.7,10,3,0,0,,
pow_threshold,998244353,4097,32,prefix,dense,1207,1198,1222,1,3,293,1021342,2:8/7;4:12/9;8:12/9;16:12/9;32:12/9;64:12/9;128:15/11;256:8/5;512:69/50;1024:3/2;2048:3/2;4096:3/2,998244353@2:8/7;998244353@4:12/9;998244353@8:12/9;998244353@16:12/9;998244353@32:12/9;998244353@64:12/9;998244353@128:15/11;998244353@256:8/5;998244353@512:69/50;998244353@1024:3/2;998244353@2048:3/2;998244353@4096:3/2
pow_threshold,998244353,4097,32,prefix,selected,198,196.4,201.1,10,3,0,0,,
sqrt_threshold,998244353,4097,32,prefix,sparse,197.6,195,232.5,10,3,0,0,,
sqrt_threshold,998244353,4097,32,prefix,dense,475,474,475.5,4,3,268,447480,2:24/16;4:24/16;8:21/14;16:18/12;32:15/10;64:12/8;128:12/8;256:9/6;512:6/4;1024:17/16,998244353@2:24/16;998244353@4:24/16;998244353@8:21/14;998244353@16:18/12;998244353@32:15/10;998244353@64:12/8;998244353@128:12/8;998244353@256:9/6;998244353@512:6/4;998244353@1024:17/16
sqrt_threshold,998244353,4097,32,prefix,selected,197.667,197.444,204.778,9,3,0,0,,
inv_threshold,998244353,4097,64,prefix,sparse,179.091,173.545,201,11,3,0,0,,
inv_threshold,998244353,4097,64,prefix,dense,456.5,455.5,462.75,4,3,86,460810,2:3/2;4:3/2;8:3/2;16:3/2;32:3/2;64:3/2;128:3/2;256:3/2;512:3/2;1024:25/16,998244353@2:3/2;998244353@4:3/2;998244353@8:3/2;998244353@16:3/2;998244353@32:3/2;998244353@64:3/2;998244353@128:3/2;998244353@256:3/2;998244353@512:3/2;998244353@1024:25/16
inv_threshold,998244353,4097,64,prefix,selected,180.273,179.182,186.909,11,3,0,0,,
div_threshold,998244353,4097,64,prefix,sparse,172.909,171.182,189.909,11,3,0,0,,
div_threshold,998244353,4097,64,prefix,dense,958,948,1047,1,3,89,1148938,2:3/2;4:3/2;8:3/2;16:3/2;32:3/2;64:3/2;128:3/2;256:3/2;512:3/2;1024:25/16;16384:2/1,998244353@2:3/2;998244353@4:3/2;998244353@8:3/2;998244353@16:3/2;998244353@32:3/2;998244353@64:3/2;998244353@128:3/2;998244353@256:3/2;998244353@512:3/2;998244353@1024:25/16;998244353@16384:2/1
div_threshold,998244353,4097,64,prefix,selected,174.818,173.182,175.273,11,3,0,0,,
exp_threshold,998244353,4097,64,prefix,sparse,171.182,170.727,172.182,11,3,0,0,,
exp_threshold,998244353,4097,64,prefix,dense,670,667.333,718.333,3,3,233,570772,2:5/5;4:9/7;8:9/7;16:9/7;32:9/7;64:9/7;128:12/9;256:5/3;512:66/48,998244353@2:5/5;998244353@4:9/7;998244353@8:9/7;998244353@16:9/7;998244353@32:9/7;998244353@64:9/7;998244353@128:12/9;998244353@256:5/3;998244353@512:66/48
exp_threshold,998244353,4097,64,prefix,selected,177.364,175.182,178,11,3,0,0,,
pow_threshold,998244353,4097,64,prefix,sparse,359.4,343.8,360,5,3,0,0,,
pow_threshold,998244353,4097,64,prefix,dense,1334,1332,1367,1,3,296,1340830,2:8/7;4:12/9;8:12/9;16:12/9;32:12/9;64:12/9;128:15/11;256:8/5;512:69/50;1024:3/2;2048:3/2;4096:3/2;8192:2/1,998244353@2:8/7;998244353@4:12/9;998244353@8:12/9;998244353@16:12/9;998244353@32:12/9;998244353@64:12/9;998244353@128:15/11;998244353@256:8/5;998244353@512:69/50;998244353@1024:3/2;998244353@2048:3/2;998244353@4096:3/2;998244353@8192:2/1
pow_threshold,998244353,4097,64,prefix,selected,349,347.4,352.6,5,3,0,0,,
sqrt_threshold,998244353,4097,64,prefix,sparse,349.2,345.2,356,5,3,0,0,,
sqrt_threshold,998244353,4097,64,prefix,dense,470.25,463.5,472,4,3,268,447480,2:24/16;4:24/16;8:21/14;16:18/12;32:15/10;64:12/8;128:12/8;256:9/6;512:6/4;1024:17/16,998244353@2:24/16;998244353@4:24/16;998244353@8:21/14;998244353@16:18/12;998244353@32:15/10;998244353@64:12/8;998244353@128:12/8;998244353@256:9/6;998244353@512:6/4;998244353@1024:17/16
sqrt_threshold,998244353,4097,64,prefix,selected,356.2,347,359,5,3,0,0,,
inv_threshold,998244353,4097,100,prefix,sparse,268.143,267.571,272,7,3,0,0,,
inv_threshold,998244353,4097,100,prefix,dense,452,452,456.25,4,3,86,460810,2:3/2;4:3/2;8:3/2;16:3/2;32:3/2;64:3/2;128:3/2;256:3/2;512:3/2;1024:25/16,998244353@2:3/2;998244353@4:3/2;998244353@8:3/2;998244353@16:3/2;998244353@32:3/2;998244353@64:3/2;998244353@128:3/2;998244353@256:3/2;998244353@512:3/2;998244353@1024:25/16
inv_threshold,998244353,4097,100,prefix,selected,271,268.429,274,7,3,0,0,,
div_threshold,998244353,4097,100,prefix,sparse,268.714,268.429,277.429,7,3,0,0,,
div_threshold,998244353,4097,100,prefix,dense,979,965,980,2,3,89,1148938,2:3/2;4:3/2;8:3/2;16:3/2;32:3/2;64:3/2;128:3/2;256:3/2;512:3/2;1024:25/16;16384:2/1,998244353@2:3/2;998244353@4:3/2;998244353@8:3/2;998244353@16:3/2;998244353@32:3/2;998244353@64:3/2;998244353@128:3/2;998244353@256:3/2;998244353@512:3/2;998244353@1024:25/16;998244353@16384:2/1
div_threshold,998244353,4097,100,prefix,selected,270.429,268.286,270.857,7,3,0,0,,
exp_threshold,998244353,4097,100,prefix,sparse,275,272.571,276.286,7,3,0,0,,
exp_threshold,998244353,4097,100,prefix,dense,677,671,684.5,2,3,233,570772,2:5/5;4:9/7;8:9/7;16:9/7;32:9/7;64:9/7;128:12/9;256:5/3;512:66/48,998244353@2:5/5;998244353@4:9/7;998244353@8:9/7;998244353@16:9/7;998244353@32:9/7;998244353@64:9/7;998244353@128:12/9;998244353@256:5/3;998244353@512:66/48
exp_threshold,998244353,4097,100,prefix,selected,276,274.571,279.429,7,3,0,0,,
pow_threshold,998244353,4097,100,prefix,sparse,555.333,553.333,572,3,3,0,0,,
pow_threshold,998244353,4097,100,prefix,dense,1395,1361,1448,1,3,296,1340830,2:8/7;4:12/9;8:12/9;16:12/9;32:12/9;64:12/9;128:15/11;256:8/5;512:69/50;1024:3/2;2048:3/2;4096:3/2;8192:2/1,998244353@2:8/7;998244353@4:12/9;998244353@8:12/9;998244353@16:12/9;998244353@32:12/9;998244353@64:12/9;998244353@128:15/11;998244353@256:8/5;998244353@512:69/50;998244353@1024:3/2;998244353@2048:3/2;998244353@4096:3/2;998244353@8192:2/1
pow_threshold,998244353,4097,100,prefix,selected,558,556,572.333,3,3,0,0,,
sqrt_threshold,998244353,4097,100,prefix,sparse,1267.67,1248.33,1595.33,3,3,0,0,,
sqrt_threshold,998244353,4097,100,prefix,dense,1064,1047,1074,1,3,268,447480,2:24/16;4:24/16;8:21/14;16:18/12;32:15/10;64:12/8;128:12/8;256:9/6;512:6/4;1024:17/16,998244353@2:24/16;998244353@4:24/16;998244353@8:21/14;998244353@16:18/12;998244353@32:15/10;998244353@64:12/8;998244353@128:12/8;998244353@256:9/6;998244353@512:6/4;998244353@1024:17/16
sqrt_threshold,998244353,4097,100,prefix,selected,1048,1013,3071,1,3,133,434580,2:6/4;4:6/4;8:6/4;16:6/4;32:6/4;64:6/4;128:9/6;256:9/6;512:6/4;1024:17/16,998244353@2:6/4;998244353@4:6/4;998244353@8:6/4;998244353@16:6/4;998244353@32:6/4;998244353@64:6/4;998244353@128:9/6;998244353@256:9/6;998244353@512:6/4;998244353@1024:17/16
inv_threshold,998244353,4097,128,prefix,sparse,348,344.5,380.5,2,3,0,0,,
inv_threshold,998244353,4097,128,prefix,dense,468,465,472,2,3,86,460810,2:3/2;4:3/2;8:3/2;16:3/2;32:3/2;64:3/2;128:3/2;256:3/2;512:3/2;1024:25/16,998244353@2:3/2;998244353@4:3/2;998244353@8:3/2;998244353@16:3/2;998244353@32:3/2;998244353@64:3/2;998244353@128:3/2;998244353@256:3/2;998244353@512:3/2;998244353@1024:25/16
inv_threshold,998244353,4097,128,prefix,selected,346.6,346,357.4,5,3,0,0,,
div_threshold,998244353,4097,128,prefix,sparse,343.6,341,344.2,5,3,0,0,,
div_threshold,998244353,4097,128,prefix,dense,995,993,1004,1,3,89,1148938,2:3/2;4:3/2;8:3/2;16:3/2;32:3/2;64:3/2;128:3/2;256:3/2;512:3/2;1024:25/16;16384:2/1,998244353@2:3/2;998244353@4:3/2;998244353@8:3/2;998244353@16:3/2;998244353@32:3/2;998244353@64:3/2;998244353@128:3/2;998244353@256:3/2;998244353@512:3/2;998244353@1024:25/16;998244353@16384:2/1
div_threshold,998244353,4097,128,prefix,selected,364.6,346.6,375.2,5,3,0,0,,
exp_threshold,998244353,4097,128,prefix,sparse,348.6,346,364.8,5,3,0,0,,
exp_threshold,998244353,4097,128,prefix,dense,701.5,699.5,761,2,3,233,570772,2:5/5;4:9/7;8:9/7;16:9/7;32:9/7;64:9/7;128:12/9;256:5/3;512:66/48,998244353@2:5/5;998244353@4:9/7;998244353@8:9/7;998244353@16:9/7;998244353@32:9/7;998244353@64:9/7;998244353@128:12/9;998244353@256:5/3;998244353@512:66/48
exp_threshold,998244353,4097,128,prefix,selected,359.8,349.4,363.8,5,3,0,0,,
pow_threshold,998244353,4097,128,prefix,sparse,741.5,739.5,760.5,2,3,0,0,,
pow_threshold,998244353,4097,128,prefix,dense,1471,1404,1477,1,3,296,1340830,2:8/7;4:12/9;8:12/9;16:12/9;32:12/9;64:12/9;128:15/11;256:8/5;512:69/50;1024:3/2;2048:3/2;4096:3/2;8192:2/1,998244353@2:8/7;998244353@4:12/9;998244353@8:12/9;998244353@16:12/9;998244353@32:12/9;998244353@64:12/9;998244353@128:15/11;998244353@256:8/5;998244353@512:69/50;998244353@1024:3/2;998244353@2048:3/2;998244353@4096:3/2;998244353@8192:2/1
pow_threshold,998244353,4097,128,prefix,selected,725,720,746,2,3,0,0,,
sqrt_threshold,998244353,4097,128,prefix,sparse,707,704.5,746.5,2,3,0,0,,
sqrt_threshold,998244353,4097,128,prefix,dense,548,485.5,574,4,3,268,447480,2:24/16;4:24/16;8:21/14;16:18/12;32:15/10;64:12/8;128:12/8;256:9/6;512:6/4;1024:17/16,998244353@2:24/16;998244353@4:24/16;998244353@8:21/14;998244353@16:18/12;998244353@32:15/10;998244353@64:12/8;998244353@128:12/8;998244353@256:9/6;998244353@512:6/4;998244353@1024:17/16
sqrt_threshold,998244353,4097,128,prefix,selected,470.5,469.25,471,4,3,133,434580,2:6/4;4:6/4;8:6/4;16:6/4;32:6/4;64:6/4;128:9/6;256:9/6;512:6/4;1024:17/16,998244353@2:6/4;998244353@4:6/4;998244353@8:6/4;998244353@16:6/4;998244353@32:6/4;998244353@64:6/4;998244353@128:9/6;998244353@256:9/6;998244353@512:6/4;998244353@1024:17/16
inv_threshold,998244353,4097,160,prefix,sparse,572,551.5,887,2,3,0,0,,
inv_threshold,998244353,4097,160,prefix,dense,647,470,1061,1,3,86,460810,2:3/2;4:3/2;8:3/2;16:3/2;32:3/2;64:3/2;128:3/2;256:3/2;512:3/2;1024:25/16,998244353@2:3/2;998244353@4:3/2;998244353@8:3/2;998244353@16:3/2;998244353@32:3/2;998244353@64:3/2;998244353@128:3/2;998244353@256:3/2;998244353@512:3/2;998244353@1024:25/16
inv_threshold,998244353,4097,160,prefix,selected,681.5,542.5,886.5,2,3,0,0,,
div_threshold,998244353,4097,160,prefix,sparse,417.75,412.25,425.75,4,3,0,0,,
div_threshold,998244353,4097,160,prefix,dense,969.5,969.5,978.5,2,3,89,1148938,2:3/2;4:3/2;8:3/2;16:3/2;32:3/2;64:3/2;128:3/2;256:3/2;512:3/2;1024:25/16;16384:2/1,998244353@2:3/2;998244353@4:3/2;998244353@8:3/2;998244353@16:3/2;998244353@32:3/2;998244353@64:3/2;998244353@128:3/2;998244353@256:3/2;998244353@512:3/2;998244353@1024:25/16;998244353@16384:2/1
div_threshold,998244353,4097,160,prefix,selected,415.75,415.5,418.75,4,3,0,0,,
exp_threshold,998244353,4097,160,prefix,sparse,904.75,773.5,943.25,4,3,0,0,,
exp_threshold,998244353,4097,160,prefix,dense,1499,1485,1553,1,3,233,570772,2:5/5;4:9/7;8:9/7;16:9/7;32:9/7;64:9/7;128:12/9;256:5/3;512:66/48,998244353@2:5/5;998244353@4:9/7;998244353@8:9/7;998244353@16:9/7;998244353@32:9/7;998244353@64:9/7;998244353@128:12/9;998244353@256:5/3;998244353@512:66/48
exp_threshold,998244353,4097,160,prefix,selected,929.5,905,938.5,2,3,0,0,,
pow_threshold,998244353,4097,160,prefix,sparse,905,859,938,1,3,0,0,,
pow_threshold,998244353,4097,160,prefix,dense,1458,1405,1498,1,3,296,1340830,2:8/7;4:12/9;8:12/9;16:12/9;32:12/9;64:12/9;128:15/11;256:8/5;512:69/50;1024:3/2;2048:3/2;4096:3/2;8192:2/1,998244353@2:8/7;998244353@4:12/9;998244353@8:12/9;998244353@16:12/9;998244353@32:12/9;998244353@64:12/9;998244353@128:15/11;998244353@256:8/5;998244353@512:69/50;998244353@1024:3/2;998244353@2048:3/2;998244353@4096:3/2;998244353@8192:2/1
pow_threshold,998244353,4097,160,prefix,selected,904,885,939.5,2,3,0,0,,
sqrt_threshold,998244353,4097,160,prefix,sparse,854.5,852,891.5,2,3,0,0,,
sqrt_threshold,998244353,4097,160,prefix,dense,466.25,463,474,4,3,268,447480,2:24/16;4:24/16;8:21/14;16:18/12;32:15/10;64:12/8;128:12/8;256:9/6;512:6/4;1024:17/16,998244353@2:24/16;998244353@4:24/16;998244353@8:21/14;998244353@16:18/12;998244353@32:15/10;998244353@64:12/8;998244353@128:12/8;998244353@256:9/6;998244353@512:6/4;998244353@1024:17/16
sqrt_threshold,998244353,4097,160,prefix,selected,453.5,453.25,459.75,4,3,133,434580,2:6/4;4:6/4;8:6/4;16:6/4;32:6/4;64:6/4;128:9/6;256:9/6;512:6/4;1024:17/16,998244353@2:6/4;998244353@4:6/4;998244353@8:6/4;998244353@16:6/4;998244353@32:6/4;998244353@64:6/4;998244353@128:9/6;998244353@256:9/6;998244353@512:6/4;998244353@1024:17/16
inv_threshold,998244353,4097,200,prefix,sparse,508.75,502,513.75,4,3,0,0,,
inv_threshold,998244353,4097,200,prefix,dense,443.75,443.25,467.75,4,3,86,460810,2:3/2;4:3/2;8:3/2;16:3/2;32:3/2;64:3/2;128:3/2;256:3/2;512:3/2;1024:25/16,998244353@2:3/2;998244353@4:3/2;998244353@8:3/2;998244353@16:3/2;998244353@32:3/2;998244353@64:3/2;998244353@128:3/2;998244353@256:3/2;998244353@512:3/2;998244353@1024:25/16
inv_threshold,998244353,4097,200,prefix,selected,449,448.75,465.5,4,3,86,460810,2:3/2;4:3/2;8:3/2;16:3/2;32:3/2;64:3/2;128:3/2;256:3/2;512:3/2;1024:25/16,998244353@2:3/2;998244353@4:3/2;998244353@8:3/2;998244353@16:3/2;998244353@32:3/2;998244353@64:3/2;998244353@128:3/2;998244353@256:3/2;998244353@512:3/2;998244353@1024:25/16
div_threshold,998244353,4097,200,prefix,sparse,509.333,505,514.333,3,3,0,0,,
div_threshold,998244353,4097,200,prefix,dense,969.5,950.5,971,2,3,89,1148938,2:3/2;4:3/2;8:3/2;16:3/2;32:3/2;64:3/2;128:3/2;256:3/2;512:3/2;1024:25/16;16384:2/1,998244353@2:3/2;998244353@4:3/2;998244353@8:3/2;998244353@16:3/2;998244353@32:3/2;998244353@64:3/2;998244353@128:3/2;998244353@256:3/2;998244353@512:3/2;998244353@1024:25/16;998244353@16384:2/1
div_threshold,998244353,4097,200,prefix,selected,516.667,504.667,519.667,3,3,0,0,,
exp_threshold,998244353,4097,200,prefix,sparse,509,508.333,513.667,3,3,0,0,,
exp_threshold,998244353,4097,200,prefix,dense,674,673,687.5,2,3,233,570772,2:5/5;4:9/7;8:9/7;16:9/7;32:9/7;64:9/7;128:12/9;256:5/3;512:66/48,998244353@2:5/5;998244353@4:9/7;998244353@8:9/7;998244353@16:9/7;998244353@32:9/7;998244353@64:9/7;998244353@128:12/9;998244353@256:5/3;998244353@512:66/48
exp_threshold,998244353,4097,200,prefix,selected,514,510.333,515.667,3,3,0,0,,
pow_threshold,998244353,4097,200,prefix,sparse,1044,1024,1046,1,3,0,0,,
pow_threshold,998244353,4097,200,prefix,dense,1369,1364,1392,1,3,296,1340830,2:8/7;4:12/9;8:12/9;16:12/9;32:12/9;64:12/9;128:15/11;256:8/5;512:69/50;1024:3/2;2048:3/2;4096:3/2;8192:2/1,998244353@2:8/7;998244353@4:12/9;998244353@8:12/9;998244353@16:12/9;998244353@32:12/9;998244353@64:12/9;998244353@128:15/11;998244353@256:8/5;998244353@512:69/50;998244353@1024:3/2;998244353@2048:3/2;998244353@4096:3/2;998244353@8192:2/1
pow_threshold,998244353,4097,200,prefix,selected,1035,1031,1065,1,3,0,0,,
sqrt_threshold,998244353,4097,200,prefix,sparse,1022,1013,1064,1,3,0,0,,
sqrt_threshold,998244353,4097,200,prefix,dense,479.75,466.25,485.25,4,3,268,447480,2:24/16;4:24/16;8:21/14;16:18/12;32:15/10;64:12/8;128:12/8;256:9/6;512:6/4;1024:17/16,998244353@2:24/16;998244353@4:24/16;998244353@8:21/14;998244353@16:18/12;998244353@32:15/10;998244353@64:12/8;998244353@128:12/8;998244353@256:9/6;998244353@512:6/4;998244353@1024:17/16
sqrt_threshold,998244353,4097,200,prefix,selected,452.5,450.5,467.25,4,3,133,434580,2:6/4;4:6/4;8:6/4;16:6/4;32:6/4;64:6/4;128:9/6;256:9/6;512:6/4;1024:17/16,998244353@2:6/4;998244353@4:6/4;998244353@8:6/4;998244353@16:6/4;998244353@32:6/4;998244353@64:6/4;998244353@128:9/6;998244353@256:9/6;998244353@512:6/4;998244353@1024:17/16
inv_threshold,998244353,4097,256,prefix,sparse,661.333,636,753,3,3,0,0,,
inv_threshold,998244353,4097,256,prefix,dense,463.75,458.5,486.25,4,3,86,460810,2:3/2;4:3/2;8:3/2;16:3/2;32:3/2;64:3/2;128:3/2;256:3/2;512:3/2;1024:25/16,998244353@2:3/2;998244353@4:3/2;998244353@8:3/2;998244353@16:3/2;998244353@32:3/2;998244353@64:3/2;998244353@128:3/2;998244353@256:3/2;998244353@512:3/2;998244353@1024:25/16
inv_threshold,998244353,4097,256,prefix,selected,489,464.75,517.5,4,3,86,460810,2:3/2;4:3/2;8:3/2;16:3/2;32:3/2;64:3/2;128:3/2;256:3/2;512:3/2;1024:25/16,998244353@2:3/2;998244353@4:3/2;998244353@8:3/2;998244353@16:3/2;998244353@32:3/2;998244353@64:3/2;998244353@128:3/2;998244353@256:3/2;998244353@512:3/2;998244353@1024:25/16
div_threshold,998244353,4097,256,prefix,sparse,637.333,627.667,643.667,3,3,0,0,,
div_threshold,998244353,4097,256,prefix,dense,959,941.5,960,2,3,89,1148938,2:3/2;4:3/2;8:3/2;16:3/2;32:3/2;64:3/2;128:3/2;256:3/2;512:3/2;1024:25/16;16384:2/1,998244353@2:3/2;998244353@4:3/2;998244353@8:3/2;998244353@16:3/2;998244353@32:3/2;998244353@64:3/2;998244353@128:3/2;998244353@256:3/2;998244353@512:3/2;998244353@1024:25/16;998244353@16384:2/1
div_threshold,998244353,4097,256,prefix,selected,632,632,632.333,3,3,0,0,,
exp_threshold,998244353,4097,256,prefix,sparse,671.667,653.333,684.667,3,3,0,0,,
exp_threshold,998244353,4097,256,prefix,dense,681.5,675,695.5,2,3,233,570772,2:5/5;4:9/7;8:9/7;16:9/7;32:9/7;64:9/7;128:12/9;256:5/3;512:66/48,998244353@2:5/5;998244353@4:9/7;998244353@8:9/7;998244353@16:9/7;998244353@32:9/7;998244353@64:9/7;998244353@128:12/9;998244353@256:5/3;998244353@512:66/48
exp_threshold,998244353,4097,256,prefix,selected,667.333,653.333,711,3,3,0,0,,
pow_threshold,998244353,4097,256,prefix,sparse,1283,1283,1369,1,3,0,0,,
pow_threshold,998244353,4097,256,prefix,dense,1383,1379,1383,1,3,296,1340830,2:8/7;4:12/9;8:12/9;16:12/9;32:12/9;64:12/9;128:15/11;256:8/5;512:69/50;1024:3/2;2048:3/2;4096:3/2;8192:2/1,998244353@2:8/7;998244353@4:12/9;998244353@8:12/9;998244353@16:12/9;998244353@32:12/9;998244353@64:12/9;998244353@128:15/11;998244353@256:8/5;998244353@512:69/50;998244353@1024:3/2;998244353@2048:3/2;998244353@4096:3/2;998244353@8192:2/1
pow_threshold,998244353,4097,256,prefix,selected,1289,1281,1299,1,3,0,0,,
sqrt_threshold,998244353,4097,256,prefix,sparse,1306,1305,1306,1,3,0,0,,
sqrt_threshold,998244353,4097,256,prefix,dense,474.25,473.75,475.5,4,3,268,447480,2:24/16;4:24/16;8:21/14;16:18/12;32:15/10;64:12/8;128:12/8;256:9/6;512:6/4;1024:17/16,998244353@2:24/16;998244353@4:24/16;998244353@8:21/14;998244353@16:18/12;998244353@32:15/10;998244353@64:12/8;998244353@128:12/8;998244353@256:9/6;998244353@512:6/4;998244353@1024:17/16
sqrt_threshold,998244353,4097,256,prefix,selected,458.75,457.75,469.5,4,3,133,434580,2:6/4;4:6/4;8:6/4;16:6/4;32:6/4;64:6/4;128:9/6;256:9/6;512:6/4;1024:17/16,998244353@2:6/4;998244353@4:6/4;998244353@8:6/4;998244353@16:6/4;998244353@32:6/4;998244353@64:6/4;998244353@128:9/6;998244353@256:9/6;998244353@512:6/4;998244353@1024:17/16
inv_threshold,998244353,4097,320,prefix,sparse,777,774,783.5,2,3,0,0,,
inv_threshold,998244353,4097,320,prefix,dense,457.5,450.5,463.25,4,3,86,460810,2:3/2;4:3/2;8:3/2;16:3/2;32:3/2;64:3/2;128:3/2;256:3/2;512:3/2;1024:25/16,998244353@2:3/2;998244353@4:3/2;998244353@8:3/2;998244353@16:3/2;998244353@32:3/2;998244353@64:3/2;998244353@128:3/2;998244353@256:3/2;998244353@512:3/2;998244353@1024:25/16
inv_threshold,998244353,4097,320,prefix,selected,445.5,445.25,458.75,4,3,86,460810,2:3/2;4:3/2;8:3/2;16:3/2;32:3/2;64:3/2;128:3/2;256:3/2;512:3/2;1024:25/16,998244353@2:3/2;998244353@4:3/2;998244353@8:3/2;998244353@16:3/2;998244353@32:3/2;998244353@64:3/2;998244353@128:3/2;998244353@256:3/2;998244353@512:3/2;998244353@1024:25/16
div_threshold,998244353,4097,320,prefix,sparse,794.5,794,798,2,3,0,0,,
div_threshold,998244353,4097,320,prefix,dense,945.5,945,985.5,2,3,89,1148938,2:3/2;4:3/2;8:3/2;16:3/2;32:3/2;64:3/2;128:3/2;256:3/2;512:3/2;1024:25/16;16384:2/1,998244353@2:3/2;998244353@4:3/2;998244353@8:3/2;998244353@16:3/2;998244353@32:3/2;998244353@64:3/2;998244353@128:3/2;998244353@256:3/2;998244353@512:3/2;998244353@1024:25/16;998244353@16384:2/1
div_threshold,998244353,4097,320,prefix,selected,778,776.5,790.5,2,3,0,0,,
exp_threshold,998244353,4097,320,prefix,sparse,799,779.5,939,2,3,0,0,,
exp_threshold,998244353,4097,320,prefix,dense,688,671,704.5,2,3,233,570772,2:5/5;4:9/7;8:9/7;16:9/7;32:9/7;64:9/7;128:12/9;256:5/3;512:66/48,998244353@2:5/5;998244353@4:9/7;998244353@8:9/7;998244353@16:9/7;998244353@32:9/7;998244353@64:9/7;998244353@128:12/9;998244353@256:5/3;998244353@512:66/48
exp_threshold,998244353,4097,320,prefix,selected,675.5,675,693.5,2,3,233,570772,2:5/5;4:9/7;8:9/7;16:9/7;32:9/7;64:9/7;128:12/9;256:5/3;512:66/48,998244353@2:5/5;998244353@4:9/7;998244353@8:9/7;998244353@16:9/7;998244353@32:9/7;998244353@64:9/7;998244353@128:12/9;998244353@256:5/3;998244353@512:66/48
pow_threshold,998244353,4097,320,prefix,sparse,1592,1572,1599,1,3,0,0,,
pow_threshold,998244353,4097,320,prefix,dense,1369,1365,1374,1,3,296,1340830,2:8/7;4:12/9;8:12/9;16:12/9;32:12/9;64:12/9;128:15/11;256:8/5;512:69/50;1024:3/2;2048:3/2;4096:3/2;8192:2/1,998244353@2:8/7;998244353@4:12/9;998244353@8:12/9;998244353@16:12/9;998244353@32:12/9;998244353@64:12/9;998244353@128:15/11;998244353@256:8/5;998244353@512:69/50;998244353@1024:3/2;998244353@2048:3/2;998244353@4096:3/2;998244353@8192:2/1
pow_threshold,998244353,4097,320,prefix,selected,1371,1362,1387,1,3,296,1340830,2:8/7;4:12/9;8:12/9;16:12/9;32:12/9;64:12/9;128:15/11;256:8/5;512:69/50;1024:3/2;2048:3/2;4096:3/2;8192:2/1,998244353@2:8/7;998244353@4:12/9;998244353@8:12/9;998244353@16:12/9;998244353@32:12/9;998244353@64:12/9;998244353@128:15/11;998244353@256:8/5;998244353@512:69/50;998244353@1024:3/2;998244353@2048:3/2;998244353@4096:3/2;998244353@8192:2/1
sqrt_threshold,998244353,4097,320,prefix,sparse,1573,1566,1603,1,3,0,0,,
sqrt_threshold,998244353,4097,320,prefix,dense,477.25,473,477.5,4,3,268,447480,2:24/16;4:24/16;8:21/14;16:18/12;32:15/10;64:12/8;128:12/8;256:9/6;512:6/4;1024:17/16,998244353@2:24/16;998244353@4:24/16;998244353@8:21/14;998244353@16:18/12;998244353@32:15/10;998244353@64:12/8;998244353@128:12/8;998244353@256:9/6;998244353@512:6/4;998244353@1024:17/16
sqrt_threshold,998244353,4097,320,prefix,selected,458.75,458.5,463.25,4,3,133,434580,2:6/4;4:6/4;8:6/4;16:6/4;32:6/4;64:6/4;128:9/6;256:9/6;512:6/4;1024:17/16,998244353@2:6/4;998244353@4:6/4;998244353@8:6/4;998244353@16:6/4;998244353@32:6/4;998244353@64:6/4;998244353@128:9/6;998244353@256:9/6;998244353@512:6/4;998244353@1024:17/16
inv_threshold,998244353,4097,512,prefix,sparse,1195,1194,1225,1,3,0,0,,
inv_threshold,998244353,4097,512,prefix,dense,445.5,442.5,446,4,3,86,460810,2:3/2;4:3/2;8:3/2;16:3/2;32:3/2;64:3/2;128:3/2;256:3/2;512:3/2;1024:25/16,998244353@2:3/2;998244353@4:3/2;998244353@8:3/2;998244353@16:3/2;998244353@32:3/2;998244353@64:3/2;998244353@128:3/2;998244353@256:3/2;998244353@512:3/2;998244353@1024:25/16
inv_threshold,998244353,4097,512,prefix,selected,446.25,442.75,448.75,4,3,86,460810,2:3/2;4:3/2;8:3/2;16:3/2;32:3/2;64:3/2;128:3/2;256:3/2;512:3/2;1024:25/16,998244353@2:3/2;998244353@4:3/2;998244353@8:3/2;998244353@16:3/2;998244353@32:3/2;998244353@64:3/2;998244353@128:3/2;998244353@256:3/2;998244353@512:3/2;998244353@1024:25/16
div_threshold,998244353,4097,512,prefix,sparse,1197,1194,1210,1,3,0,0,,
div_threshold,998244353,4097,512,prefix,dense,959.5,945,964.5,2,3,89,1148938,2:3/2;4:3/2;8:3/2;16:3/2;32:3/2;64:3/2;128:3/2;256:3/2;512:3/2;1024:25/16;16384:2/1,998244353@2:3/2;998244353@4:3/2;998244353@8:3/2;998244353@16:3/2;998244353@32:3/2;998244353@64:3/2;998244353@128:3/2;998244353@256:3/2;998244353@512:3/2;998244353@1024:25/16;998244353@16384:2/1
div_threshold,998244353,4097,512,prefix,selected,950.5,950,952,2,3,89,1148938,2:3/2;4:3/2;8:3/2;16:3/2;32:3/2;64:3/2;128:3/2;256:3/2;512:3/2;1024:25/16;16384:2/1,998244353@2:3/2;998244353@4:3/2;998244353@8:3/2;998244353@16:3/2;998244353@32:3/2;998244353@64:3/2;998244353@128:3/2;998244353@256:3/2;998244353@512:3/2;998244353@1024:25/16;998244353@16384:2/1
exp_threshold,998244353,4097,512,prefix,sparse,1212,1186,1240,1,3,0,0,,
exp_threshold,998244353,4097,512,prefix,dense,666.667,660.667,697,3,3,233,570772,2:5/5;4:9/7;8:9/7;16:9/7;32:9/7;64:9/7;128:12/9;256:5/3;512:66/48,998244353@2:5/5;998244353@4:9/7;998244353@8:9/7;998244353@16:9/7;998244353@32:9/7;998244353@64:9/7;998244353@128:12/9;998244353@256:5/3;998244353@512:66/48
exp_threshold,998244353,4097,512,prefix,selected,698,660.333,699.667,3,3,233,570772,2:5/5;4:9/7;8:9/7;16:9/7;32:9/7;64:9/7;128:12/9;256:5/3;512:66/48,998244353@2:5/5;998244353@4:9/7;998244353@8:9/7;998244353@16:9/7;998244353@32:9/7;998244353@64:9/7;998244353@128:12/9;998244353@256:5/3;998244353@512:66/48
pow_threshold,998244353,4097,512,prefix,sparse,2361,2359,2405,1,3,0,0,,
pow_threshold,998244353,4097,512,prefix,dense,1350,1346,1359,1,3,296,1340830,2:8/7;4:12/9;8:12/9;16:12/9;32:12/9;64:12/9;128:15/11;256:8/5;512:69/50;1024:3/2;2048:3/2;4096:3/2;8192:2/1,998244353@2:8/7;998244353@4:12/9;998244353@8:12/9;998244353@16:12/9;998244353@32:12/9;998244353@64:12/9;998244353@128:15/11;998244353@256:8/5;998244353@512:69/50;998244353@1024:3/2;998244353@2048:3/2;998244353@4096:3/2;998244353@8192:2/1
pow_threshold,998244353,4097,512,prefix,selected,1333,1332,1352,1,3,296,1340830,2:8/7;4:12/9;8:12/9;16:12/9;32:12/9;64:12/9;128:15/11;256:8/5;512:69/50;1024:3/2;2048:3/2;4096:3/2;8192:2/1,998244353@2:8/7;998244353@4:12/9;998244353@8:12/9;998244353@16:12/9;998244353@32:12/9;998244353@64:12/9;998244353@128:15/11;998244353@256:8/5;998244353@512:69/50;998244353@1024:3/2;998244353@2048:3/2;998244353@4096:3/2;998244353@8192:2/1
sqrt_threshold,998244353,4097,512,prefix,sparse,2455,2417,2488,1,3,0,0,,
sqrt_threshold,998244353,4097,512,prefix,dense,475,473,482,4,3,268,447480,2:24/16;4:24/16;8:21/14;16:18/12;32:15/10;64:12/8;128:12/8;256:9/6;512:6/4;1024:17/16,998244353@2:24/16;998244353@4:24/16;998244353@8:21/14;998244353@16:18/12;998244353@32:15/10;998244353@64:12/8;998244353@128:12/8;998244353@256:9/6;998244353@512:6/4;998244353@1024:17/16
sqrt_threshold,998244353,4097,512,prefix,selected,461.75,461.25,488.75,4,3,133,434580,2:6/4;4:6/4;8:6/4;16:6/4;32:6/4;64:6/4;128:9/6;256:9/6;512:6/4;1024:17/16,998244353@2:6/4;998244353@4:6/4;998244353@8:6/4;998244353@16:6/4;998244353@32:6/4;998244353@64:6/4;998244353@128:9/6;998244353@256:9/6;998244353@512:6/4;998244353@1024:17/16
inv_threshold,998244353,4097,32,spread,sparse,51.1282,50.9231,51.359,39,3,0,0,,
inv_threshold,998244353,4097,32,spread,dense,453.5,452.25,461.25,4,3,86,460810,2:3/2;4:3/2;8:3/2;16:3/2;32:3/2;64:3/2;128:3/2;256:3/2;512:3/2;1024:25/16,998244353@2:3/2;998244353@4:3/2;998244353@8:3/2;998244353@16:3/2;998244353@32:3/2;998244353@64:3/2;998244353@128:3/2;998244353@256:3/2;998244353@512:3/2;998244353@1024:25/16
inv_threshold,998244353,4097,32,spread,selected,53.5405,53.4595,53.6486,37,3,0,0,,
div_threshold,998244353,4097,32,spread,sparse,50.8205,50.7179,51.641,39,3,0,0,,
div_threshold,998244353,4097,32,spread,dense,967,962.5,992,2,3,89,1148938,2:3/2;4:3/2;8:3/2;16:3/2;32:3/2;64:3/2;128:3/2;256:3/2;512:3/2;1024:25/16;16384:2/1,998244353@2:3/2;998244353@4:3/2;998244353@8:3/2;998244353@16:3/2;998244353@32:3/2;998244353@64:3/2;998244353@128:3/2;998244353@256:3/2;998244353@512:3/2;998244353@1024:25/16;998244353@16384:2/1
div_threshold,998244353,4097,32,spread,selected,53.6389,53.6111,54.3611,36,3,0,0,,
exp_threshold,998244353,4097,32,spread,sparse,59.6667,59.6667,59.7273,33,3,0,0,,
exp_threshold,998244353,4097,32,spread,dense,653.333,651.333,661.667,3,3,193,552842,2:2/3;4:6/5;8:6/5;16:6/5;32:6/5;64:6/5;128:9/7;256:2/1;512:66/48,998244353@2:2/3;998244353@4:6/5;998244353@8:6/5;998244353@16:6/5;998244353@32:6/5;998244353@64:6/5;998244353@128:9/7;998244353@256:2/1;998244353@512:66/48
exp_threshold,998244353,4097,32,spread,selected,62.625,62.5625,62.7188,32,3,0,0,,
pow_threshold,998244353,4097,32,spread,sparse,119.25,118.875,119.75,16,3,0,0,,
pow_threshold,998244353,4097,32,spread,dense,1172,1160,1177,1,3,253,1003412,2:5/5;4:9/7;8:9/7;16:9/7;32:9/7;64:9/7;128:12/9;256:5/3;512:69/50;1024:3/2;2048:3/2;4096:3/2,998244353@2:5/5;998244353@4:9/7;998244353@8:9/7;998244353@16:9/7;998244353@32:9/7;998244353@64:9/7;998244353@128:12/9;998244353@256:5/3;998244353@512:69/50;998244353@1024:3/2;998244353@2048:3/2;998244353@4096:3/2
pow_threshold,998244353,4097,32,spread,selected,122.4,122.133,125.733,15,3,0,0,,
sqrt_threshold,998244353,4097,32,spread,sparse,116.312,116.25,116.375,16,3,0,0,,
sqrt_threshold,998244353,4097,32,spread,dense,390,380.6,390.6,5,3,78,378890,2:3/2;4:3/2;8:3/2;16:3/2;32:3/2;64:3/2;128:3/2;256:3/2;512:3/2;1024:17/16,998244353@2:3/2;998244353@4:3/2;998244353@8:3/2;998244353@16:3/2;998244353@32:3/2;998244353@64:3/2;998244353@128:3/2;998244353@256:3/2;998244353@512:3/2;998244353@1024:17/16
sqrt_threshold,998244353,4097,32,spread,selected,120.75,119.688,124.5,16,3,0,0,,
inv_threshold,998244353,4097,64,spread,sparse,93.0476,91.5238,95.0952,21,3,0,0,,
inv_threshold,998244353,4097,64,spread,dense,447.75,447,449,4,3,86,460810,2:3/2;4:3/2;8:3/2;16:3/2;32:3/2;64:3/2;128:3/2;256:3/2;512:3/2;1024:25/16,998244353@2:3/2;998244353@4:3/2;998244353@8:3/2;998244353@16:3/2;998244353@32:3/2;998244353@64:3/2;998244353@128:3/2;998244353@256:3/2;998244353@512:3/2;998244353@1024:25/16
inv_threshold,998244353,4097,64,spread,selected,95.1429,94.7619,95.5714,21,3,0,0,,
div_threshold,998244353,4097,64,spread,sparse,93.2381,91.3333,94.4762,21,3,0,0,,
div_threshold,998244353,4097,64,spread,dense,966.5,951.5,976,2,3,89,1148938,2:3/2;4:3/2;8:3/2;16:3/2;32:3/2;64:3/2;128:3/2;256:3/2;512:3/2;1024:25/16;16384:2/1,998244353@2:3/2;998244353@4:3/2;998244353@8:3/2;998244353@16:3/2;998244353@32:3/2;998244353@64:3/2;998244353@128:3/2;998244353@256:3/2;998244353@512:3/2;998244353@1024:25/16;998244353@16384:2/1
div_threshold,998244353,4097,64,spread,selected,94.9524,94.3333,95.381,21,3,0,0,,
exp_threshold,998244353,4097,64,spread,sparse,99.1,99.1,101.25,20,3,0,0,,
exp_threshold,998244353,4097,64,spread,dense,664.5,663.5,670.5,2,3,233,570772,2:5/5;4:9/7;8:9/7;16:9/7;32:9/7;64:9/7;128:12/9;256:5/3;512:66/48,998244353@2:5/5;998244353@4:9/7;998244353@8:9/7;998244353@16:9/7;998244353@32:9/7;998244353@64:9/7;998244353@128:12/9;998244353@256:5/3;998244353@512:66/48
exp_threshold,998244353,4097,64,spread,selected,101.947,101.684,102,19,3,0,0,,
pow_threshold,998244353,4097,64,spread,sparse,197.9,197.2,201.6,10,3,0,0,,
pow_threshold,998244353,4097,64,spread,dense,1334,1334,1345,1,3,296,1340830,2:8/7;4:12/9;8:12/9;16:12/9;32:12/9;64:12/9;128:15/11;256:8/5;512:69/50;1024:3/2;2048:3/2;4096:3/2;8192:2/1,998244353@2:8/7;998244353@4:12/9;998244353@8:12/9;998244353@16:12/9;998244353@32:12/9;998244353@64:12/9;998244353@128:15/11;998244353@256:8/5;998244353@512:69/50;998244353@1024:3/2;998244353@2048:3/2;998244353@4096:3/2;998244353@8192:2/1
pow_threshold,998244353,4097,64,spread,selected,202.778,198.778,203.667,9,3,0,0,,
sqrt_threshold,998244353,4097,64,spread,sparse,201.3,196.1,204,10,3,0,0,,
sqrt_threshold,998244353,4097,64,spread,dense,408,407.5,434,4,3,118,396820,2:6/4;4:6/4;8:6/4;16:6/4;32:6/4;64:6/4;128:6/4;256:6/4;512:3/2;1024:17/16,998244353@2:6/4;998244353@4:6/4;998244353@8:6/4;998244353@16:6/4;998244353@32:6/4;998244353@64:6/4;998244353@128:6/4;998244353@256:6/4;998244353@512:3/2;998244353@1024:17/16
sqrt_threshold,998244353,4097,64,spread,selected,200.889,199.889,205.889,9,3,0,0,,
inv_threshold,998244353,4097,100,spread,sparse,138.75,137.583,141,12,3,0,0,,
inv_threshold,998244353,4097,100,spread,dense,448.25,444,448.75,4,3,86,460810,2:3/2;4:3/2;8:3/2;16:3/2;32:3/2;64:3/2;128:3/2;256:3/2;512:3/2;1024:25/16,998244353@2:3/2;998244353@4:3/2;998244353@8:3/2;998244353@16:3/2;998244353@32:3/2;998244353@64:3/2;998244353@128:3/2;998244353@256:3/2;998244353@512:3/2;998244353@1024:25/16
inv_threshold,998244353,4097,100,spread,selected,141.643,139.429,143.143,14,3,0,0,,
div_threshold,998244353,4097,100,spread,sparse,139.571,138.714,140.714,14,3,0,0,,
div_threshold,998244353,4097,100,spread,dense,950.5,948,983,2,3,89,1148938,2:3/2;4:3/2;8:3/2;16:3/2;32:3/2;64:3/2;128:3/2;256:3/2;512:3/2;1024:25/16;16384:2/1,998244353@2:3/2;998244353@4:3/2;998244353@8:3/2;998244353@16:3/2;998244353@32:3/2;998244353@64:3/2;998244353@128:3/2;998244353@256:3/2;998244353@512:3/2;998244353@1024:25/16;998244353@16384:2/1
div_threshold,998244353,4097,100,spread,selected,143.429,142.714,146.286,14,3,0,0,,
exp_threshold,998244353,4097,100,spread,sparse,144.231,144,145.692,13,3,0,0,,
exp_threshold,998244353,4097,100,spread,dense,671.5,662,675,2,3,233,570772,2:5/5;4:9/7;8:9/7;16:9/7;32:9/7;64:9/7;128:12/9;256:5/3;512:66/48,998244353@2:5/5;998244353@4:9/7;998244353@8:9/7;998244353@16:9/7;998244353@32:9/7;998244353@64:9/7;998244353@128:12/9;998244353@256:5/3;998244353@512:66/48
exp_threshold,998244353,4097,100,spread,selected,146.308,146.231,149.846,13,3,0,0,,
pow_threshold,998244353,4097,100,spread,sparse,303.333,301.667,305.5,6,3,0,0,,
pow_threshold,998244353,4097,100,spread,dense,1331,1331,1334,1,3,296,1340830,2:8/7;4:12/9;8:12/9;16:12/9;32:12/9;64:12/9;128:15/11;256:8/5;512:69/50;1024:3/2;2048:3/2;4096:3/2;8192:2/1,998244353@2:8/7;998244353@4:12/9;998244353@8:12/9;998244353@16:12/9;998244353@32:12/9;998244353@64:12/9;998244353@128:15/11;998244353@256:8/5;998244353@512:69/50;998244353@1024:3/2;998244353@2048:3/2;998244353@4096:3/2;998244353@8192:2/1
pow_threshold,998244353,4097,100,spread,selected,306.167,304.667,308.167,6,3,0,0,,
sqrt_threshold,998244353,4097,100,spread,sparse,303.5,303,304,6,3,0,0,,
sqrt_threshold,998244353,4097,100,spread,dense,410.5,407.25,422.25,4,3,118,396820,2:6/4;4:6/4;8:6/4;16:6/4;32:6/4;64:6/4;128:6/4;256:6/4;512:3/2;1024:17/16,998244353@2:6/4;998244353@4:6/4;998244353@8:6/4;998244353@16:6/4;998244353@32:6/4;998244353@64:6/4;998244353@128:6/4;998244353@256:6/4;998244353@512:3/2;998244353@1024:17/16
sqrt_threshold,998244353,4097,100,spread,selected,306.667,306.5,309.833,6,3,0,0,,
inv_threshold,998244353,4097,128,spread,sparse,173.727,171.273,175.364,11,3,0,0,,
inv_threshold,998244353,4097,128,spread,dense,443,442.75,444.25,4,3,86,460810,2:3/2;4:3/2;8:3/2;16:3/2;32:3/2;64:3/2;128:3/2;256:3/2;512:3/2;1024:25/16,998244353@2:3/2;998244353@4:3/2;998244353@8:3/2;998244353@16:3/2;998244353@32:3/2;998244353@64:3/2;998244353@128:3/2;998244353@256:3/2;998244353@512:3/2;998244353@1024:25/16
inv_threshold,998244353,4097,128,spread,selected,173.091,172.636,174,11,3,0,0,,
div_threshold,998244353,4097,128,spread,sparse,170.909,169.636,171.091,11,3,0,0,,
div_threshold,998244353,4097,128,spread,dense,957,942,962,2,3,89,1148938,2:3/2;4:3/2;8:3/2;16:3/2;32:3/2;64:3/2;128:3/2;256:3/2;512:3/2;1024:25/16;16384:2/1,998244353@2:3/2;998244353@4:3/2;998244353@8:3/2;998244353@16:3/2;998244353@32:3/2;998244353@64:3/2;998244353@128:3/2;998244353@256:3/2;998244353@512:3/2;998244353@1024:25/16;998244353@16384:2/1
div_threshold,998244353,4097,128,spread,selected,172.364,172.364,172.727,11,3,0,0,,
exp_threshold,998244353,4097,128,spread,sparse,177.091,175.818,178.364,11,3,0,0,,
exp_threshold,998244353,4097,128,spread,dense,661,660.667,687.333,3,3,233,570772,2:5/5;4:9/7;8:9/7;16:9/7;32:9/7;64:9/7;128:12/9;256:5/3;512:66/48,998244353@2:5/5;998244353@4:9/7;998244353@8:9/7;998244353@16:9/7;998244353@32:9/7;998244353@64:9/7;998244353@128:12/9;998244353@256:5/3;998244353@512:66/48
exp_threshold,998244353,4097,128,spread,selected,183,180.727,213.545,11,3,0,0,,
pow_threshold,998244353,4097,128,spread,sparse,363.2,362.4,364.4,5,3,0,0,,
pow_threshold,998244353,4097,128,spread,dense,1348,1345,1362,1,3,296,1340830,2:8/7;4:12/9;8:12/9;16:12/9;32:12/9;64:12/9;128:15/11;256:8/5;512:69/50;1024:3/2;2048:3/2;4096:3/2;8192:2/1,998244353@2:8/7;998244353@4:12/9;998244353@8:12/9;998244353@16:12/9;998244353@32:12/9;998244353@64:12/9;998244353@128:15/11;998244353@256:8/5;998244353@512:69/50;998244353@1024:3/2;998244353@2048:3/2;998244353@4096:3/2;998244353@8192:2/1
pow_threshold,998244353,4097,128,spread,selected,367,366.6,370.2,5,3,0,0,,
sqrt_threshold,998244353,4097,128,spread,sparse,364,363.4,366.8,5,3,0,0,,
sqrt_threshold,998244353,4097,128,spread,dense,410,407.25,411,4,3,118,396820,2:6/4;4:6/4;8:6/4;16:6/4;32:6/4;64:6/4;128:6/4;256:6/4;512:3/2;1024:17/16,998244353@2:6/4;998244353@4:6/4;998244353@8:6/4;998244353@16:6/4;998244353@32:6/4;998244353@64:6/4;998244353@128:6/4;998244353@256:6/4;998244353@512:3/2;998244353@1024:17/16
sqrt_threshold,998244353,4097,128,spread,selected,366.4,366.4,368.4,5,3,0,0,,
inv_threshold,998244353,4097,160,spread,sparse,202.889,202.667,202.889,9,3,0,0,,
inv_threshold,998244353,4097,160,spread,dense,444,443.75,444.5,4,3,86,460810,2:3/2;4:3/2;8:3/2;16:3/2;32:3/2;64:3/2;128:3/2;256:3/2;512:3/2;1024:25/16,998244353@2:3/2;998244353@4:3/2;998244353@8:3/2;998244353@16:3/2;998244353@32:3/2;998244353@64:3/2;998244353@128:3/2;998244353@256:3/2;998244353@512:3/2;998244353@1024:25/16
inv_threshold,998244353,4097,160,spread,selected,205.889,205.778,210.556,9,3,0,0,,
div_threshold,998244353,4097,160,spread,sparse,202.778,202.556,206.111,9,3,0,0,,
div_threshold,998244353,4097,160,spread,dense,949.5,941,951,2,3,89,1148938,2:3/2;4:3/2;8:3/2;16:3/2;32:3/2;64:3/2;128:3/2;256:3/2;512:3/2;1024:25/16;16384:2/1,998244353@2:3/2;998244353@4:3/2;998244353@8:3/2;998244353@16:3/2;998244353@32:3/2;998244353@64:3/2;998244353@128:3/2;998244353@256:3/2;998244353@512:3/2;998244353@1024:25/16;998244353@16384:2/1
div_threshold,998244353,4097,160,spread,selected,205.556,205.222,206.111,9,3,0,0,,
exp_threshold,998244353,4097,160,spread,sparse,207.556,207.444,207.889,9,3,0,0,,
exp_threshold,998244353,4097,160,spread,dense,668.667,660,678.667,3,3,233,570772,2:5/5;4:9/7;8:9/7;16:9/7;32:9/7;64:9/7;128:12/9;256:5/3;512:66/48,998244353@2:5/5;998244353@4:9/7;998244353@8:9/7;998244353@16:9/7;998244353@32:9/7;998244353@64:9/7;998244353@128:12/9;998244353@256:5/3;998244353@512:66/48
exp_threshold,998244353,4097,160,spread,selected,211.111,210.444,213.111,9,3,0,0,,
pow_threshold,998244353,4097,160,spread,sparse,430.75,428.5,431,4,3,0,0,,
pow_threshold,998244353,4097,160,spread,dense,1341,1335,1373,1,3,296,1340830,2:8/7;4:12/9;8:12/9;16:12/9;32:12/9;64:12/9;128:15/11;256:8/5;512:69/50;1024:3/2;2048:3/2;4096:3/2;8192:2/1,998244353@2:8/7;998244353@4:12/9;998244353@8:12/9;998244353@16:12/9;998244353@32:12/9;998244353@64:12/9;998244353@128:15/11;998244353@256:8/5;998244353@512:69/50;998244353@1024:3/2;998244353@2048:3/2;998244353@4096:3/2;998244353@8192:2/1
pow_threshold,998244353,4097,160,spread,selected,433,432.75,434.5,4,3,0,0,,
sqrt_threshold,998244353,4097,160,spread,sparse,436.25,434,442.5,4,3,0,0,,
sqrt_threshold,998244353,4097,160,spread,dense,408.75,408,411.25,4,3,118,396820,2:6/4;4:6/4;8:6/4;16:6/4;32:6/4;64:6/4;128:6/4;256:6/4;512:3/2;1024:17/16,998244353@2:6/4;998244353@4:6/4;998244353@8:6/4;998244353@16:6/4;998244353@32:6/4;998244353@64:6/4;998244353@128:6/4;998244353@256:6/4;998244353@512:3/2;998244353@1024:17/16
sqrt_threshold,998244353,4097,160,spread,selected,433,432.75,433.25,4,3,0,0,,
inv_threshold,998244353,4097,200,spread,sparse,265.143,260.857,283.286,7,3,0,0,,
inv_threshold,998244353,4097,200,spread,dense,443.25,442.75,493.5,4,3,86,460810,2:3/2;4:3/2;8:3/2;16:3/2;32:3/2;64:3/2;128:3/2;256:3/2;512:3/2;1024:25/16,998244353@2:3/2;998244353@4:3/2;998244353@8:3/2;998244353@16:3/2;998244353@32:3/2;998244353@64:3/2;998244353@128:3/2;998244353@256:3/2;998244353@512:3/2;998244353@1024:25/16
inv_threshold,998244353,4097,200,spread,selected,270.571,264.143,278.429,7,3,0,0,,
div_threshold,998244353,4097,200,spread,sparse,261.857,260.857,273,7,3,0,0,,
div_threshold,998244353,4097,200,spread,dense,948,944,981,2,3,89,1148938,2:3/2;4:3/2;8:3/2;16:3/2;32:3/2;64:3/2;128:3/2;256:3/2;512:3/2;1024:25/16;16384:2/1,998244353@2:3/2;998244353@4:3/2;998244353@8:3/2;998244353@16:3/2;998244353@32:3/2;998244353@64:3/2;998244353@128:3/2;998244353@256:3/2;998244353@512:3/2;998244353@1024:25/16;998244353@16384:2/1
div_threshold,998244353,4097,200,spread,selected,264.429,264,267.714,7,3,0,0,,
exp_threshold,998244353,4097,200,spread,sparse,276.571,274.429,302.286,7,3,0,0,,
exp_threshold,998244353,4097,200,spread,dense,692.5,675,710,2,3,233,570772,2:5/5;4:9/7;8:9/7;16:9/7;32:9/7;64:9/7;128:12/9;256:5/3;512:66/48,998244353@2:5/5;998244353@4:9/7;998244353@8:9/7;998244353@16:9/7;998244353@32:9/7;998244353@64:9/7;998244353@128:12/9;998244353@256:5/3;998244353@512:66/48
exp_threshold,998244353,4097,200,spread,selected,277,272.714,277.429,7,3,0,0,,
pow_threshold,998244353,4097,200,spread,sparse,560.667,551.667,571,3,3,0,0,,
pow_threshold,998244353,4097,200,spread,dense,1373,1369,1379,1,3,296,1340830,2:8/7;4:12/9;8:12/9;16:12/9;32:12/9;64:12/9;128:15/11;256:8/5;512:69/50;1024:3/2;2048:3/2;4096:3/2;8192:2/1,998244353@2:8/7;998244353@4:12/9;998244353@8:12/9;998244353@16:12/9;998244353@32:12/9;998244353@64:12/9;998244353@128:15/11;998244353@256:8/5;998244353@512:69/50;998244353@1024:3/2;998244353@2048:3/2;998244353@4096:3/2;998244353@8192:2/1
pow_threshold,998244353,4097,200,spread,selected,568,567.667,579.667,3,3,0,0,,
sqrt_threshold,998244353,4097,200,spread,sparse,548.667,543,553,3,3,0,0,,
sqrt_threshold,998244353,4097,200,spread,dense,442.25,434.25,445.5,4,3,158,427550,2:9/6;4:9/6;8:9/6;16:9/6;32:9/6;64:9/6;128:9/6;256:6/4;512:6/4;1024:17/16,998244353@2:9/6;998244353@4:9/6;998244353@8:9/6;998244353@16:9/6;998244353@32:9/6;998244353@64:9/6;998244353@128:9/6;998244353@256:6/4;998244353@512:6/4;998244353@1024:17/16
sqrt_threshold,998244353,4097,200,spread,selected,415.25,412.25,429.25,4,3,83,401930,2:3/2;4:3/2;8:3/2;16:3/2;32:3/2;64:3/2;128:3/2;256:3/2;512:6/4;1024:17/16,998244353@2:3/2;998244353@4:3/2;998244353@8:3/2;998244353@16:3/2;998244353@32:3/2;998244353@64:3/2;998244353@128:3/2;998244353@256:3/2;998244353@512:6/4;998244353@1024:17/16
inv_threshold,998244353,4097,256,spread,sparse,327.5,324.833,338,6,3,0,0,,
inv_threshold,998244353,4097,256,spread,dense,450,443,452,4,3,86,460810,2:3/2;4:3/2;8:3/2;16:3/2;32:3/2;64:3/2;128:3/2;256:3/2;512:3/2;1024:25/16,998244353@2:3/2;998244353@4:3/2;998244353@8:3/2;998244353@16:3/2;998244353@32:3/2;998244353@64:3/2;998244353@128:3/2;998244353@256:3/2;998244353@512:3/2;998244353@1024:25/16
inv_threshold,998244353,4097,256,spread,selected,324.167,324,329,6,3,0,0,,
div_threshold,998244353,4097,256,spread,sparse,328.5,327.333,335.333,6,3,0,0,,
div_threshold,998244353,4097,256,spread,dense,971,954,1013.5,2,3,89,1148938,2:3/2;4:3/2;8:3/2;16:3/2;32:3/2;64:3/2;128:3/2;256:3/2;512:3/2;1024:25/16;16384:2/1,998244353@2:3/2;998244353@4:3/2;998244353@8:3/2;998244353@16:3/2;998244353@32:3/2;998244353@64:3/2;998244353@128:3/2;998244353@256:3/2;998244353@512:3/2;998244353@1024:25/16;998244353@16384:2/1
div_threshold,998244353,4097,256,spread,selected,330.167,329,330.667,6,3,0,0,,
exp_threshold,998244353,4097,256,spread,sparse,326.667,324.167,329.333,6,3,0,0,,
exp_threshold,998244353,4097,256,spread,dense,681.667,675.333,683.667,3,3,233,570772,2:5/5;4:9/7;8:9/7;16:9/7;32:9/7;64:9/7;128:12/9;256:5/3;512:66/48,998244353@2:5/5;998244353@4:9/7;998244353@8:9/7;998244353@16:9/7;998244353@32:9/7;998244353@64:9/7;998244353@128:12/9;998244353@256:5/3;998244353@512:66/48
exp_threshold,998244353,4097,256,spread,selected,332.8,325.4,335.6,5,3,0,0,,
pow_threshold,998244353,4097,256,spread,sparse,664,656.667,668.333,3,3,0,0,,
pow_threshold,998244353,4097,256,spread,dense,1363,1359,1395,1,3,296,1340830,2:8/7;4:12/9;8:12/9;16:12/9;32:12/9;64:12/9;128:15/11;256:8/5;512:69/50;1024:3/2;2048:3/2;4096:3/2;8192:2/1,998244353@2:8/7;998244353@4:12/9;998244353@8:12/9;998244353@16:12/9;998244353@32:12/9;998244353@64:12/9;998244353@128:15/11;998244353@256:8/5;998244353@512:69/50;998244353@1024:3/2;998244353@2048:3/2;998244353@4096:3/2;998244353@8192:2/1
pow_threshold,998244353,4097,256,spread,selected,665.333,657.333,666.333,3,3,0,0,,
sqrt_threshold,998244353,4097,256,spread,sparse,699,697.667,707.667,3,3,0,0,,
sqrt_threshold,998244353,4097,256,spread,dense,438.5,436.75,444.25,4,3,158,427550,2:9/6;4:9/6;8:9/6;16:9/6;32:9/6;64:9/6;128:9/6;256:6/4;512:6/4;1024:17/16,998244353@2:9/6;998244353@4:9/6;998244353@8:9/6;998244353@16:9/6;998244353@32:9/6;998244353@64:9/6;998244353@128:9/6;998244353@256:6/4;998244353@512:6/4;998244353@1024:17/16
sqrt_threshold,998244353,4097,256,spread,selected,412,411.75,427.75,4,3,83,401930,2:3/2;4:3/2;8:3/2;16:3/2;32:3/2;64:3/2;128:3/2;256:3/2;512:6/4;1024:17/16,998244353@2:3/2;998244353@4:3/2;998244353@8:3/2;998244353@16:3/2;998244353@32:3/2;998244353@64:3/2;998244353@128:3/2;998244353@256:3/2;998244353@512:6/4;998244353@1024:17/16
inv_threshold,998244353,4097,320,spread,sparse,422.25,420.5,425.5,4,3,0,0,,
inv_threshold,998244353,4097,320,spread,dense,472.75,451.75,476.75,4,3,86,460810,2:3/2;4:3/2;8:3/2;16:3/2;32:3/2;64:3/2;128:3/2;256:3/2;512:3/2;1024:25/16,998244353@2:3/2;998244353@4:3/2;998244353@8:3/2;998244353@16:3/2;998244353@32:3/2;998244353@64:3/2;998244353@128:3/2;998244353@256:3/2;998244353@512:3/2;998244353@1024:25/16
inv_threshold,998244353,4097,320,spread,selected,418,406.25,431.25,4,3,0,0,,
div_threshold,998244353,4097,320,spread,sparse,426,414.5,428,4,3,0,0,,
div_threshold,998244353,4097,320,spread,dense,970.5,960,999,2,3,89,1148938,2:3/2;4:3/2;8:3/2;16:3/2;32:3/2;64:3/2;128:3/2;256:3/2;512:3/2;1024:25/16;16384:2/1,998244353@2:3/2;998244353@4:3/2;998244353@8:3/2;998244353@16:3/2;998244353@32:3/2;998244353@64:3/2;998244353@128:3/2;998244353@256:3/2;998244353@512:3/2;998244353@1024:25/16;998244353@16384:2/1
div_threshold,998244353,4097,320,spread,selected,429,429,435.25,4,3,0,0,,
exp_threshold,998244353,4097,320,spread,sparse,432.75,427.5,439,4,3,0,0,,
exp_threshold,998244353,4097,320,spread,dense,694.5,691.5,700,2,3,233,570772,2:5/5;4:9/7;8:9/7;16:9/7;32:9/7;64:9/7;128:12/9;256:5/3;512:66/48,998244353@2:5/5;998244353@4:9/7;998244353@8:9/7;998244353@16:9/7;998244353@32:9/7;998244353@64:9/7;998244353@128:12/9;998244353@256:5/3;998244353@512:66/48
exp_threshold,998244353,4097,320,spread,selected,435.5,429.75,436.25,4,3,0,0,,
pow_threshold,998244353,4097,320,spread,sparse,837.5,834.5,965,2,3,0,0,,
pow_threshold,998244353,4097,320,spread,dense,1372,1334,1477,1,3,296,1340830,2:8/7;4:12/9;8:12/9;16:12/9;32:12/9;64:12/9;128:15/11;256:8/5;512:69/50;1024:3/2;2048:3/2;4096:3/2;8192:2/1,998244353@2:8/7;998244353@4:12/9;998244353@8:12/9;998244353@16:12/9;998244353@32:12/9;998244353@64:12/9;998244353@128:15/11;998244353@256:8/5;998244353@512:69/50;998244353@1024:3/2;998244353@2048:3/2;998244353@4096:3/2;998244353@8192:2/1
pow_threshold,998244353,4097,320,spread,selected,839,834.5,851.5,2,3,0,0,,
sqrt_threshold,998244353,4097,320,spread,sparse,904.5,867,950.5,2,3,0,0,,
sqrt_threshold,998244353,4097,320,spread,dense,454.75,450.5,474,4,3,188,430760,2:12/8;4:12/8;8:12/8;16:12/8;32:12/8;64:12/8;128:9/6;256:6/4;512:6/4;1024:17/16,998244353@2:12/8;998244353@4:12/8;998244353@8:12/8;998244353@16:12/8;998244353@32:12/8;998244353@64:12/8;998244353@128:9/6;998244353@256:6/4;998244353@512:6/4;998244353@1024:17/16
sqrt_threshold,998244353,4097,320,spread,selected,454,453.75,469.25,4,3,83,401930,2:3/2;4:3/2;8:3/2;16:3/2;32:3/2;64:3/2;128:3/2;256:3/2;512:6/4;1024:17/16,998244353@2:3/2;998244353@4:3/2;998244353@8:3/2;998244353@16:3/2;998244353@32:3/2;998244353@64:3/2;998244353@128:3/2;998244353@256:3/2;998244353@512:6/4;998244353@1024:17/16
inv_threshold,998244353,4097,512,spread,sparse,681,657,726.5,2,3,0,0,,
inv_threshold,998244353,4097,512,spread,dense,452.5,452,504,4,3,86,460810,2:3/2;4:3/2;8:3/2;16:3/2;32:3/2;64:3/2;128:3/2;256:3/2;512:3/2;1024:25/16,998244353@2:3/2;998244353@4:3/2;998244353@8:3/2;998244353@16:3/2;998244353@32:3/2;998244353@64:3/2;998244353@128:3/2;998244353@256:3/2;998244353@512:3/2;998244353@1024:25/16
inv_threshold,998244353,4097,512,spread,selected,438.75,431.5,440.5,4,3,41,419840,1024:25/16,998244353@1024:25/16
div_threshold,998244353,4097,512,spread,sparse,702.5,650,718,2,3,0,0,,
div_threshold,998244353,4097,512,spread,dense,995,977,1140,1,3,89,1148938,2:3/2;4:3/2;8:3/2;16:3/2;32:3/2;64:3/2;128:3/2;256:3/2;512:3/2;1024:25/16;16384:2/1,998244353@2:3/2;998244353@4:3/2;998244353@8:3/2;998244353@16:3/2;998244353@32:3/2;998244353@64:3/2;998244353@128:3/2;998244353@256:3/2;998244353@512:3/2;998244353@1024:25/16;998244353@16384:2/1
div_threshold,998244353,4097,512,spread,selected,706.5,671.5,713,2,3,0,0,,
exp_threshold,998244353,4097,512,spread,sparse,659.5,640.5,804,2,3,0,0,,
exp_threshold,998244353,4097,512,spread,dense,709.5,668,752,2,3,233,570772,2:5/5;4:9/7;8:9/7;16:9/7;32:9/7;64:9/7;128:12/9;256:5/3;512:66/48,998244353@2:5/5;998244353@4:9/7;998244353@8:9/7;998244353@16:9/7;998244353@32:9/7;998244353@64:9/7;998244353@128:12/9;998244353@256:5/3;998244353@512:66/48
exp_threshold,998244353,4097,512,spread,selected,732,697.5,748.5,2,3,233,570772,2:5/5;4:9/7;8:9/7;16:9/7;32:9/7;64:9/7;128:12/9;256:5/3;512:66/48,998244353@2:5/5;998244353@4:9/7;998244353@8:9/7;998244353@16:9/7;998244353@32:9/7;998244353@64:9/7;998244353@128:12/9;998244353@256:5/3;998244353@512:66/48
pow_threshold,998244353,4097,512,spread,sparse,1383,1329,1399,1,3,0,0,,
pow_threshold,998244353,4097,512,spread,dense,1373,1360,1424,1,3,296,1340830,2:8/7;4:12/9;8:12/9;16:12/9;32:12/9;64:12/9;128:15/11;256:8/5;512:69/50;1024:3/2;2048:3/2;4096:3/2;8192:2/1,998244353@2:8/7;998244353@4:12/9;998244353@8:12/9;998244353@16:12/9;998244353@32:12/9;998244353@64:12/9;998244353@128:15/11;998244353@256:8/5;998244353@512:69/50;998244353@1024:3/2;998244353@2048:3/2;998244353@4096:3/2;998244353@8192:2/1
pow_threshold,998244353,4097,512,spread,selected,1455,1441,1458,1,3,0,0,,
sqrt_threshold,998244353,4097,512,spread,sparse,1393,1358,1555,1,3,0,0,,
sqrt_threshold,998244353,4097,512,spread,dense,512,479.5,517.25,4,3,268,447480,2:24/16;4:24/16;8:21/14;16:18/12;32:15/10;64:12/8;128:12/8;256:9/6;512:6/4;1024:17/16,998244353@2:24/16;998244353@4:24/16;998244353@8:21/14;998244353@16:18/12;998244353@32:15/10;998244353@64:12/8;998244353@128:12/8;998244353@256:9/6;998244353@512:6/4;998244353@1024:17/16
sqrt_threshold,998244353,4097,512,spread,selected,505,485.667,512,3,3,133,434580,2:6/4;4:6/4;8:6/4;16:6/4;32:6/4;64:6/4;128:9/6;256:9/6;512:6/4;1024:17/16,998244353@2:6/4;998244353@4:6/4;998244353@8:6/4;998244353@16:6/4;998244353@32:6/4;998244353@64:6/4;998244353@128:9/6;998244353@256:9/6;998244353@512:6/4;998244353@1024:17/16
inv_threshold,998244353,4097,32,suffix,sparse,9.75,9.30469,10.5234,128,3,0,0,,
inv_threshold,998244353,4097,32,suffix,dense,5.03125,4.86719,5.04688,128,3,0,0,,
inv_threshold,998244353,4097,32,suffix,selected,5.08594,5.01562,5.19531,128,3,0,0,,
div_threshold,998244353,4097,32,suffix,sparse,8.57031,8.39844,9.94531,128,3,0,0,,
div_threshold,998244353,4097,32,suffix,dense,122.556,120.833,129.389,18,3,0,0,,
div_threshold,998244353,4097,32,suffix,selected,10.8438,10.4297,13.2344,128,3,0,0,,
exp_threshold,998244353,4097,32,suffix,sparse,19.82,19.33,25.91,100,3,0,0,,
exp_threshold,998244353,4097,32,suffix,dense,1.85938,1.72656,1.85938,128,3,0,0,,
exp_threshold,998244353,4097,32,suffix,selected,1.78125,1.77344,2.4375,128,3,0,0,,
pow_threshold,998244353,4097,32,suffix,sparse,33.6452,33.4032,34.2258,62,3,0,0,,
pow_threshold,998244353,4097,32,suffix,dense,9.14844,7.64062,12.4453,128,3,0,0,,
pow_threshold,998244353,4097,32,suffix,selected,6.70312,6.625,8.57031,128,3,0,0,,
sqrt_threshold,998244353,4097,32,suffix,sparse,34.2364,32.9091,37.3455,55,3,0,0,,
sqrt_threshold,998244353,4097,32,suffix,dense,7.46094,7.17969,10.1016,128,3,0,0,,
sqrt_threshold,998244353,4097,32,suffix,selected,8.34375,7.125,9.35156,128,3,0,0,,
inv_threshold,998244353,4097,64,suffix,sparse,9.35156,9.22656,10.1875,128,3,0,0,,
inv_threshold,998244353,4097,64,suffix,dense,4.77344,4.46875,5.19531,128,3,0,0,,
inv_threshold,998244353,4097,64,suffix,selected,4.96875,4.64844,5.51562,128,3,0,0,,
div_threshold,998244353,4097,64,suffix,sparse,9.35938,9.27344,9.78906,128,3,0,0,,
div_threshold,998244353,4097,64,suffix,dense,528.667,510,537,3,3,3,688128,16384:2/1,998244353@16384:2/1
div_threshold,998244353,4097,64,suffix,selected,11.7344,11.5781,12.2656,128,3,0,0,,
exp_threshold,998244353,4097,64,suffix,sparse,20.52,20.18,21.6,100,3,0,0,,
exp_threshold,998244353,4097,64,suffix,dense,1.75781,1.70312,2.0625,128,3,0,0,,
exp_threshold,998244353,4097,64,suffix,selected,1.73438,1.71094,1.92969,128,3,0,0,,
pow_threshold,998244353,4097,64,suffix,sparse,35.5862,34.3103,38.8276,58,3,0,0,,
pow_threshold,998244353,4097,64,suffix,dense,6.86719,6.51562,7.07812,128,3,0,0,,
pow_threshold,998244353,4097,64,suffix,selected,6.58594,6.5625,6.6875,128,3,0,0,,
sqrt_threshold,998244353,4097,64,suffix,sparse,33.6833,33.4667,34.4667,60,3,0,0,,
sqrt_threshold,998244353,4097,64,suffix,dense,7.0625,6.94531,7.25,128,3,0,0,,
sqrt_threshold,998244353,4097,64,suffix,selected,6.96094,6.95312,7.36719,128,3,0,0,,
inv_threshold,998244353,4097,100,suffix,sparse,11.7656,11.4531,11.9219,128,3,0,0,,
inv_threshold,998244353,4097,100,suffix,dense,4.60156,4.5,4.69531,128,3,0,0,,
inv_threshold,998244353,4097,100,suffix,selected,4.60156,4.47656,4.75781,128,3,0,0,,
div_threshold,998244353,4097,100,suffix,sparse,11.7344,11.5625,12.1484,128,3,0,0,,
div_threshold,998244353,4097,100,suffix,dense,535.667,523.667,669,3,3,3,688128,16384:2/1,998244353@16384:2/1
div_threshold,998244353,4097,100,suffix,selected,13.9922,13.4922,14.1719,128,3,0,0,,
exp_threshold,998244353,4097,100,suffix,sparse,23.0676,22.8243,24.1892,74,3,0,0,,
exp_threshold,998244353,4097,100,suffix,dense,1.75781,1.75781,1.75781,128,3,0,0,,
exp_threshold,998244353,4097,100,suffix,selected,1.76562,1.73438,1.76562,128,3,0,0,,
pow_threshold,998244353,4097,100,suffix,sparse,39,38.413,39.5435,46,3,0,0,,
pow_threshold,998244353,4097,100,suffix,dense,6.92188,6.79688,7.00781,128,3,0,0,,
pow_threshold,998244353,4097,100,suffix,selected,7.07812,6.94531,7.59375,128,3,0,0,,
sqrt_threshold,998244353,4097,100,suffix,sparse,39.1111,38.0926,44.1852,54,3,0,0,,
sqrt_threshold,998244353,4097,100,suffix,dense,7.07031,6.98438,7.22656,128,3,0,0,,
sqrt_threshold,998244353,4097,100,suffix,selected,7.03125,7.01562,7.20312,128,3,0,0,,
inv_threshold,998244353,4097,128,suffix,sparse,14.6016,13.9609,14.9297,128,3,0,0,,
inv_threshold,998244353,4097,128,suffix,dense,5.25781,4.61719,5.9375,128,3,0,0,,
inv_threshold,998244353,4097,128,suffix,selected,4.61719,4.57812,4.73438,128,3,0,0,,
div_threshold,998244353,4097,128,suffix,sparse,13.8516,13.5781,14.0156,128,3,0,0,,
div_threshold,998244353,4097,128,suffix,dense,538,526,543.5,2,3,3,688128,16384:2/1,998244353@16384:2/1
div_threshold,998244353,4097,128,suffix,selected,16.352,16.32,16.856,125,3,0,0,,
exp_threshold,998244353,4097,128,suffix,sparse,24.9324,24.5946,25.2973,74,3,0,0,,
exp_threshold,998244353,4097,128,suffix,dense,1.70312,1.6875,1.85156,128,3,0,0,,
exp_threshold,998244353,4097,128,suffix,selected,1.69531,1.6875,1.69531,128,3,0,0,,
pow_threshold,998244353,4097,128,suffix,sparse,42.9787,42.1277,43.6383,47,3,0,0,,
pow_threshold,998244353,4097,128,suffix,dense,6.67188,6.625,6.75,128,3,0,0,,
pow_threshold,998244353,4097,128,suffix,selected,6.78906,6.61719,6.80469,128,3,0,0,,
sqrt_threshold,998244353,4097,128,suffix,sparse,41.8261,41.8043,42.2391,46,3,0,0,,
sqrt_threshold,998244353,4097,128,suffix,dense,6.94531,6.9375,7,128,3,0,0,,
sqrt_threshold,998244353,4097,128,suffix,selected,6.91406,6.89844,7.45312,128,3,0,0,,
inv_threshold,998244353,4097,160,suffix,sparse,17.1977,16.6628,17.2209,86,3,0,0,,
inv_threshold,998244353,4097,160,suffix,dense,4.58594,4.55469,4.64062,128,3,0,0,,
inv_threshold,998244353,4097,160,suffix,selected,4.59375,4.55469,4.60938,128,3,0,0,,
div_threshold,998244353,4097,160,suffix,sparse,16.8974,16.6068,17.4957,117,3,0,0,,
div_threshold,998244353,4097,160,suffix,dense,519,516.333,524.667,3,3,3,688128,16384:2/1,998244353@16384:2/1
div_threshold,998244353,4097,160,suffix,selected,19.16,18.81,19.36,100,3,0,0,,
exp_threshold,998244353,4097,160,suffix,sparse,27.6338,27.4507,27.7324,71,3,0,0,,
exp_threshold,998244353,4097,160,suffix,dense,1.69531,1.6875,1.69531,128,3,0,0,,
exp_threshold,998244353,4097,160,suffix,selected,1.6875,1.6875,1.70312,128,3,0,0,,
pow_threshold,998244353,4097,160,suffix,sparse,48.05,47.7,48.225,40,3,0,0,,
pow_threshold,998244353,4097,160,suffix,dense,6.73438,6.70312,6.74219,128,3,0,0,,
pow_threshold,998244353,4097,160,suffix,selected,6.69531,6.67969,6.70312,128,3,0,0,,
sqrt_threshold,998244353,4097,160,suffix,sparse,48.2222,48.0556,48.7778,36,3,0,0,,
sqrt_threshold,998244353,4097,160,suffix,dense,6.98438,6.96875,7.03125,128,3,0,0,,
sqrt_threshold,998244353,4097,160,suffix,selected,6.99219,6.96875,7,128,3,0,0,,
inv_threshold,998244353,4097,200,suffix,sparse,21.4421,21.3684,21.6211,95,3,0,0,,
inv_threshold,998244353,4097,200,suffix,dense,4.58594,4.54688,4.80469,128,3,0,0,,
inv_threshold,998244353,4097,200,suffix,selected,4.57812,4.5625,4.70312,128,3,0,0,,
div_threshold,998244353,4097,200,suffix,sparse,21.1789,21.0947,21.1895,95,3,0,0,,
div_threshold,998244353,4097,200,suffix,dense,513,513,514.667,3,3,3,688128,16384:2/1,998244353@16384:2/1
div_threshold,998244353,4097,200,suffix,selected,23.4096,23.3494,23.9398,83,3,0,0,,
exp_threshold,998244353,4097,200,suffix,sparse,32.0968,31.9677,34.9194,62,3,0,0,,
exp_threshold,998244353,4097,200,suffix,dense,1.6875,1.66406,1.69531,128,3,0,0,,
exp_threshold,998244353,4097,200,suffix,selected,1.70312,1.66406,1.78906,128,3,0,0,,
pow_threshold,998244353,4097,200,suffix,sparse,58.6857,57.3143,59.0571,35,3,0,0,,
pow_threshold,998244353,4097,200,suffix,dense,6.79688,6.74219,6.97656,128,3,0,0,,
pow_threshold,998244353,4097,200,suffix,selected,6.78125,6.72656,6.85156,128,3,0,0,,
sqrt_threshold,998244353,4097,200,suffix,sparse,58.6364,58.6061,59.2727,33,3,0,0,,
sqrt_threshold,998244353,4097,200,suffix,dense,7.27344,7.21875,7.28125,128,3,0,0,,
sqrt_threshold,998244353,4097,200,suffix,selected,7.14844,7.10938,7.32031,128,3,0,0,,
inv_threshold,998244353,4097,256,suffix,sparse,30.6094,29.9688,31.5938,64,3,0,0,,
inv_threshold,998244353,4097,256,suffix,dense,4.57031,4.5625,4.58594,128,3,0,0,,
inv_threshold,998244353,4097,256,suffix,selected,4.57031,4.5625,4.61719,128,3,0,0,,
div_threshold,998244353,4097,256,suffix,sparse,29.3485,29.3485,29.3939,66,3,0,0,,
div_threshold,998244353,4097,256,suffix,dense,516,512.333,529,3,3,3,688128,16384:2/1,998244353@16384:2/1
div_threshold,998244353,4097,256,suffix,selected,31.7258,31.6935,32.629,62,3,0,0,,
exp_threshold,998244353,4097,256,suffix,sparse,40.7,40.28,40.84,50,3,0,0,,
exp_threshold,998244353,4097,256,suffix,dense,1.6875,1.64844,1.72656,128,3,0,0,,
exp_threshold,998244353,4097,256,suffix,selected,1.67969,1.66406,1.6875,128,3,0,0,,
pow_threshold,998244353,4097,256,suffix,sparse,75.72,74.48,77.72,25,3,0,0,,
pow_threshold,998244353,4097,256,suffix,dense,6.78125,6.6875,6.83594,128,3,0,0,,
pow_threshold,998244353,4097,256,suffix,selected,6.64844,6.64844,6.71094,128,3,0,0,,
sqrt_threshold,998244353,4097,256,suffix,sparse,73.4091,73.3636,75.2273,22,3,0,0,,
sqrt_threshold,998244353,4097,256,suffix,dense,6.96875,6.96875,7.03125,128,3,0,0,,
sqrt_threshold,998244353,4097,256,suffix,selected,6.96094,6.92969,7.25,128,3,0,0,,
inv_threshold,998244353,4097,320,suffix,sparse,42.1458,42,42.5625,48,3,0,0,,
inv_threshold,998244353,4097,320,suffix,dense,4.57031,4.55469,4.57031,128,3,0,0,,
inv_threshold,998244353,4097,320,suffix,selected,4.55469,4.54688,4.55469,128,3,0,0,,
div_threshold,998244353,4097,320,suffix,sparse,41.1875,41,41.2292,48,3,0,0,,
div_threshold,998244353,4097,320,suffix,dense,524.667,516.333,527.667,3,3,3,688128,16384:2/1,998244353@16384:2/1
div_threshold,998244353,4097,320,suffix,selected,43.3556,43.3111,44,45,3,0,0,,
exp_threshold,998244353,4097,320,suffix,sparse,52.1579,51.9737,52.7895,38,3,0,0,,
exp_threshold,998244353,4097,320,suffix,dense,1.64844,1.64062,1.64844,128,3,0,0,,
exp_threshold,998244353,4097,320,suffix,selected,1.69531,1.63281,1.71875,128,3,0,0,,
pow_threshold,998244353,4097,320,suffix,sparse,97.5,96.65,107.85,20,3,0,0,,
pow_threshold,998244353,4097,320,suffix,dense,6.875,6.70312,6.92969,128,3,0,0,,
pow_threshold,998244353,4097,320,suffix,selected,6.75,6.73438,6.92188,128,3,0,0,,
sqrt_threshold,998244353,4097,320,suffix,sparse,100.2,100.1,100.25,20,3,0,0,,
sqrt_threshold,998244353,4097,320,suffix,dense,7.24219,7.24219,7.67188,128,3,0,0,,
sqrt_threshold,998244353,4097,320,suffix,selected,7.24219,7.22656,7.25781,128,3,0,0,,
inv_threshold,998244353,4097,512,suffix,sparse,96.85,94.4,97.2,20,3,0,0,,
inv_threshold,998244353,4097,512,suffix,dense,4.6875,4.59375,4.77344,128,3,0,0,,
inv_threshold,998244353,4097,512,suffix,selected,4.67188,4.66406,4.67969,128,3,0,0,,
div_threshold,998244353,4097,512,suffix,sparse,92.1429,90.6667,103.286,21,3,0,0,,
div_threshold,998244353,4097,512,suffix,dense,513,508.667,537.667,3,3,3,688128,16384:2/1,998244353@16384:2/1
div_threshold,998244353,4097,512,suffix,selected,94.6,91.6,95.5,20,3,0,0,,
exp_threshold,998244353,4097,512,suffix,sparse,112.15,102.85,114.45,20,3,0,0,,
exp_threshold,998244353,4097,512,suffix,dense,1.66406,1.60938,1.73438,128,3,0,0,,
exp_threshold,998244353,4097,512,suffix,selected,1.64844,1.58594,1.64844,128,3,0,0,,
pow_threshold,998244353,4097,512,suffix,sparse,227.556,225.111,273.333,9,3,0,0,,
pow_threshold,998244353,4097,512,suffix,dense,6.85156,6.77344,6.9375,128,3,0,0,,
pow_threshold,998244353,4097,512,suffix,selected,6.85156,6.76562,42.9297,128,3,0,0,,
sqrt_threshold,998244353,4097,512,suffix,sparse,543.333,482.222,584.111,9,3,0,0,,
sqrt_threshold,998244353,4097,512,suffix,dense,82.7422,13.8047,99.3672,128,3,0,0,,
sqrt_threshold,998244353,4097,512,suffix,selected,22.9922,21.2656,33.3906,128,3,0,0,,
inv_threshold,998244353,16384,32,prefix,sparse,1316,1295,1870,1,3,0,0,,
inv_threshold,998244353,16384,32,prefix,dense,4886,3119,5927,1,3,70,2129930,2:3/2;4:3/2;8:3/2;16:3/2;32:3/2;64:3/2;128:3/2;256:3/2;512:3/2;1024:3/2;2048:3/2;4096:3/2;8192:3/2;16384:3/2,998244353@2:3/2;998244353@4:3/2;998244353@8:3/2;998244353@16:3/2;998244353@32:3/2;998244353@64:3/2;998244353@128:3/2;998244353@256:3/2;998244353@512:3/2;998244353@1024:3/2;998244353@2048:3/2;998244353@4096:3/2;998244353@8192:3/2;998244353@16384:3/2
inv_threshold,998244353,16384,32,prefix,selected,1108,630.5,3932.5,2,3,0,0,,
div_threshold,998244353,16384,32,prefix,sparse,517.2,460.8,635.6,5,3,0,0,,
div_threshold,998244353,16384,32,prefix,dense,4777,4186,4966,1,3,73,3604490,2:3/2;4:3/2;8:3/2;16:3/2;32:3/2;64:3/2;128:3/2;256:3/2;512:3/2;1024:3/2;2048:3/2;4096:3/2;8192:3/2;16384:3/2;32768:2/1,998244353@2:3/2;998244353@4:3/2;998244353@8:3/2;998244353@16:3/2;998244353@32:3/2;998244353@64:3/2;998244353@128:3/2;998244353@256:3/2;998244353@512:3/2;998244353@1024:3/2;998244353@2048:3/2;998244353@4096:3/2;998244353@8192:3/2;998244353@16384:3/2;998244353@32768:2/1
div_threshold,998244353,16384,32,prefix,selected,658.667,626,717,3,3,0,0,,
exp_threshold,998244353,16384,32,prefix,sparse,497,468,592,2,3,0,0,,
exp_threshold,998244353,16384,32,prefix,dense,2884,2801,3536,1,3,339,2193428,2:5/5;4:9/7;8:9/7;16:9/7;32:9/7;64:9/7;128:9/7;256:12/9;512:5/3;1024:111/93,998244353@2:5/5;998244353@4:9/7;998244353@8:9/7;998244353@16:9/7;998244353@32:9/7;998244353@64:9/7;998244353@128:9/7;998244353@256:12/9;998244353@512:5/3;998244353@1024:111/93
exp_threshold,998244353,16384,32,prefix,selected,442.5,417.75,443,4,3,0,0,,
pow_threshold,998244353,16384,32,prefix,sparse,919,909.5,980,2,3,0,0,,
pow_threshold,998244353,16384,32,prefix,dense,5357,5291,6383,1,3,409,4323358,2:8/7;4:12/9;8:12/9;16:12/9;32:12/9;64:12/9;128:12/9;256:15/11;512:8/5;1024:114/95;2048:3/2;4096:3/2;8192:3/2;16384:3/2,998244353@2:8/7;998244353@4:12/9;998244353@8:12/9;998244353@16:12/9;998244353@32:12/9;998244353@64:12/9;998244353@128:12/9;998244353@256:15/11;998244353@512:8/5;998244353@1024:114/95;998244353@2048:3/2;998244353@4096:3/2;998244353@8192:3/2;998244353@16384:3/2
pow_threshold,998244353,16384,32,prefix,selected,1049.5,855.5,1075,2,3,0,0,,
sqrt_threshold,998244353,16384,32,prefix,sparse,819,818,906.5,2,3,0,0,,
sqrt_threshold,998244353,16384,32,prefix,dense,1980,1870,2142,1,3,351,1627138,2:27/18;4:27/18;8:24/16;16:21/14;32:18/12;64:15/10;128:15/10;256:12/8;512:9/6;1024:6/4;2048:31/30,998244353@2:27/18;998244353@4:27/18;998244353@8:24/16;998244353@16:21/14;998244353@32:18/12;998244353@64:15/10;998244353@128:15/10;998244353@256:12/8;998244353@512:9/6;998244353@1024:6/4;998244353@2048:31/30
sqrt_threshold,998244353,16384,32,prefix,selected,883.5,834,983.5,2,3,0,0,,
inv_threshold,998244353,16384,64,prefix,sparse,691,676.5,723,2,3,0,0,,
inv_threshold,998244353,16384,64,prefix,dense,1699,1683,1800,1,3,70,2129930,2:3/2;4:3/2;8:3/2;16:3/2;32:3/2;64:3/2;128:3/2;256:3/2;512:3/2;1024:3/2;2048:3/2;4096:3/2;8192:3/2;16384:3/2,998244353@2:3/2;998244353@4:3/2;998244353@8:3/2;998244353@16:3/2;998244353@32:3/2;998244353@64:3/2;998244353@128:3/2;998244353@256:3/2;998244353@512:3/2;998244353@1024:3/2;998244353@2048:3/2;998244353@4096:3/2;998244353@8192:3/2;998244353@16384:3/2
inv_threshold,998244353,16384,64,prefix,selected,727.5,727,802.5,2,3,0,0,,
div_threshold,998244353,16384,64,prefix,sparse,733.5,718.5,749,2,3,0,0,,
div_threshold,998244353,16384,64,prefix,dense,3016,2950,3202,1,3,73,3604490,2:3/2;4:3/2;8:3/2;16:3/2;32:3/2;64:3/2;128:3/2;256:3/2;512:3/2;1024:3/2;2048:3/2;4096:3/2;8192:3/2;16384:3/2;32768:2/1,998244353@2:3/2;998244353@4:3/2;998244353@8:3/2;998244353@16:3/2;998244353@32:3/2;998244353@64:3/2;998244353@128:3/2;998244353@256:3/2;998244353@512:3/2;998244353@1024:3/2;998244353@2048:3/2;998244353@4096:3/2;998244353@8192:3/2;998244353@16384:3/2;998244353@32768:2/1
div_threshold,998244353,16384,64,prefix,selected,713,699.5,723,2,3,0,0,,
exp_threshold,998244353,16384,64,prefix,sparse,727.5,701.5,749,2,3,0,0,,
exp_threshold,998244353,16384,64,prefix,dense,2661,2615,2840,1,3,339,2193428,2:5/5;4:9/7;8:9/7;16:9/7;32:9/7;64:9/7;128:9/7;256:12/9;512:5/3;1024:111/93,998244353@2:5/5;998244353@4:9/7;998244353@8:9/7;998244353@16:9/7;998244353@32:9/7;998244353@64:9/7;998244353@128:9/7;998244353@256:12/9;998244353@512:5/3;998244353@1024:111/93
exp_threshold,998244353,16384,64,prefix,selected,738,724,835.5,2,3,0,0,,
pow_threshold,998244353,16384,64,prefix,sparse,1419,1379,1460,1,3,0,0,,
pow_threshold,998244353,16384,64,prefix,dense,5511,5455,5705,1,3,412,5797918,2:8/7;4:12/9;8:12/9;16:12/9;32:12/9;64:12/9;128:12/9;256:15/11;512:8/5;1024:114/95;2048:3/2;4096:3/2;8192:3/2;16384:3/2;32768:2/1,998244353@2:8/7;998244353@4:12/9;998244353@8:12/9;998244353@16:12/9;998244353@32:12/9;998244353@64:12/9;998244353@128:12/9;998244353@256:15/11;998244353@512:8/5;998244353@1024:114/95;998244353@2048:3/2;998244353@4096:3/2;998244353@8192:3/2;998244353@16384:3/2;998244353@32768:2/1
pow_threshold,998244353,16384,64,prefix,selected,1436,1388,1451,1,3,0,0,,
sqrt_threshold,998244353,16384,64,prefix,sparse,1437,1411,1447,1,3,0,0,,
sqrt_threshold,998244353,16384,64,prefix,dense,1738,1690,1797,1,3,351,1627138,2:27/18;4:27/18;8:24/16;16:21/14;32:18/12;64:15/10;128:15/10;256:12/8;512:9/6;1024:6/4;2048:31/30,998244353@2:27/18;998244353@4:27/18;998244353@8:24/16;998244353@16:21/14;998244353@32:18/12;998244353@64:15/10;998244353@128:15/10;998244353@256:12/8;998244353@512:9/6;998244353@1024:6/4;998244353@2048:31/30
sqrt_threshold,998244353,16384,64,prefix,selected,1442,1403,1502,1,3,0,0,,
inv_threshold,998244353,16384,100,prefix,sparse,1099,1083,1115,1,3,0,0,,
inv_threshold,998244353,16384,100,prefix,dense,1688,1672,1690,1,3,70,2129930,2:3/2;4:3/2;8:3/2;16:3/2;32:3/2;64:3/2;128:3/2;256:3/2;512:3/2;1024:3/2;2048:3/2;4096:3/2;8192:3/2;16384:3/2,998244353@2:3/2;998244353@4:3/2;998244353@8:3/2;998244353@16:3/2;998244353@32:3/2;998244353@64:3/2;998244353@128:3/2;998244353@256:3/2;998244353@512:3/2;998244353@1024:3/2;998244353@2048:3/2;998244353@4096:3/2;998244353@8192:3/2;998244353@16384:3/2
inv_threshold,998244353,16384,100,prefix,selected,1099,1082,1151,1,3,0,0,,
div_threshold,998244353,16384,100,prefix,sparse,1068,1060,1088,1,3,0,0,,
div_threshold,998244353,16384,100,prefix,dense,2892,2818,3059,1,3,73,3604490,2:3/2;4:3/2;8:3/2;16:3/2;32:3/2;64:3/2;128:3/2;256:3/2;512:3/2;1024:3/2;2048:3/2;4096:3/2;8192:3/2;16384:3/2;32768:2/1,998244353@2:3/2;998244353@4:3/2;998244353@8:3/2;998244353@16:3/2;998244353@32:3/2;998244353@64:3/2;998244353@128:3/2;998244353@256:3/2;998244353@512:3/2;998244353@1024:3/2;998244353@2048:3/2;998244353@4096:3/2;998244353@8192:3/2;998244353@16384:3/2;998244353@32768:2/1
div_threshold,998244353,16384,100,prefix,selected,1085,1064,1196,1,3,0,0,,
exp_threshold,998244353,16384,100,prefix,sparse,1093,1084,1119,1,3,0,0,,
exp_threshold,998244353,16384,100,prefix,dense,2557,2517,2568,1,3,339,2193428,2:5/5;4:9/7;8:9/7;16:9/7;32:9/7;64:9/7;128:9/7;256:12/9;512:5/3;1024:111/93,998244353@2:5/5;998244353@4:9/7;998244353@8:9/7;998244353@16:9/7;998244353@32:9/7;998244353@64:9/7;998244353@128:9/7;998244353@256:12/9;998244353@512:5/3;998244353@1024:111/93
exp_threshold,998244353,16384,100,prefix,selected,1117,1103,1120,1,3,0,0,,
pow_threshold,998244353,16384,100,prefix,sparse,2241,2209,2498,1,3,0,0,,
pow_threshold,998244353,16384,100,prefix,dense,6133,5583,6199,1,3,412,5797918,2:8/7;4:12/9;8:12/9;16:12/9;32:12/9;64:12/9;128:12/9;256:15/11;512:8/5;1024:114/95;2048:3/2;4096:3/2;8192:3/2;16384:3/2;32768:2/1,998244353@2:8/7;998244353@4:12/9;998244353@8:12/9;998244353@16:12/9;998244353@32:12/9;998244353@64:12/9;998244353@128:12/9;998244353@256:15/11;998244353@512:8/5;998244353@1024:114/95;998244353@2048:3/2;998244353@4096:3/2;998244353@8192:3/2;998244353@16384:3/2;998244353@32768:2/1
pow_threshold,998244353,16384,100,prefix,selected,2300,2296,2344,1,3,0,0,,
sqrt_threshold,998244353,16384,100,prefix,sparse,2245,2238,2264,1,3,0,0,,
sqrt_threshold,998244353,16384,100,prefix,dense,1655,1651,1719,1,3,351,1627138,2:27/18;4:27/18;8:24/16;16:21/14;32:18/12;64:15/10;128:15/10;256:12/8;512:9/6;1024:6/4;2048:31/30,998244353@2:27/18;998244353@4:27/18;998244353@8:24/16;998244353@16:21/14;998244353@32:18/12;998244353@64:15/10;998244353@128:15/10;998244353@256:12/8;998244353@512:9/6;998244353@1024:6/4;998244353@2048:31/30
sqrt_threshold,998244353,16384,100,prefix,selected,1683,1671,1727,1,3,216,1614238,2:9/6;4:9/6;8:9/6;16:9/6;32:9/6;64:9/6;128:12/8;256:12/8;512:9/6;1024:6/4;2048:31/30,998244353@2:9/6;998244353@4:9/6;998244353@8:9/6;998244353@16:9/6;998244353@32:9/6;998244353@64:9/6;998244353@128:12/8;998244353@256:12/8;998244353@512:9/6;998244353@1024:6/4;998244353@2048:31/30
inv_threshold,998244353,16384,128,prefix,sparse,1405,1353,1484,1,3,0,0,,
inv_threshold,998244353,16384,128,prefix,dense,1660,1657,1706,1,3,70,2129930,2:3/2;4:3/2;8:3/2;16:3/2;32:3/2;64:3/2;128:3/2;256:3/2;512:3/2;1024:3/2;2048:3/2;4096:3/2;8192:3/2;16384:3/2,998244353@2:3/2;998244353@4:3/2;998244353@8:3/2;998244353@16:3/2;998244353@32:3/2;998244353@64:3/2;998244353@128:3/2;998244353@256:3/2;998244353@512:3/2;998244353@1024:3/2;998244353@2048:3/2;998244353@4096:3/2;998244353@8192:3/2;998244353@16384:3/2
inv_threshold,998244353,16384,128,prefix,selected,1447,1362,1464,1,3,0,0,,
div_threshold,998244353,16384,128,prefix,sparse,1390,1355,1761,1,3,0,0,,
div_threshold,998244353,16384,128,prefix,dense,2936,2837,3019,1,3,73,3604490,2:3/2;4:3/2;8:3/2;16:3/2;32:3/2;64:3/2;128:3/2;256:3/2;512:3/2;1024:3/2;2048:3/2;4096:3/2;8192:3/2;16384:3/2;32768:2/1,998244353@2:3/2;998244353@4:3/2;998244353@8:3/2;998244353@16:3/2;998244353@32:3/2;998244353@64:3/2;998244353@128:3/2;998244353@256:3/2;998244353@512:3/2;998244353@1024:3/2;998244353@2048:3/2;998244353@4096:3/2;998244353@8192:3/2;998244353@16384:3/2;998244353@32768:2/1
div_threshold,998244353,16384,128,prefix,selected,1387,1377,1591,1,3,0,0,,
exp_threshold,998244353,16384,128,prefix,sparse,1406,1340,1448,1,3,0,0,,
exp_threshold,998244353,16384,128,prefix,dense,2459,2434,2463,1,3,339,2193428,2:5/5;4:9/7;8:9/7;16:9/7;32:9/7;64:9/7;128:9/7;256:12/9;512:5/3;1024:111/93,998244353@2:5/5;998244353@4:9/7;998244353@8:9/7;998244353@16:9/7;998244353@32:9/7;998244353@64:9/7;998244353@128:9/7;998244353@256:12/9;998244353@512:5/3;998244353@1024:111/93
exp_threshold,998244353,16384,128,prefix,selected,1409,1384,1411,1,3,0,0,,
pow_threshold,998244353,16384,128,prefix,sparse,2763,2735,2763,1,3,0,0,,
pow_threshold,998244353,16384,128,prefix,dense,5377,5372,5460,1,3,412,5797918,2:8/7;4:12/9;8:12/9;16:12/9;32:12/9;64:12/9;128:12/9;256:15/11;512:8/5;1024:114/95;2048:3/2;4096:3/2;8192:3/2;16384:3/2;32768:2/1,998244353@2:8/7;998244353@4:12/9;998244353@8:12/9;998244353@16:12/9;998244353@32:12/9;998244353@64:12/9;998244353@128:12/9;998244353@256:15/11;998244353@512:8/5;998244353@1024:114/95;998244353@2048:3/2;998244353@4096:3/2;998244353@8192:3/2;998244353@16384:3/2;998244353@32768:2/1
pow_threshold,998244353,16384,128,prefix,selected,2740,2725,2785,1,3,0,0,,
sqrt_threshold,998244353,16384,128,prefix,sparse,2756,2744,2830,1,3,0,0,,
sqrt_threshold,998244353,16384,128,prefix,dense,1661,1658,1686,1,3,351,1627138,2:27/18;4:27/18;8:24/16;16:21/14;32:18/12;64:15/10;128:15/10;256:12/8;512:9/6;1024:6/4;2048:31/30,998244353@2:27/18;998244353@4:27/18;998244353@8:24/16;998244353@16:21/14;998244353@32:18/12;998244353@64:15/10;998244353@128:15/10;998244353@256:12/8;998244353@512:9/6;998244353@1024:6/4;998244353@2048:31/30
sqrt_threshold,998244353,16384,128,prefix,selected,1693,1652,1705,1,3,216,1614238,2:9/6;4:9/6;8:9/6;16:9/6;32:9/6;64:9/6;128:12/8;256:12/8;512:9/6;1024:6/4;2048:31/30,998244353@2:9/6;998244353@4:9/6;998244353@8:9/6;998244353@16:9/6;998244353@32:9/6;998244353@64:9/6;998244353@128:12/8;998244353@256:12/8;998244353@512:9/6;998244353@1024:6/4;998244353@2048:31/30
inv_threshold,998244353,16384,160,prefix,sparse,1678,1649,1680,1,3,0,0,,
inv_threshold,998244353,16384,160,prefix,dense,1677,1640,1844,1,3,70,2129930,2:3/2;4:3/2;8:3/2;16:3/2;32:3/2;64:3/2;128:3/2;256:3/2;512:3/2;1024:3/2;2048:3/2;4096:3/2;8192:3/2;16384:3/2,998244353@2:3/2;998244353@4:3/2;998244353@8:3/2;998244353@16:3/2;998244353@32:3/2;998244353@64:3/2;998244353@128:3/2;998244353@256:3/2;998244353@512:3/2;998244353@1024:3/2;998244353@2048:3/2;998244353@4096:3/2;998244353@8192:3/2;998244353@16384:3/2
inv_threshold,998244353,16384,160,prefix,selected,1683,1645,1742,1,3,0,0,,
div_threshold,998244353,16384,160,prefix,sparse,1694,1681,1785,1,3,0,0,,
div_threshold,998244353,16384,160,prefix,dense,2855,2852,2906,1,3,73,3604490,2:3/2;4:3/2;8:3/2;16:3/2;32:3/2;64:3/2;128:3/2;256:3/2;512:3/2;1024:3/2;2048:3/2;4096:3/2;8192:3/2;16384:3/2;32768:2/1,998244353@2:3/2;998244353@4:3/2;998244353@8:3/2;998244353@16:3/2;998244353@32:3/2;998244353@64:3/2;998244353@128:3/2;998244353@256:3/2;998244353@512:3/2;998244353@1024:3/2;998244353@2048:3/2;998244353@4096:3/2;998244353@8192:3/2;998244353@16384:3/2;998244353@32768:2/1
div_threshold,998244353,16384,160,prefix,selected,1764,1689,1903,1,3,0,0,,
exp_threshold,998244353,16384,160,prefix,sparse,1781,1692,1824,1,3,0,0,,
exp_threshold,998244353,16384,160,prefix,dense,2533,2502,2539,1,3,339,2193428,2:5/5;4:9/7;8:9/7;16:9/7;32:9/7;64:9/7;128:9/7;256:12/9;512:5/3;1024:111/93,998244353@2:5/5;998244353@4:9/7;998244353@8:9/7;998244353@16:9/7;998244353@32:9/7;998244353@64:9/7;998244353@128:9/7;998244353@256:12/9;998244353@512:5/3;998244353@1024:111/93
exp_threshold,998244353,16384,160,prefix,selected,1716,1705,1735,1,3,0,0,,
pow_threshold,998244353,16384,160,prefix,sparse,3488,3411,3591,1,3,0,0,,
pow_threshold,998244353,16384,160,prefix,dense,5522,5439,5651,1,3,412,5797918,2:8/7;4:12/9;8:12/9;16:12/9;32:12/9;64:12/9;128:12/9;256:15/11;512:8/5;1024:114/95;2048:3/2;4096:3/2;8192:3/2;16384:3/2;32768:2/1,998244353@2:8/7;998244353@4:12/9;998244353@8:12/9;998244353@16:12/9;998244353@32:12/9;998244353@64:12/9;998244353@128:12/9;998244353@256:15/11;998244353@512:8/5;998244353@1024:114/95;998244353@2048:3/2;998244353@4096:3/2;998244353@8192:3/2;998244353@16384:3/2;998244353@32768:2/1
pow_threshold,998244353,16384,160,prefix,selected,3499,3401,3555,1,3,0,0,,
sqrt_threshold,998244353,16384,160,prefix,sparse,3469,3444,3703,1,3,0,0,,
sqrt_threshold,998244353,16384,160,prefix,dense,1724,1659,1728,1,3,351,1627138,2:27/18;4:27/18;8:24/16;16:21/14;32:18/12;64:15/10;128:15/10;256:12/8;512:9/6;1024:6/4;2048:31/30,998244353@2:27/18;998244353@4:27/18;998244353@8:24/16;998244353@16:21/14;998244353@32:18/12;998244353@64:15/10;998244353@128:15/10;998244353@256:12/8;998244353@512:9/6;998244353@1024:6/4;998244353@2048:31/30
sqrt_threshold,998244353,16384,160,prefix,selected,1714,1672,1807,1,3,216,1614238,2:9/6;4:9/6;8:9/6;16:9/6;32:9/6;64:9/6;128:12/8;256:12/8;512:9/6;1024:6/4;2048:31/30,998244353@2:9/6;998244353@4:9/6;998244353@8:9/6;998244353@16:9/6;998244353@32:9/6;998244353@64:9/6;998244353@128:12/8;998244353@256:12/8;998244353@512:9/6;998244353@1024:6/4;998244353@2048:31/30
inv_threshold,998244353,16384,200,prefix,sparse,2152,2051,2168,1,3,0,0,,
inv_threshold,998244353,16384,200,prefix,dense,1715,1689,1773,1,3,70,2129930,2:3/2;4:3/2;8:3/2;16:3/2;32:3/2;64:3/2;128:3/2;256:3/2;512:3/2;1024:3/2;2048:3/2;4096:3/2;8192:3/2;16384:3/2,998244353@2:3/2;998244353@4:3/2;998244353@8:3/2;998244353@16:3/2;998244353@32:3/2;998244353@64:3/2;998244353@128:3/2;998244353@256:3/2;998244353@512:3/2;998244353@1024:3/2;998244353@2048:3/2;998244353@4096:3/2;998244353@8192:3/2;998244353@16384:3/2
inv_threshold,998244353,16384,200,prefix,selected,1692,1633,1737,1,3,70,2129930,2:3/2;4:3/2;8:3/2;16:3/2;32:3/2;64:3/2;128:3/2;256:3/2;512:3/2;1024:3/2;2048:3/2;4096:3/2;8192:3/2;16384:3/2,998244353@2:3/2;998244353@4:3/2;998244353@8:3/2;998244353@16:3/2;998244353@32:3/2;998244353@64:3/2;998244353@128:3/2;998244353@256:3/2;998244353@512:3/2;998244353@1024:3/2;998244353@2048:3/2;998244353@4096:3/2;998244353@8192:3/2;998244353@16384:3/2
div_threshold,998244353,16384,200,prefix,sparse,2180,2088,2219,1,3,0,0,,
div_threshold,998244353,16384,200,prefix,dense,3008,2853,3172,1,3,73,3604490,2:3/2;4:3/2;8:3/2;16:3/2;32:3/2;64:3/2;128:3/2;256:3/2;512:3/2;1024:3/2;2048:3/2;4096:3/2;8192:3/2;16384:3/2;32768:2/1,998244353@2:3/2;998244353@4:3/2;998244353@8:3/2;998244353@16:3/2;998244353@32:3/2;998244353@64:3/2;998244353@128:3/2;998244353@256:3/2;998244353@512:3/2;998244353@1024:3/2;998244353@2048:3/2;998244353@4096:3/2;998244353@8192:3/2;998244353@16384:3/2;998244353@32768:2/1
div_threshold,998244353,16384,200,prefix,selected,2135,2078,2292,1,3,0,0,,
exp_threshold,998244353,16384,200,prefix,sparse,2231,2064,3042,1,3,0,0,,
exp_threshold,998244353,16384,200,prefix,dense,2587,2442,2594,1,3,339,2193428,2:5/5;4:9/7;8:9/7;16:9/7;32:9/7;64:9/7;128:9/7;256:12/9;512:5/3;1024:111/93,998244353@2:5/5;998244353@4:9/7;998244353@8:9/7;998244353@16:9/7;998244353@32:9/7;998244353@64:9/7;998244353@128:9/7;998244353@256:12/9;998244353@512:5/3;998244353@1024:111/93
exp_threshold,998244353,16384,200,prefix,selected,2124,2121,2223,1,3,0,0,,
pow_threshold,998244353,16384,200,prefix,sparse,4215,4150,4217,1,3,0,0,,
pow_threshold,998244353,16384,200,prefix,dense,5611,5589,5679,1,3,412,5797918,2:8/7;4:12/9;8:12/9;16:12/9;32:12/9;64:12/9;128:12/9;256:15/11;512:8/5;1024:114/95;2048:3/2;4096:3/2;8192:3/2;16384:3/2;32768:2/1,998244353@2:8/7;998244353@4:12/9;998244353@8:12/9;998244353@16:12/9;998244353@32:12/9;998244353@64:12/9;998244353@128:12/9;998244353@256:15/11;998244353@512:8/5;998244353@1024:114/95;998244353@2048:3/2;998244353@4096:3/2;998244353@8192:3/2;998244353@16384:3/2;998244353@32768:2/1
pow_threshold,998244353,16384,200,prefix,selected,4328,4185,4689,1,3,0,0,,
sqrt_threshold,998244353,16384,200,prefix,sparse,4222,4168,4293,1,3,0,0,,
sqrt_threshold,998244353,16384,200,prefix,dense,1685,1656,1897,1,3,351,1627138,2:27/18;4:27/18;8:24/16;16:21/14;32:18/12;64:15/10;128:15/10;256:12/8;512:9/6;1024:6/4;2048:31/30,998244353@2:27/18;998244353@4:27/18;998244353@8:24/16;998244353@16:21/14;998244353@32:18/12;998244353@64:15/10;998244353@128:15/10;998244353@256:12/8;998244353@512:9/6;998244353@1024:6/4;998244353@2048:31/30
sqrt_threshold,998244353,16384,200,prefix,selected,1663,1654,1741,1,3,216,1614238,2:9/6;4:9/6;8:9/6;16:9/6;32:9/6;64:9/6;128:12/8;256:12/8;512:9/6;1024:6/4;2048:31/30,998244353@2:9/6;998244353@4:9/6;998244353@8:9/6;998244353@16:9/6;998244353@32:9/6;998244353@64:9/6;998244353@128:12/8;998244353@256:12/8;998244353@512:9/6;998244353@1024:6/4;998244353@2048:31/30
inv_threshold,998244353,16384,256,prefix,sparse,2708,2624,2713,1,3,0,0,,
inv_threshold,998244353,16384,256,prefix,dense,1727,1649,1883,1,3,70,2129930,2:3/2;4:3/2;8:3/2;16:3/2;32:3/2;64:3/2;128:3/2;256:3/2;512:3/2;1024:3/2;2048:3/2;4096:3/2;8192:3/2;16384:3/2,998244353@2:3/2;998244353@4:3/2;998244353@8:3/2;998244353@16:3/2;998244353@32:3/2;998244353@64:3/2;998244353@128:3/2;998244353@256:3/2;998244353@512:3/2;998244353@1024:3/2;998244353@2048:3/2;998244353@4096:3/2;998244353@8192:3/2;998244353@16384:3/2
inv_threshold,998244353,16384,256,prefix,selected,1691,1674,1796,1,3,70,2129930,2:3/2;4:3/2;8:3/2;16:3/2;32:3/2;64:3/2;128:3/2;256:3/2;512:3/2;1024:3/2;2048:3/2;4096:3/2;8192:3/2;16384:3/2,998244353@2:3/2;998244353@4:3/2;998244353@8:3/2;998244353@16:3/2;998244353@32:3/2;998244353@64:3/2;998244353@128:3/2;998244353@256:3/2;998244353@512:3/2;998244353@1024:3/2;998244353@2048:3/2;998244353@4096:3/2;998244353@8192:3/2;998244353@16384:3/2
div_threshold,998244353,16384,256,prefix,sparse,2673,2570,2739,1,3,0,0,,
div_threshold,998244353,16384,256,prefix,dense,2908,2839,2952,1,3,73,3604490,2:3/2;4:3/2;8:3/2;16:3/2;32:3/2;64:3/2;128:3/2;256:3/2;512:3/2;1024:3/2;2048:3/2;4096:3/2;8192:3/2;16384:3/2;32768:2/1,998244353@2:3/2;998244353@4:3/2;998244353@8:3/2;998244353@16:3/2;998244353@32:3/2;998244353@64:3/2;998244353@128:3/2;998244353@256:3/2;998244353@512:3/2;998244353@1024:3/2;998244353@2048:3/2;998244353@4096:3/2;998244353@8192:3/2;998244353@16384:3/2;998244353@32768:2/1
div_threshold,998244353,16384,256,prefix,selected,2727,2644,2776,1,3,0,0,,
exp_threshold,998244353,16384,256,prefix,sparse,2698,2594,2793,1,3,0,0,,
exp_threshold,998244353,16384,256,prefix,dense,2540,2457,2584,1,3,339,2193428,2:5/5;4:9/7;8:9/7;16:9/7;32:9/7;64:9/7;128:9/7;256:12/9;512:5/3;1024:111/93,998244353@2:5/5;998244353@4:9/7;998244353@8:9/7;998244353@16:9/7;998244353@32:9/7;998244353@64:9/7;998244353@128:9/7;998244353@256:12/9;998244353@512:5/3;998244353@1024:111/93
exp_threshold,998244353,16384,256,prefix,selected,2546,2441,2587,1,3,339,2193428,2:5/5;4:9/7;8:9/7;16:9/7;32:9/7;64:9/7;128:9/7;256:12/9;512:5/3;1024:111/93,998244353@2:5/5;998244353@4:9/7;998244353@8:9/7;998244353@16:9/7;998244353@32:9/7;998244353@64:9/7;998244353@128:9/7;998244353@256:12/9;998244353@512:5/3;998244353@1024:111/93
pow_threshold,998244353,16384,256,prefix,sparse,5433,5280,5474,1,3,0,0,,
pow_threshold,998244353,16384,256,prefix,dense,5608,5572,5867,1,3,412,5797918,2:8/7;4:12/9;8:12/9;16:12/9;32:12/9;64:12/9;128:12/9;256:15/11;512:8/5;1024:114/95;2048:3/2;4096:3/2;8192:3/2;16384:3/2;32768:2/1,998244353@2:8/7;998244353@4:12/9;998244353@8:12/9;998244353@16:12/9;998244353@32:12/9;998244353@64:12/9;998244353@128:12/9;998244353@256:15/11;998244353@512:8/5;998244353@1024:114/95;998244353@2048:3/2;998244353@4096:3/2;998244353@8192:3/2;998244353@16384:3/2;998244353@32768:2/1
pow_threshold,998244353,16384,256,prefix,selected,5381,5285,5640,1,3,339,2193428,2:5/5;4:9/7;8:9/7;16:9/7;32:9/7;64:9/7;128:9/7;256:12/9;512:5/3;1024:111/93,998244353@2:5/5;998244353@4:9/7;998244353@8:9/7;998244353@16:9/7;998244353@32:9/7;998244353@64:9/7;998244353@128:9/7;998244353@256:12/9;998244353@512:5/3;998244353@1024:111/93
sqrt_threshold,998244353,16384,256,prefix,sparse,5383,5382,5396,1,3,0,0,,
sqrt_threshold,998244353,16384,256,prefix,dense,1703,1675,1739,1,3,351,1627138,2:27/18;4:27/18;8:24/16;16:21/14;32:18/12;64:15/10;128:15/10;256:12/8;512:9/6;1024:6/4;2048:31/30,998244353@2:27/18;998244353@4:27/18;998244353@8:24/16;998244353@16:21/14;998244353@32:18/12;998244353@64:15/10;998244353@128:15/10;998244353@256:12/8;998244353@512:9/6;998244353@1024:6/4;998244353@2048:31/30
sqrt_threshold,998244353,16384,256,prefix,selected,1671,1651,1701,1,3,216,1614238,2:9/6;4:9/6;8:9/6;16:9/6;32:9/6;64:9/6;128:12/8;256:12/8;512:9/6;1024:6/4;2048:31/30,998244353@2:9/6;998244353@4:9/6;998244353@8:9/6;998244353@16:9/6;998244353@32:9/6;998244353@64:9/6;998244353@128:12/8;998244353@256:12/8;998244353@512:9/6;998244353@1024:6/4;998244353@2048:31/30
inv_threshold,998244353,16384,320,prefix,sparse,3271,3139,3335,1,3,0,0,,
inv_threshold,998244353,16384,320,prefix,dense,1809,1699,2191,1,3,70,2129930,2:3/2;4:3/2;8:3/2;16:3/2;32:3/2;64:3/2;128:3/2;256:3/2;512:3/2;1024:3/2;2048:3/2;4096:3/2;8192:3/2;16384:3/2,998244353@2:3/2;998244353@4:3/2;998244353@8:3/2;998244353@16:3/2;998244353@32:3/2;998244353@64:3/2;998244353@128:3/2;998244353@256:3/2;998244353@512:3/2;998244353@1024:3/2;998244353@2048:3/2;998244353@4096:3/2;998244353@8192:3/2;998244353@16384:3/2
inv_threshold,998244353,16384,320,prefix,selected,1667,1628,1677,1,3,70,2129930,2:3/2;4:3/2;8:3/2;16:3/2;32:3/2;64:3/2;128:3/2;256:3/2;512:3/2;1024:3/2;2048:3/2;4096:3/2;8192:3/2;16384:3/2,998244353@2:3/2;998244353@4:3/2;998244353@8:3/2;998244353@16:3/2;998244353@32:3/2;998244353@64:3/2;998244353@128:3/2;998244353@256:3/2;998244353@512:3/2;998244353@1024:3/2;998244353@2048:3/2;998244353@4096:3/2;998244353@8192:3/2;998244353@16384:3/2
div_threshold,998244353,16384,320,prefix,sparse,3287,3249,3350,1,3,0,0,,
div_threshold,998244353,16384,320,prefix,dense,2885,2812,2888,1,3,73,3604490,2:3/2;4:3/2;8:3/2;16:3/2;32:3/2;64:3/2;128:3/2;256:3/2;512:3/2;1024:3/2;2048:3/2;4096:3/2;8192:3/2;16384:3/2;32768:2/1,998244353@2:3/2;998244353@4:3/2;998244353@8:3/2;998244353@16:3/2;998244353@32:3/2;998244353@64:3/2;998244353@128:3/2;998244353@256:3/2;998244353@512:3/2;998244353@1024:3/2;998244353@2048:3/2;998244353@4096:3/2;998244353@8192:3/2;998244353@16384:3/2;998244353@32768:2/1
div_threshold,998244353,16384,320,prefix,selected,2945,2833,2947,1,3,73,3604490,2:3/2;4:3/2;8:3/2;16:3/2;32:3/2;64:3/2;128:3/2;256:3/2;512:3/2;1024:3/2;2048:3/2;4096:3/2;8192:3/2;16384:3/2;32768:2/1,998244353@2:3/2;998244353@4:3/2;998244353@8:3/2;998244353@16:3/2;998244353@32:3/2;998244353@64:3/2;998244353@128:3/2;998244353@256:3/2;998244353@512:3/2;998244353@1024:3/2;998244353@2048:3/2;998244353@4096:3/2;998244353@8192:3/2;998244353@16384:3/2;998244353@32768:2/1
exp_threshold,998244353,16384,320,prefix,sparse,3220,3166,3229,1,3,0,0,,
exp_threshold,998244353,16384,320,prefix,dense,2599,2563,2610,1,3,339,2193428,2:5/5;4:9/7;8:9/7;16:9/7;32:9/7;64:9/7;128:9/7;256:12/9;512:5/3;1024:111/93,998244353@2:5/5;998244353@4:9/7;998244353@8:9/7;998244353@16:9/7;998244353@32:9/7;998244353@64:9/7;998244353@128:9/7;998244353@256:12/9;998244353@512:5/3;998244353@1024:111/93
exp_threshold,998244353,16384,320,prefix,selected,2525,2447,2676,1,3,339,2193428,2:5/5;4:9/7;8:9/7;16:9/7;32:9/7;64:9/7;128:9/7;256:12/9;512:5/3;1024:111/93,998244353@2:5/5;998244353@4:9/7;998244353@8:9/7;998244353@16:9/7;998244353@32:9/7;998244353@64:9/7;998244353@128:9/7;998244353@256:12/9;998244353@512:5/3;998244353@1024:111/93
pow_threshold,998244353,16384,320,prefix,sparse,6570,6560,6584,1,3,0,0,,
pow_threshold,998244353,16384,320,prefix,dense,5561,5448,5583,1,3,412,5797918,2:8/7;4:12/9;8:12/9;16:12/9;32:12/9;64:12/9;128:12/9;256:15/11;512:8/5;1024:114/95;2048:3/2;4096:3/2;8192:3/2;16384:3/2;32768:2/1,998244353@2:8/7;998244353@4:12/9;998244353@8:12/9;998244353@16:12/9;998244353@32:12/9;998244353@64:12/9;998244353@128:12/9;998244353@256:15/11;998244353@512:8/5;998244353@1024:114/95;998244353@2048:3/2;998244353@4096:3/2;998244353@8192:3/2;998244353@16384:3/2;998244353@32768:2/1
pow_threshold,998244353,16384,320,prefix,selected,5588,5577,5655,1,3,412,5797918,2:8/7;4:12/9;8:12/9;16:12/9;32:12/9;64:12/9;128:12/9;256:15/11;512:8/5;1024:114/95;2048:3/2;4096:3/2;8192:3/2;16384:3/2;32768:2/1,998244353@2:8/7;998244353@4:12/9;998244353@8:12/9;998244353@16:12/9;998244353@32:12/9;998244353@64:12/9;998244353@128:12/9;998244353@256:15/11;998244353@512:8/5;998244353@1024:114/95;998244353@2048:3/2;998244353@4096:3/2;998244353@8192:3/2;998244353@16384:3/2;998244353@32768:2/1
sqrt_threshold,998244353,16384,320,prefix,sparse,6545,6482,6587,1,3,0,0,,
sqrt_threshold,998244353,16384,320,prefix,dense,1710,1703,1750,1,3,351,1627138,2:27/18;4:27/18;8:24/16;16:21/14;32:18/12;64:15/10;128:15/10;256:12/8;512:9/6;1024:6/4;2048:31/30,998244353@2:27/18;998244353@4:27/18;998244353@8:24/16;998244353@16:21/14;998244353@32:18/12;998244353@64:15/10;998244353@128:15/10;998244353@256:12/8;998244353@512:9/6;998244353@1024:6/4;998244353@2048:31/30
sqrt_threshold,998244353,16384,320,prefix,selected,1752,1664,1771,1,3,216,1614238,2:9/6;4:9/6;8:9/6;16:9/6;32:9/6;64:9/6;128:12/8;256:12/8;512:9/6;1024:6/4;2048:31/30,998244353@2:9/6;998244353@4:9/6;998244353@8:9/6;998244353@16:9/6;998244353@32:9/6;998244353@64:9/6;998244353@128:12/8;998244353@256:12/8;998244353@512:9/6;998244353@1024:6/4;998244353@2048:31/30
inv_threshold,998244353,16384,512,prefix,sparse,5087,4947,5189,1,3,0,0,,
inv_threshold,998244353,16384,512,prefix,dense,1634,1633,1638,1,3,70,2129930,2:3/2;4:3/2;8:3/2;16:3/2;32:3/2;64:3/2;128:3/2;256:3/2;512:3/2;1024:3/2;2048:3/2;4096:3/2;8192:3/2;16384:3/2,998244353@2:3/2;998244353@4:3/2;998244353@8:3/2;998244353@16:3/2;998244353@32:3/2;998244353@64:3/2;998244353@128:3/2;998244353@256:3/2;998244353@512:3/2;998244353@1024:3/2;998244353@2048:3/2;998244353@4096:3/2;998244353@8192:3/2;998244353@16384:3/2
inv_threshold,998244353,16384,512,prefix,selected,1649,1640,1790,1,3,70,2129930,2:3/2;4:3/2;8:3/2;16:3/2;32:3/2;64:3/2;128:3/2;256:3/2;512:3/2;1024:3/2;2048:3/2;4096:3/2;8192:3/2;16384:3/2,998244353@2:3/2;998244353@4:3/2;998244353@8:3/2;998244353@16:3/2;998244353@32:3/2;998244353@64:3/2;998244353@128:3/2;998244353@256:3/2;998244353@512:3/2;998244353@1024:3/2;998244353@2048:3/2;998244353@4096:3/2;998244353@8192:3/2;998244353@16384:3/2
div_threshold,998244353,16384,512,prefix,sparse,5070,5063,5193,1,3,0,0,,
div_threshold,998244353,16384,512,prefix,dense,2833,2796,2917,1,3,73,3604490,2:3/2;4:3/2;8:3/2;16:3/2;32:3/2;64:3/2;128:3/2;256:3/2;512:3/2;1024:3/2;2048:3/2;4096:3/2;8192:3/2;16384:3/2;32768:2/1,998244353@2:3/2;998244353@4:3/2;998244353@8:3/2;998244353@16:3/2;998244353@32:3/2;998244353@64:3/2;998244353@128:3/2;998244353@256:3/2;998244353@512:3/2;998244353@1024:3/2;998244353@2048:3/2;998244353@4096:3/2;998244353@8192:3/2;998244353@16384:3/2;998244353@32768:2/1
div_threshold,998244353,16384,512,prefix,selected,2784,2673,2826,1,3,73,3604490,2:3/2;4:3/2;8:3/2;16:3/2;32:3/2;64:3/2;128:3/2;256:3/2;512:3/2;1024:3/2;2048:3/2;4096:3/2;8192:3/2;16384:3/2;32768:2/1,998244353@2:3/2;998244353@4:3/2;998244353@8:3/2;998244353@16:3/2;998244353@32:3/2;998244353@64:3/2;998244353@128:3/2;998244353@256:3/2;998244353@512:3/2;998244353@1024:3/2;998244353@2048:3/2;998244353@4096:3/2;998244353@8192:3/2;998244353@16384:3/2;998244353@32768:2/1
exp_threshold,998244353,16384,512,prefix,sparse,5020,4966,5071,1,3,0,0,,
exp_threshold,998244353,16384,512,prefix,dense,2458,2445,2499,1,3,339,2193428,2:5/5;4:9/7;8:9/7;16:9/7;32:9/7;64:9/7;128:9/7;256:12/9;512:5/3;1024:111/93,998244353@2:5/5;998244353@4:9/7;998244353@8:9/7;998244353@16:9/7;998244353@32:9/7;998244353@64:9/7;998244353@128:9/7;998244353@256:12/9;998244353@512:5/3;998244353@1024:111/93
exp_threshold,998244353,16384,512,prefix,selected,2454,2430,2460,1,3,339,2193428,2:5/5;4:9/7;8:9/7;16:9/7;32:9/7;64:9/7;128:9/7;256:12/9;512:5/3;1024:111/93,998244353@2:5/5;998244353@4:9/7;998244353@8:9/7;998244353@16:9/7;998244353@32:9/7;998244353@64:9/7;998244353@128:9/7;998244353@256:12/9;998244353@512:5/3;998244353@1024:111/93
pow_threshold,998244353,16384,512,prefix,sparse,10113,10064,10165,1,3,0,0,,
pow_threshold,998244353,16384,512,prefix,dense,5360,5356,5501,1,3,412,5797918,2:8/7;4:12/9;8:12/9;16:12/9;32:12/9;64:12/9;128:12/9;256:15/11;512:8/5;1024:114/95;2048:3/2;4096:3/2;8192:3/2;16384:3/2;32768:2/1,998244353@2:8/7;998244353@4:12/9;998244353@8:12/9;998244353@16:12/9;998244353@32:12/9;998244353@64:12/9;998244353@128:12/9;998244353@256:15/11;998244353@512:8/5;998244353@1024:114/95;998244353@2048:3/2;998244353@4096:3/2;998244353@8192:3/2;998244353@16384:3/2;998244353@32768:2/1
pow_threshold,998244353,16384,512,prefix,selected,5350,5297,5554,1,3,412,5797918,2:8/7;4:12/9;8:12/9;16:12/9;32:12/9;64:12/9;128:12/9;256:15/11;512:8/5;1024:114/95;2048:3/2;4096:3/2;8192:3/2;16384:3/2;32768:2/1,998244353@2:8/7;998244353@4:12/9;998244353@8:12/9;998244353@16:12/9;998244353@32:12/9;998244353@64:12/9;998244353@128:12/9;998244353@256:15/11;998244353@512:8/5;998244353@1024:114/95;998244353@2048:3/2;998244353@4096:3/2;998244353@8192:3/2;998244353@16384:3/2;998244353@32768:2/1
sqrt_threshold,998244353,16384,512,prefix,sparse,10146,10127,10154,1,3,0,0,,
sqrt_threshold,998244353,16384,512,prefix,dense,1661,1654,1698,1,3,351,1627138,2:27/18;4:27/18;8:24/16;16:21/14;32:18/12;64:15/10;128:15/10;256:12/8;512:9/6;1024:6/4;2048:31/30,998244353@2:27/18;998244353@4:27/18;998244353@8:24/16;998244353@16:21/14;998244353@32:18/12;998244353@64:15/10;998244353@128:15/10;998244353@256:12/8;998244353@512:9/6;998244353@1024:6/4;998244353@2048:31/30
sqrt_threshold,998244353,16384,512,prefix,selected,1660,1647,1708,1,3,216,1614238,2:9/6;4:9/6;8:9/6;16:9/6;32:9/6;64:9/6;128:12/8;256:12/8;512:9/6;1024:6/4;2048:31/30,998244353@2:9/6;998244353@4:9/6;998244353@8:9/6;998244353@16:9/6;998244353@32:9/6;998244353@64:9/6;998244353@128:12/8;998244353@256:12/8;998244353@512:9/6;998244353@1024:6/4;998244353@2048:31/30
inv_threshold,998244353,16384,32,spread,sparse,196.9,195.2,205.1,10,3,0,0,,
inv_threshold,998244353,16384,32,spread,dense,1631,1622,1781,1,3,70,2129930,2:3/2;4:3/2;8:3/2;16:3/2;32:3/2;64:3/2;128:3/2;256:3/2;512:3/2;1024:3/2;2048:3/2;4096:3/2;8192:3/2;16384:3/2,998244353@2:3/2;998244353@4:3/2;998244353@8:3/2;998244353@16:3/2;998244353@32:3/2;998244353@64:3/2;998244353@128:3/2;998244353@256:3/2;998244353@512:3/2;998244353@1024:3/2;998244353@2048:3/2;998244353@4096:3/2;998244353@8192:3/2;998244353@16384:3/2
inv_threshold,998244353,16384,32,spread,selected,204.667,203.889,207.444,9,3,0,0,,
div_threshold,998244353,16384,32,spread,sparse,198.6,195.1,202.2,10,3,0,0,,
div_threshold,998244353,16384,32,spread,dense,2756,2751,2811,1,3,73,3604490,2:3/2;4:3/2;8:3/2;16:3/2;32:3/2;64:3/2;128:3/2;256:3/2;512:3/2;1024:3/2;2048:3/2;4096:3/2;8192:3/2;16384:3/2;32768:2/1,998244353@2:3/2;998244353@4:3/2;998244353@8:3/2;998244353@16:3/2;998244353@32:3/2;998244353@64:3/2;998244353@128:3/2;998244353@256:3/2;998244353@512:3/2;998244353@1024:3/2;998244353@2048:3/2;998244353@4096:3/2;998244353@8192:3/2;998244353@16384:3/2;998244353@32768:2/1
div_threshold,998244353,16384,32,spread,selected,203.889,201.333,205,9,3,0,0,,
exp_threshold,998244353,16384,32,spread,sparse,229.125,227.625,229.875,8,3,0,0,,
exp_threshold,998244353,16384,32,spread,dense,2454,2437,2471,1,3,339,2193428,2:5/5;4:9/7;8:9/7;16:9/7;32:9/7;64:9/7;128:9/7;256:12/9;512:5/3;1024:111/93,998244353@2:5/5;998244353@4:9/7;998244353@8:9/7;998244353@16:9/7;998244353@32:9/7;998244353@64:9/7;998244353@128:9/7;998244353@256:12/9;998244353@512:5/3;998244353@1024:111/93
exp_threshold,998244353,16384,32,spread,selected,240.375,240,254,8,3,0,0,,
pow_threshold,998244353,16384,32,spread,sparse,451,443.75,492.75,4,3,0,0,,
pow_threshold,998244353,16384,32,spread,dense,4683,4667,4720,1,3,409,4323358,2:8/7;4:12/9;8:12/9;16:12/9;32:12/9;64:12/9;128:12/9;256:15/11;512:8/5;1024:114/95;2048:3/2;4096:3/2;8192:3/2;16384:3/2,998244353@2:8/7;998244353@4:12/9;998244353@8:12/9;998244353@16:12/9;998244353@32:12/9;998244353@64:12/9;998244353@128:12/9;998244353@256:15/11;998244353@512:8/5;998244353@1024:114/95;998244353@2048:3/2;998244353@4096:3/2;998244353@8192:3/2;998244353@16384:3/2
pow_threshold,998244353,16384,32,spread,selected,463.25,462,467,4,3,0,0,,
sqrt_threshold,998244353,16384,32,spread,sparse,453.75,446.25,489,4,3,0,0,,
sqrt_threshold,998244353,16384,32,spread,dense,1554,1551,1572,1,3,196,1525278,2:9/6;4:9/6;8:9/6;16:9/6;32:9/6;64:9/6;128:9/6;256:9/6;512:6/4;1024:3/2;2048:31/30,998244353@2:9/6;998244353@4:9/6;998244353@8:9/6;998244353@16:9/6;998244353@32:9/6;998244353@64:9/6;998244353@128:9/6;998244353@256:9/6;998244353@512:6/4;998244353@1024:3/2;998244353@2048:31/30
sqrt_threshold,998244353,16384,32,spread,selected,459,459,466.5,4,3,0,0,,
inv_threshold,998244353,16384,64,spread,sparse,367.2,360.2,368.2,5,3,0,0,,
inv_threshold,998244353,16384,64,spread,dense,1658,1637,1662,1,3,70,2129930,2:3/2;4:3/2;8:3/2;16:3/2;32:3/2;64:3/2;128:3/2;256:3/2;512:3/2;1024:3/2;2048:3/2;4096:3/2;8192:3/2;16384:3/2,998244353@2:3/2;998244353@4:3/2;998244353@8:3/2;998244353@16:3/2;998244353@32:3/2;998244353@64:3/2;998244353@128:3/2;998244353@256:3/2;998244353@512:3/2;998244353@1024:3/2;998244353@2048:3/2;998244353@4096:3/2;998244353@8192:3/2;998244353@16384:3/2
inv_threshold,998244353,16384,64,spread,selected,369.4,369.4,369.6,5,3,0,0,,
div_threshold,998244353,16384,64,spread,sparse,362.6,361.4,362.8,5,3,0,0,,
div_threshold,998244353,16384,64,spread,dense,2772,2765,2793,1,3,73,3604490,2:3/2;4:3/2;8:3/2;16:3/2;32:3/2;64:3/2;128:3/2;256:3/2;512:3/2;1024:3/2;2048:3/2;4096:3/2;8192:3/2;16384:3/2;32768:2/1,998244353@2:3/2;998244353@4:3/2;998244353@8:3/2;998244353@16:3/2;998244353@32:3/2;998244353@64:3/2;998244353@128:3/2;998244353@256:3/2;998244353@512:3/2;998244353@1024:3/2;998244353@2048:3/2;998244353@4096:3/2;998244353@8192:3/2;998244353@16384:3/2;998244353@32768:2/1
div_threshold,998244353,16384,64,spread,selected,372.2,371.2,374,5,3,0,0,,
exp_threshold,998244353,16384,64,spread,sparse,392,391.2,396.4,5,3,0,0,,
exp_threshold,998244353,16384,64,spread,dense,2450,2427,2470,1,3,339,2193428,2:5/5;4:9/7;8:9/7;16:9/7;32:9/7;64:9/7;128:9/7;256:12/9;512:5/3;1024:111/93,998244353@2:5/5;998244353@4:9/7;998244353@8:9/7;998244353@16:9/7;998244353@32:9/7;998244353@64:9/7;998244353@128:9/7;998244353@256:12/9;998244353@512:5/3;998244353@1024:111/93
exp_threshold,998244353,16384,64,spread,selected,403.5,403.25,403.75,4,3,0,0,,
pow_threshold,998244353,16384,64,spread,sparse,788,787.5,796,2,3,0,0,,
pow_threshold,998244353,16384,64,spread,dense,5318,5316,5395,1,3,412,5797918,2:8/7;4:12/9;8:12/9;16:12/9;32:12/9;64:12/9;128:12/9;256:15/11;512:8/5;1024:114/95;2048:3/2;4096:3/2;8192:3/2;16384:3/2;32768:2/1,998244353@2:8/7;998244353@4:12/9;998244353@8:12/9;998244353@16:12/9;998244353@32:12/9;998244353@64:12/9;998244353@128:12/9;998244353@256:15/11;998244353@512:8/5;998244353@1024:114/95;998244353@2048:3/2;998244353@4096:3/2;998244353@8192:3/2;998244353@16384:3/2;998244353@32768:2/1
pow_threshold,998244353,16384,64,spread,selected,797,789.5,802,2,3,0,0,,
sqrt_threshold,998244353,16384,64,spread,sparse,783.5,783.5,788,2,3,0,0,,
sqrt_threshold,998244353,16384,64,spread,dense,1563,1546,1582,1,3,196,1525278,2:9/6;4:9/6;8:9/6;16:9/6;32:9/6;64:9/6;128:9/6;256:9/6;512:6/4;1024:3/2;2048:31/30,998244353@2:9/6;998244353@4:9/6;998244353@8:9/6;998244353@16:9/6;998244353@32:9/6;998244353@64:9/6;998244353@128:9/6;998244353@256:9/6;998244353@512:6/4;998244353@1024:3/2;998244353@2048:31/30
sqrt_threshold,998244353,16384,64,spread,selected,805,803.5,806,2,3,0,0,,
inv_threshold,998244353,16384,100,spread,sparse,566,566,573.667,3,3,0,0,,
inv_threshold,998244353,16384,100,spread,dense,1626,1623,1661,1,3,70,2129930,2:3/2;4:3/2;8:3/2;16:3/2;32:3/2;64:3/2;128:3/2;256:3/2;512:3/2;1024:3/2;2048:3/2;4096:3/2;8192:3/2;16384:3/2,998244353@2:3/2;998244353@4:3/2;998244353@8:3/2;998244353@16:3/2;998244353@32:3/2;998244353@64:3/2;998244353@128:3/2;998244353@256:3/2;998244353@512:3/2;998244353@1024:3/2;998244353@2048:3/2;998244353@4096:3/2;998244353@8192:3/2;998244353@16384:3/2
inv_threshold,998244353,16384,100,spread,selected,575.333,574.333,577.333,3,3,0,0,,
div_threshold,998244353,16384,100,spread,sparse,566.333,565.333,567,3,3,0,0,,
div_threshold,998244353,16384,100,spread,dense,2767,2761,2772,1,3,73,3604490,2:3/2;4:3/2;8:3/2;16:3/2;32:3/2;64:3/2;128:3/2;256:3/2;512:3/2;1024:3/2;2048:3/2;4096:3/2;8192:3/2;16384:3/2;32768:2/1,998244353@2:3/2;998244353@4:3/2;998244353@8:3/2;998244353@16:3/2;998244353@32:3/2;998244353@64:3/2;998244353@128:3/2;998244353@256:3/2;998244353@512:3/2;998244353@1024:3/2;998244353@2048:3/2;998244353@4096:3/2;998244353@8192:3/2;998244353@16384:3/2;998244353@32768:2/1
div_threshold,998244353,16384,100,spread,selected,581,575.667,590,3,3,0,0,,
exp_threshold,998244353,16384,100,spread,sparse,593,592.667,595.667,3,3,0,0,,
exp_threshold,998244353,16384,100,spread,dense,2431,2431,2443,1,3,339,2193428,2:5/5;4:9/7;8:9/7;16:9/7;32:9/7;64:9/7;128:9/7;256:12/9;512:5/3;1024:111/93,998244353@2:5/5;998244353@4:9/7;998244353@8:9/7;998244353@16:9/7;998244353@32:9/7;998244353@64:9/7;998244353@128:9/7;998244353@256:12/9;998244353@512:5/3;998244353@1024:111/93
exp_threshold,998244353,16384,100,spread,selected,604,602.333,613.333,3,3,0,0,,
pow_threshold,998244353,16384,100,spread,sparse,1196,1190,1198,1,3,0,0,,
pow_threshold,998244353,16384,100,spread,dense,5346,5322,5363,1,3,412,5797918,2:8/7;4:12/9;8:12/9;16:12/9;32:12/9;64:12/9;128:12/9;256:15/11;512:8/5;1024:114/95;2048:3/2;4096:3/2;8192:3/2;16384:3/2;32768:2/1,998244353@2:8/7;998244353@4:12/9;998244353@8:12/9;998244353@16:12/9;998244353@32:12/9;998244353@64:12/9;998244353@128:12/9;998244353@256:15/11;998244353@512:8/5;998244353@1024:114/95;998244353@2048:3/2;998244353@4096:3/2;998244353@8192:3/2;998244353@16384:3/2;998244353@32768:2/1
pow_threshold,998244353,16384,100,spread,selected,1208,1204,1218,1,3,0,0,,
sqrt_threshold,998244353,16384,100,spread,sparse,1197,1191,1233,1,3,0,0,,
sqrt_threshold,998244353,16384,100,spread,dense,1562,1553,1564,1,3,196,1525278,2:9/6;4:9/6;8:9/6;16:9/6;32:9/6;64:9/6;128:9/6;256:9/6;512:6/4;1024:3/2;2048:31/30,998244353@2:9/6;998244353@4:9/6;998244353@8:9/6;998244353@16:9/6;998244353@32:9/6;998244353@64:9/6;998244353@128:9/6;998244353@256:9/6;998244353@512:6/4;998244353@1024:3/2;998244353@2048:31/30
sqrt_threshold,998244353,16384,100,spread,selected,1210,1205,1218,1,3,0,0,,
inv_threshold,998244353,16384,128,spread,sparse,701,700.5,710,2,3,0,0,,
inv_threshold,998244353,16384,128,spread,dense,1630,1627,1635,1,3,70,2129930,2:3/2;4:3/2;8:3/2;16:3/2;32:3/2;64:3/2;128:3/2;256:3/2;512:3/2;1024:3/2;2048:3/2;4096:3/2;8192:3/2;16384:3/2,998244353@2:3/2;998244353@4:3/2;998244353@8:3/2;998244353@16:3/2;998244353@32:3/2;998244353@64:3/2;998244353@128:3/2;998244353@256:3/2;998244353@512:3/2;998244353@1024:3/2;998244353@2048:3/2;998244353@4096:3/2;998244353@8192:3/2;998244353@16384:3/2
inv_threshold,998244353,16384,128,spread,selected,713,713,713.5,2,3,0,0,,
div_threshold,998244353,16384,128,spread,sparse,706.5,702.5,717,2,3,0,0,,
div_threshold,998244353,16384,128,spread,dense,2770,2767,2774,1,3,73,3604490,2:3/2;4:3/2;8:3/2;16:3/2;32:3/2;64:3/2;128:3/2;256:3/2;512:3/2;1024:3/2;2048:3/2;4096:3/2;8192:3/2;16384:3/2;32768:2/1,998244353@2:3/2;998244353@4:3/2;998244353@8:3/2;998244353@16:3/2;998244353@32:3/2;998244353@64:3/2;998244353@128:3/2;998244353@256:3/2;998244353@512:3/2;998244353@1024:3/2;998244353@2048:3/2;998244353@4096:3/2;998244353@8192:3/2;998244353@16384:3/2;998244353@32768:2/1
div_threshold,998244353,16384,128,spread,selected,712.5,712,722,2,3,0,0,,
exp_threshold,998244353,16384,128,spread,sparse,738.5,728,749,2,3,0,0,,
exp_threshold,998244353,16384,128,spread,dense,2426,2422,2554,1,3,339,2193428,2:5/5;4:9/7;8:9/7;16:9/7;32:9/7;64:9/7;128:9/7;256:12/9;512:5/3;1024:111/93,998244353@2:5/5;998244353@4:9/7;998244353@8:9/7;998244353@16:9/7;998244353@32:9/7;998244353@64:9/7;998244353@128:9/7;998244353@256:12/9;998244353@512:5/3;998244353@1024:111/93
exp_threshold,998244353,16384,128,spread,selected,735,735,740.5,2,3,0,0,,
pow_threshold,998244353,16384,128,spread,sparse,1463,1461,1465,1,3,0,0,,
pow_threshold,998244353,16384,128,spread,dense,5315,5292,5361,1,3,412,5797918,2:8/7;4:12/9;8:12/9;16:12/9;32:12/9;64:12/9;128:12/9;256:15/11;512:8/5;1024:114/95;2048:3/2;4096:3/2;8192:3/2;16384:3/2;32768:2/1,998244353@2:8/7;998244353@4:12/9;998244353@8:12/9;998244353@16:12/9;998244353@32:12/9;998244353@64:12/9;998244353@128:12/9;998244353@256:15/11;998244353@512:8/5;998244353@1024:114/95;998244353@2048:3/2;998244353@4096:3/2;998244353@8192:3/2;998244353@16384:3/2;998244353@32768:2/1
pow_threshold,998244353,16384,128,spread,selected,1496,1478,1505,1,3,0,0,,
sqrt_threshold,998244353,16384,128,spread,sparse,1530,1463,1561,1,3,0,0,,
sqrt_threshold,998244353,16384,128,spread,dense,1582,1554,1696,1,3,196,1525278,2:9/6;4:9/6;8:9/6;16:9/6;32:9/6;64:9/6;128:9/6;256:9/6;512:6/4;1024:3/2;2048:31/30,998244353@2:9/6;998244353@4:9/6;998244353@8:9/6;998244353@16:9/6;998244353@32:9/6;998244353@64:9/6;998244353@128:9/6;998244353@256:9/6;998244353@512:6/4;998244353@1024:3/2;998244353@2048:31/30
sqrt_threshold,998244353,16384,128,spread,selected,1560,1477,1561,1,3,0,0,,
inv_threshold,998244353,16384,160,spread,sparse,857.5,856.5,884,2,3,0,0,,
inv_threshold,998244353,16384,160,spread,dense,1635,1634,1654,1,3,70,2129930,2:3/2;4:3/2;8:3/2;16:3/2;32:3/2;64:3/2;128:3/2;256:3/2;512:3/2;1024:3/2;2048:3/2;4096:3/2;8192:3/2;16384:3/2,998244353@2:3/2;998244353@4:3/2;998244353@8:3/2;998244353@16:3/2;998244353@32:3/2;998244353@64:3/2;998244353@128:3/2;998244353@256:3/2;998244353@512:3/2;998244353@1024:3/2;998244353@2048:3/2;998244353@4096:3/2;998244353@8192:3/2;998244353@16384:3/2
inv_threshold,998244353,16384,160,spread,selected,875,871,890.5,2,3,0,0,,
div_threshold,998244353,16384,160,spread,sparse,865.5,855.5,883.5,2,3,0,0,,
div_threshold,998244353,16384,160,spread,dense,2806,2795,2867,1,3,73,3604490,2:3/2;4:3/2;8:3/2;16:3/2;32:3/2;64:3/2;128:3/2;256:3/2;512:3/2;1024:3/2;2048:3/2;4096:3/2;8192:3/2;16384:3/2;32768:2/1,998244353@2:3/2;998244353@4:3/2;998244353@8:3/2;998244353@16:3/2;998244353@32:3/2;998244353@64:3/2;998244353@128:3/2;998244353@256:3/2;998244353@512:3/2;998244353@1024:3/2;998244353@2048:3/2;998244353@4096:3/2;998244353@8192:3/2;998244353@16384:3/2;998244353@32768:2/1
div_threshold,998244353,16384,160,spread,selected,878.5,859.5,958,2,3,0,0,,
exp_threshold,998244353,16384,160,spread,sparse,898,878.5,907,2,3,0,0,,
exp_threshold,998244353,16384,160,spread,dense,2473,2467,2498,1,3,339,2193428,2:5/5;4:9/7;8:9/7;16:9/7;32:9/7;64:9/7;128:9/7;256:12/9;512:5/3;1024:111/93,998244353@2:5/5;998244353@4:9/7;998244353@8:9/7;998244353@16:9/7;998244353@32:9/7;998244353@64:9/7;998244353@128:9/7;998244353@256:12/9;998244353@512:5/3;998244353@1024:111/93
exp_threshold,998244353,16384,160,spread,selected,892.5,889,941.5,2,3,0,0,,
pow_threshold,998244353,16384,160,spread,sparse,1779,1773,1869,1,3,0,0,,
pow_threshold,998244353,16384,160,spread,dense,5512,5507,5678,1,3,412,5797918,2:8/7;4:12/9;8:12/9;16:12/9;32:12/9;64:12/9;128:12/9;256:15/11;512:8/5;1024:114/95;2048:3/2;4096:3/2;8192:3/2;16384:3/2;32768:2/1,998244353@2:8/7;998244353@4:12/9;998244353@8:12/9;998244353@16:12/9;998244353@32:12/9;998244353@64:12/9;998244353@128:12/9;998244353@256:15/11;998244353@512:8/5;998244353@1024:114/95;998244353@2048:3/2;998244353@4096:3/2;998244353@8192:3/2;998244353@16384:3/2;998244353@32768:2/1
pow_threshold,998244353,16384,160,spread,selected,1817,1786,1838,1,3,0,0,,
sqrt_threshold,998244353,16384,160,spread,sparse,1793,1751,1875,1,3,0,0,,
sqrt_threshold,998244353,16384,160,spread,dense,1562,1552,1664,1,3,196,1525278,2:9/6;4:9/6;8:9/6;16:9/6;32:9/6;64:9/6;128:9/6;256:9/6;512:6/4;1024:3/2;2048:31/30,998244353@2:9/6;998244353@4:9/6;998244353@8:9/6;998244353@16:9/6;998244353@32:9/6;998244353@64:9/6;998244353@128:9/6;998244353@256:9/6;998244353@512:6/4;998244353@1024:3/2;998244353@2048:31/30
sqrt_threshold,998244353,16384,160,spread,selected,1453,1441,1461,1,3,61,1374208,2048:31/30,998244353@2048:31/30
inv_threshold,998244353,16384,200,spread,sparse,1037,1034,1064,1,3,0,0,,
inv_threshold,998244353,16384,200,spread,dense,1626,1618,1632,1,3,70,2129930,2:3/2;4:3/2;8:3/2;16:3/2;32:3/2;64:3/2;128:3/2;256:3/2;512:3/2;1024:3/2;2048:3/2;4096:3/2;8192:3/2;16384:3/2,998244353@2:3/2;998244353@4:3/2;998244353@8:3/2;998244353@16:3/2;998244353@32:3/2;998244353@64:3/2;998244353@128:3/2;998244353@256:3/2;998244353@512:3/2;998244353@1024:3/2;998244353@2048:3/2;998244353@4096:3/2;998244353@8192:3/2;998244353@16384:3/2
inv_threshold,998244353,16384,200,spread,selected,1050,1045,1074,1,3,0,0,,
div_threshold,998244353,16384,200,spread,sparse,1038,1038,1054,1,3,0,0,,
div_threshold,998244353,16384,200,spread,dense,2789,2762,2892,1,3,73,3604490,2:3/2;4:3/2;8:3/2;16:3/2;32:3/2;64:3/2;128:3/2;256:3/2;512:3/2;1024:3/2;2048:3/2;4096:3/2;8192:3/2;16384:3/2;32768:2/1,998244353@2:3/2;998244353@4:3/2;998244353@8:3/2;998244353@16:3/2;998244353@32:3/2;998244353@64:3/2;998244353@128:3/2;998244353@256:3/2;998244353@512:3/2;998244353@1024:3/2;998244353@2048:3/2;998244353@4096:3/2;998244353@8192:3/2;998244353@16384:3/2;998244353@32768:2/1
div_threshold,998244353,16384,200,spread,selected,1045,1044,1069,1,3,0,0,,
exp_threshold,998244353,16384,200,spread,sparse,1053,1050,1103,1,3,0,0,,
exp_threshold,998244353,16384,200,spread,dense,2439,2431,2462,1,3,339,2193428,2:5/5;4:9/7;8:9/7;16:9/7;32:9/7;64:9/7;128:9/7;256:12/9;512:5/3;1024:111/93,998244353@2:5/5;998244353@4:9/7;998244353@8:9/7;998244353@16:9/7;998244353@32:9/7;998244353@64:9/7;998244353@128:9/7;998244353@256:12/9;998244353@512:5/3;998244353@1024:111/93
exp_threshold,998244353,16384,200,spread,selected,1064,1061,1080,1,3,0,0,,
pow_threshold,998244353,16384,200,spread,sparse,2238,2129,2242,1,3,0,0,,
pow_threshold,998244353,16384,200,spread,dense,5378,5304,5489,1,3,412,5797918,2:8/7;4:12/9;8:12/9;16:12/9;32:12/9;64:12/9;128:12/9;256:15/11;512:8/5;1024:114/95;2048:3/2;4096:3/2;8192:3/2;16384:3/2;32768:2/1,998244353@2:8/7;998244353@4:12/9;998244353@8:12/9;998244353@16:12/9;998244353@32:12/9;998244353@64:12/9;998244353@128:12/9;998244353@256:15/11;998244353@512:8/5;998244353@1024:114/95;998244353@2048:3/2;998244353@4096:3/2;998244353@8192:3/2;998244353@16384:3/2;998244353@32768:2/1
pow_threshold,998244353,16384,200,spread,selected,2270,2241,2284,1,3,0,0,,
sqrt_threshold,998244353,16384,200,spread,sparse,2175,2172,2197,1,3,0,0,,
sqrt_threshold,998244353,16384,200,spread,dense,1556,1551,1559,1,3,196,1525278,2:9/6;4:9/6;8:9/6;16:9/6;32:9/6;64:9/6;128:9/6;256:9/6;512:6/4;1024:3/2;2048:31/30,998244353@2:9/6;998244353@4:9/6;998244353@8:9/6;998244353@16:9/6;998244353@32:9/6;998244353@64:9/6;998244353@128:9/6;998244353@256:9/6;998244353@512:6/4;998244353@1024:3/2;998244353@2048:31/30
sqrt_threshold,998244353,16384,200,spread,selected,1441,1440,1446,1,3,61,1374208,2048:31/30,998244353@2048:31/30
inv_threshold,998244353,16384,256,spread,sparse,1368,1357,1388,1,3,0,0,,
inv_threshold,998244353,16384,256,spread,dense,1621,1620,1648,1,3,70,2129930,2:3/2;4:3/2;8:3/2;16:3/2;32:3/2;64:3/2;128:3/2;256:3/2;512:3/2;1024:3/2;2048:3/2;4096:3/2;8192:3/2;16384:3/2,998244353@2:3/2;998244353@4:3/2;998244353@8:3/2;998244353@16:3/2;998244353@32:3/2;998244353@64:3/2;998244353@128:3/2;998244353@256:3/2;998244353@512:3/2;998244353@1024:3/2;998244353@2048:3/2;998244353@4096:3/2;998244353@8192:3/2;998244353@16384:3/2
inv_threshold,998244353,16384,256,spread,selected,1371,1369,1378,1,3,0,0,,
div_threshold,998244353,16384,256,spread,sparse,1391,1359,1479,1,3,0,0,,
div_threshold,998244353,16384,256,spread,dense,2765,2765,2782,1,3,73,3604490,2:3/2;4:3/2;8:3/2;16:3/2;32:3/2;64:3/2;128:3/2;256:3/2;512:3/2;1024:3/2;2048:3/2;4096:3/2;8192:3/2;16384:3/2;32768:2/1,998244353@2:3/2;998244353@4:3/2;998244353@8:3/2;998244353@16:3/2;998244353@32:3/2;998244353@64:3/2;998244353@128:3/2;998244353@256:3/2;998244353@512:3/2;998244353@1024:3/2;998244353@2048:3/2;998244353@4096:3/2;998244353@8192:3/2;998244353@16384:3/2;998244353@32768:2/1
div_threshold,998244353,16384,256,spread,selected,1375,1372,1379,1,3,0,0,,
exp_threshold,998244353,16384,256,spread,sparse,1367,1367,1378,1,3,0,0,,
exp_threshold,998244353,16384,256,spread,dense,2449,2424,2476,1,3,339,2193428,2:5/5;4:9/7;8:9/7;16:9/7;32:9/7;64:9/7;128:9/7;256:12/9;512:5/3;1024:111/93,998244353@2:5/5;998244353@4:9/7;998244353@8:9/7;998244353@16:9/7;998244353@32:9/7;998244353@64:9/7;998244353@128:9/7;998244353@256:12/9;998244353@512:5/3;998244353@1024:111/93
exp_threshold,998244353,16384,256,spread,selected,1377,1375,1378,1,3,0,0,,
pow_threshold,998244353,16384,256,spread,sparse,2837,2834,2850,1,3,0,0,,
pow_threshold,998244353,16384,256,spread,dense,5305,5304,5342,1,3,412,5797918,2:8/7;4:12/9;8:12/9;16:12/9;32:12/9;64:12/9;128:12/9;256:15/11;512:8/5;1024:114/95;2048:3/2;4096:3/2;8192:3/2;16384:3/2;32768:2/1,998244353@2:8/7;998244353@4:12/9;998244353@8:12/9;998244353@16:12/9;998244353@32:12/9;998244353@64:12/9;998244353@128:12/9;998244353@256:15/11;998244353@512:8/5;998244353@1024:114/95;998244353@2048:3/2;998244353@4096:3/2;998244353@8192:3/2;998244353@16384:3/2;998244353@32768:2/1
pow_threshold,998244353,16384,256,spread,selected,2844,2834,2874,1,3,0,0,,
sqrt_threshold,998244353,16384,256,spread,sparse,2763,2757,2763,1,3,0,0,,
sqrt_threshold,998244353,16384,256,spread,dense,1573,1570,1596,1,3,196,1525278,2:9/6;4:9/6;8:9/6;16:9/6;32:9/6;64:9/6;128:9/6;256:9/6;512:6/4;1024:3/2;2048:31/30,998244353@2:9/6;998244353@4:9/6;998244353@8:9/6;998244353@16:9/6;998244353@32:9/6;998244353@64:9/6;998244353@128:9/6;998244353@256:9/6;998244353@512:6/4;998244353@1024:3/2;998244353@2048:31/30
sqrt_threshold,998244353,16384,256,spread,selected,1487,1485,1487,1,3,61,1374208,2048:31/30,998244353@2048:31/30
inv_threshold,998244353,16384,320,spread,sparse,1717,1713,1766,1,3,0,0,,
inv_threshold,998244353,16384,320,spread,dense,1621,1620,1629,1,3,70,2129930,2:3/2;4:3/2;8:3/2;16:3/2;32:3/2;64:3/2;128:3/2;256:3/2;512:3/2;1024:3/2;2048:3/2;4096:3/2;8192:3/2;16384:3/2,998244353@2:3/2;998244353@4:3/2;998244353@8:3/2;998244353@16:3/2;998244353@32:3/2;998244353@64:3/2;998244353@128:3/2;998244353@256:3/2;998244353@512:3/2;998244353@1024:3/2;998244353@2048:3/2;998244353@4096:3/2;998244353@8192:3/2;998244353@16384:3/2
inv_threshold,998244353,16384,320,spread,selected,1727,1727,1731,1,3,0,0,,
div_threshold,998244353,16384,320,spread,sparse,1743,1714,1794,1,3,0,0,,
div_threshold,998244353,16384,320,spread,dense,2784,2759,2927,1,3,73,3604490,2:3/2;4:3/2;8:3/2;16:3/2;32:3/2;64:3/2;128:3/2;256:3/2;512:3/2;1024:3/2;2048:3/2;4096:3/2;8192:3/2;16384:3/2;32768:2/1,998244353@2:3/2;998244353@4:3/2;998244353@8:3/2;998244353@16:3/2;998244353@32:3/2;998244353@64:3/2;998244353@128:3/2;998244353@256:3/2;998244353@512:3/2;998244353@1024:3/2;998244353@2048:3/2;998244353@4096:3/2;998244353@8192:3/2;998244353@16384:3/2;998244353@32768:2/1
div_threshold,998244353,16384,320,spread,selected,1734,1724,1800,1,3,0,0,,
exp_threshold,998244353,16384,320,spread,sparse,1714,1712,1733,1,3,0,0,,
exp_threshold,998244353,16384,320,spread,dense,2452,2438,2484,1,3,339,2193428,2:5/5;4:9/7;8:9/7;16:9/7;32:9/7;64:9/7;128:9/7;256:12/9;512:5/3;1024:111/93,998244353@2:5/5;998244353@4:9/7;998244353@8:9/7;998244353@16:9/7;998244353@32:9/7;998244353@64:9/7;998244353@128:9/7;998244353@256:12/9;998244353@512:5/3;998244353@1024:111/93
exp_threshold,998244353,16384,320,spread,selected,1732,1722,1776,1,3,0,0,,
pow_threshold,998244353,16384,320,spread,sparse,3451,3446,3475,1,3,0,0,,
pow_threshold,998244353,16384,320,spread,dense,5323,5305,5349,1,3,412,5797918,2:8/7;4:12/9;8:12/9;16:12/9;32:12/9;64:12/9;128:12/9;256:15/11;512:8/5;1024:114/95;2048:3/2;4096:3/2;8192:3/2;16384:3/2;32768:2/1,998244353@2:8/7;998244353@4:12/9;998244353@8:12/9;998244353@16:12/9;998244353@32:12/9;998244353@64:12/9;998244353@128:12/9;998244353@256:15/11;998244353@512:8/5;998244353@1024:114/95;998244353@2048:3/2;998244353@4096:3/2;998244353@8192:3/2;998244353@16384:3/2;998244353@32768:2/1
pow_threshold,998244353,16384,320,spread,selected,3484,3479,3484,1,3,0,0,,
sqrt_threshold,998244353,16384,320,spread,sparse,3467,3443,3493,1,3,0,0,,
sqrt_threshold,998244353,16384,320,spread,dense,1606,1593,1623,1,3,201,1576478,2:9/6;4:9/6;8:9/6;16:9/6;32:9/6;64:9/6;128:9/6;256:9/6;512:6/4;1024:6/4;2048:31/30,998244353@2:9/6;998244353@4:9/6;998244353@8:9/6;998244353@16:9/6;998244353@32:9/6;998244353@64:9/6;998244353@128:9/6;998244353@256:9/6;998244353@512:6/4;998244353@1024:6/4;998244353@2048:31/30
sqrt_threshold,998244353,16384,320,spread,selected,1542,1541,1553,1,3,116,1517578,2:3/2;4:3/2;8:3/2;16:3/2;32:3/2;64:3/2;128:3/2;256:3/2;512:3/2;1024:6/4;2048:31/30,998244353@2:3/2;998244353@4:3/2;998244353@8:3/2;998244353@16:3/2;998244353@32:3/2;998244353@64:3/2;998244353@128:3/2;998244353@256:3/2;998244353@512:3/2;998244353@1024:6/4;998244353@2048:31/30
inv_threshold,998244353,16384,512,spread,sparse,2648,2640,2656,1,3,0,0,,
inv_threshold,998244353,16384,512,spread,dense,1624,1624,1646,1,3,70,2129930,2:3/2;4:3/2;8:3/2;16:3/2;32:3/2;64:3/2;128:3/2;256:3/2;512:3/2;1024:3/2;2048:3/2;4096:3/2;8192:3/2;16384:3/2,998244353@2:3/2;998244353@4:3/2;998244353@8:3/2;998244353@16:3/2;998244353@32:3/2;998244353@64:3/2;998244353@128:3/2;998244353@256:3/2;998244353@512:3/2;998244353@1024:3/2;998244353@2048:3/2;998244353@4096:3/2;998244353@8192:3/2;998244353@16384:3/2
inv_threshold,998244353,16384,512,spread,selected,1628,1625,1646,1,3,70,2129930,2:3/2;4:3/2;8:3/2;16:3/2;32:3/2;64:3/2;128:3/2;256:3/2;512:3/2;1024:3/2;2048:3/2;4096:3/2;8192:3/2;16384:3/2,998244353@2:3/2;998244353@4:3/2;998244353@8:3/2;998244353@16:3/2;998244353@32:3/2;998244353@64:3/2;998244353@128:3/2;998244353@256:3/2;998244353@512:3/2;998244353@1024:3/2;998244353@2048:3/2;998244353@4096:3/2;998244353@8192:3/2;998244353@16384:3/2
div_threshold,998244353,16384,512,spread,sparse,2643,2641,2643,1,3,0,0,,
div_threshold,998244353,16384,512,spread,dense,2811,2766,3068,1,3,73,3604490,2:3/2;4:3/2;8:3/2;16:3/2;32:3/2;64:3/2;128:3/2;256:3/2;512:3/2;1024:3/2;2048:3/2;4096:3/2;8192:3/2;16384:3/2;32768:2/1,998244353@2:3/2;998244353@4:3/2;998244353@8:3/2;998244353@16:3/2;998244353@32:3/2;998244353@64:3/2;998244353@128:3/2;998244353@256:3/2;998244353@512:3/2;998244353@1024:3/2;998244353@2048:3/2;998244353@4096:3/2;998244353@8192:3/2;998244353@16384:3/2;998244353@32768:2/1
div_threshold,998244353,16384,512,spread,selected,2666,2661,2689,1,3,0,0,,
exp_threshold,998244353,16384,512,spread,sparse,2619,2616,2620,1,3,0,0,,
exp_threshold,998244353,16384,512,spread,dense,2448,2430,2465,1,3,339,2193428,2:5/5;4:9/7;8:9/7;16:9/7;32:9/7;64:9/7;128:9/7;256:12/9;512:5/3;1024:111/93,998244353@2:5/5;998244353@4:9/7;998244353@8:9/7;998244353@16:9/7;998244353@32:9/7;998244353@64:9/7;998244353@128:9/7;998244353@256:12/9;998244353@512:5/3;998244353@1024:111/93
exp_threshold,998244353,16384,512,spread,selected,2404,2403,2447,1,3,294,2152458,2:2/3;4:6/5;8:6/5;16:6/5;32:6/5;64:6/5;128:6/5;256:9/7;512:2/1;1024:111/93,998244353@2:2/3;998244353@4:6/5;998244353@8:6/5;998244353@16:6/5;998244353@32:6/5;998244353@64:6/5;998244353@128:6/5;998244353@256:9/7;998244353@512:2/1;998244353@1024:111/93
pow_threshold,998244353,16384,512,spread,sparse,5255,5251,5286,1,3,0,0,,
pow_threshold,998244353,16384,512,spread,dense,5354,5313,5366,1,3,412,5797918,2:8/7;4:12/9;8:12/9;16:12/9;32:12/9;64:12/9;128:12/9;256:15/11;512:8/5;1024:114/95;2048:3/2;4096:3/2;8192:3/2;16384:3/2;32768:2/1,998244353@2:8/7;998244353@4:12/9;998244353@8:12/9;998244353@16:12/9;998244353@32:12/9;998244353@64:12/9;998244353@128:12/9;998244353@256:15/11;998244353@512:8/5;998244353@1024:114/95;998244353@2048:3/2;998244353@4096:3/2;998244353@8192:3/2;998244353@16384:3/2;998244353@32768:2/1
pow_threshold,998244353,16384,512,spread,selected,5186,5163,5202,1,3,294,2152458,2:2/3;4:6/5;8:6/5;16:6/5;32:6/5;64:6/5;128:6/5;256:9/7;512:2/1;1024:111/93,998244353@2:2/3;998244353@4:6/5;998244353@8:6/5;998244353@16:6/5;998244353@32:6/5;998244353@64:6/5;998244353@128:6/5;998244353@256:9/7;998244353@512:2/1;998244353@1024:111/93
sqrt_threshold,998244353,16384,512,spread,sparse,5312,5267,5315,1,3,0,0,,
sqrt_threshold,998244353,16384,512,spread,dense,1599,1588,1619,1,3,201,1576478,2:9/6;4:9/6;8:9/6;16:9/6;32:9/6;64:9/6;128:9/6;256:9/6;512:6/4;1024:6/4;2048:31/30,998244353@2:9/6;998244353@4:9/6;998244353@8:9/6;998244353@16:9/6;998244353@32:9/6;998244353@64:9/6;998244353@128:9/6;998244353@256:9/6;998244353@512:6/4;998244353@1024:6/4;998244353@2048:31/30
sqrt_threshold,998244353,16384,512,spread,selected,1541,1539,1562,1,3,116,1517578,2:3/2;4:3/2;8:3/2;16:3/2;32:3/2;64:3/2;128:3/2;256:3/2;512:3/2;1024:6/4;2048:31/30,998244353@2:3/2;998244353@4:3/2;998244353@8:3/2;998244353@16:3/2;998244353@32:3/2;998244353@64:3/2;998244353@128:3/2;998244353@256:3/2;998244353@512:3/2;998244353@1024:6/4;998244353@2048:31/30
inv_threshold,998244353,16384,32,suffix,sparse,28.0441,27.8676,28.5882,68,3,0,0,,
inv_threshold,998244353,16384,32,suffix,dense,18.1333,18.1048,18.181,105,3,0,0,,
inv_threshold,998244353,16384,32,suffix,selected,18.0901,18.0811,18.2883,111,3,0,0,,
div_threshold,998244353,16384,32,suffix,sparse,28.7059,28.5882,28.8235,68,3,0,0,,
div_threshold,998244353,16384,32,suffix,dense,465.667,462.333,515.667,3,3,0,0,,
div_threshold,998244353,16384,32,suffix,selected,36.9815,36.9259,37.2593,54,3,0,0,,
exp_threshold,998244353,16384,32,suffix,sparse,71.963,71.2222,73.1852,27,3,0,0,,
exp_threshold,998244353,16384,32,suffix,dense,7.14062,7.11719,7.21094,128,3,0,0,,
exp_threshold,998244353,16384,32,suffix,selected,7.14844,7.13281,7.17188,128,3,0,0,,
pow_threshold,998244353,16384,32,suffix,sparse,116.588,115.235,116.765,17,3,0,0,,
pow_threshold,998244353,16384,32,suffix,dense,26.7568,26.6892,26.9324,74,3,0,0,,
pow_threshold,998244353,16384,32,suffix,selected,26.8289,26.7368,26.9211,76,3,0,0,,
sqrt_threshold,998244353,16384,32,suffix,sparse,115.882,115,117.118,17,3,0,0,,
sqrt_threshold,998244353,16384,32,suffix,dense,26.8919,26.8649,27.1757,74,3,0,0,,
sqrt_threshold,998244353,16384,32,suffix,selected,27.0811,26.9459,27.7162,74,3,0,0,,
inv_threshold,998244353,16384,64,suffix,sparse,29.2353,29.1029,29.5735,68,3,0,0,,
inv_threshold,998244353,16384,64,suffix,dense,18.3243,18.1261,18.5946,111,3,0,0,,
inv_threshold,998244353,16384,64,suffix,selected,18.219,18.1143,18.2952,105,3,0,0,,
div_threshold,998244353,16384,64,suffix,sparse,29.5735,29.5294,29.7059,68,3,0,0,,
div_threshold,998244353,16384,64,suffix,dense,1166,1160,1167,1,3,3,1474560,32768:2/1,998244353@32768:2/1
div_threshold,998244353,16384,64,suffix,selected,38.3846,38.0962,38.5962,52,3,0,0,,
exp_threshold,998244353,16384,64,suffix,sparse,72.5556,72.5556,73.6667,27,3,0,0,,
exp_threshold,998244353,16384,64,suffix,dense,7.17188,7.14062,7.21094,128,3,0,0,,
exp_threshold,998244353,16384,64,suffix,selected,7.1875,7.16406,7.19531,128,3,0,0,,
pow_threshold,998244353,16384,64,suffix,sparse,117.118,116.882,117.176,17,3,0,0,,
pow_threshold,998244353,16384,64,suffix,dense,27.1486,26.7838,27.2568,74,3,0,0,,
pow_threshold,998244353,16384,64,suffix,selected,26.6757,26.6216,26.7027,74,3,0,0,,
sqrt_threshold,998244353,16384,64,suffix,sparse,117.529,117.235,120.412,17,3,0,0,,
sqrt_threshold,998244353,16384,64,suffix,dense,26.9189,26.8243,27.2162,74,3,0,0,,
sqrt_threshold,998244353,16384,64,suffix,selected,26.8378,26.7973,26.9865,74,3,0,0,,
inv_threshold,998244353,16384,100,suffix,sparse,31.8548,31.2258,37.5645,62,3,0,0,,
inv_threshold,998244353,16384,100,suffix,dense,18.1238,18.1048,18.3143,105,3,0,0,,
inv_threshold,998244353,16384,100,suffix,selected,18.1619,18.1429,18.1714,105,3,0,0,,
div_threshold,998244353,16384,100,suffix,sparse,31.5938,31.5156,31.8281,64,3,0,0,,
div_threshold,998244353,16384,100,suffix,dense,1170,1157,1199,1,3,3,1474560,32768:2/1,998244353@32768:2/1
div_threshold,998244353,16384,100,suffix,selected,40.16,40.14,40.16,50,3,0,0,,
exp_threshold,998244353,16384,100,suffix,sparse,74.7692,74.5,75.2692,26,3,0,0,,
exp_threshold,998244353,16384,100,suffix,dense,7.1875,7.14844,7.22656,128,3,0,0,,
exp_threshold,998244353,16384,100,suffix,selected,7.15625,7.13281,7.30469,128,3,0,0,,
pow_threshold,998244353,16384,100,suffix,sparse,121.188,121,122.938,16,3,0,0,,
pow_threshold,998244353,16384,100,suffix,dense,26.6711,26.5658,26.7105,76,3,0,0,,
pow_threshold,998244353,16384,100,suffix,selected,26.6447,26.5921,27.3158,76,3,0,0,,
sqrt_threshold,998244353,16384,100,suffix,sparse,121.562,121.438,122.062,16,3,0,0,,
sqrt_threshold,998244353,16384,100,suffix,dense,26.8732,26.8592,27.1408,71,3,0,0,,
sqrt_threshold,998244353,16384,100,suffix,selected,27.2027,26.8919,27.2703,74,3,0,0,,
inv_threshold,998244353,16384,128,suffix,sparse,33.3448,33.3276,33.4828,58,3,0,0,,
inv_threshold,998244353,16384,128,suffix,dense,18.3604,18.1081,18.4234,111,3,0,0,,
inv_threshold,998244353,16384,128,suffix,selected,18.0991,18.0901,18.2162,111,3,0,0,,
div_threshold,998244353,16384,128,suffix,sparse,33.6379,33.6379,33.7241,58,3,0,0,,
div_threshold,998244353,16384,128,suffix,dense,1161,1156,1162,1,3,3,1474560,32768:2/1,998244353@32768:2/1
div_threshold,998244353,16384,128,suffix,selected,42.6596,42.1489,42.8085,47,3,0,0,,
exp_threshold,998244353,16384,128,suffix,sparse,76.56,76.56,76.56,25,3,0,0,,
exp_threshold,998244353,16384,128,suffix,dense,7.14062,7.11719,7.21875,128,3,0,0,,
exp_threshold,998244353,16384,128,suffix,selected,7.14062,7.10938,7.46094,128,3,0,0,,
pow_threshold,998244353,16384,128,suffix,sparse,125.467,125.133,125.667,15,3,0,0,,
pow_threshold,998244353,16384,128,suffix,dense,26.9324,26.5676,27.027,74,3,0,0,,
pow_threshold,998244353,16384,128,suffix,selected,26.6216,26.5811,26.8108,74,3,0,0,,
sqrt_threshold,998244353,16384,128,suffix,sparse,128.062,125.5,128.375,16,3,0,0,,
sqrt_threshold,998244353,16384,128,suffix,dense,26.9437,26.8451,27.0845,71,3,0,0,,
sqrt_threshold,998244353,16384,128,suffix,selected,26.9342,26.9211,27.0658,76,3,0,0,,
inv_threshold,998244353,16384,160,suffix,sparse,36.2778,36.2593,36.4074,54,3,0,0,,
inv_threshold,998244353,16384,160,suffix,dense,18.2793,18.1171,18.2973,111,3,0,0,,
inv_threshold,998244353,16384,160,suffix,selected,18.3243,18.1712,18.4685,111,3,0,0,,
div_threshold,998244353,16384,160,suffix,sparse,36.7273,36.6727,37.4727,55,3,0,0,,
div_threshold,998244353,16384,160,suffix,dense,1170,1160,1180,1,3,3,1474560,32768:2/1,998244353@32768:2/1
div_threshold,998244353,16384,160,suffix,selected,45.2927,45.1951,45.6341,41,3,0,0,,
exp_threshold,998244353,16384,160,suffix,sparse,79.64,79.44,80.28,25,3,0,0,,
exp_threshold,998244353,16384,160,suffix,dense,7.13281,7.13281,7.16406,128,3,0,0,,
exp_threshold,998244353,16384,160,suffix,selected,7.125,7.125,7.13281,128,3,0,0,,
pow_threshold,998244353,16384,160,suffix,sparse,131.667,131.267,131.867,15,3,0,0,,
pow_threshold,998244353,16384,160,suffix,dense,26.5946,26.5405,26.6486,74,3,0,0,,
pow_threshold,998244353,16384,160,suffix,selected,26.6486,26.5676,27.1757,74,3,0,0,,
sqrt_threshold,998244353,16384,160,suffix,sparse,131.533,131.333,131.533,15,3,0,0,,
sqrt_threshold,998244353,16384,160,suffix,dense,27.0405,27.0135,27.1892,74,3,0,0,,
sqrt_threshold,998244353,16384,160,suffix,selected,26.8788,26.8788,26.9091,66,3,0,0,,
inv_threshold,998244353,16384,200,suffix,sparse,41.2708,41.0625,41.3125,48,3,0,0,,
inv_threshold,998244353,16384,200,suffix,dense,18.1795,18.1111,18.6239,117,3,0,0,,
inv_threshold,998244353,16384,200,suffix,selected,18.2252,18.1261,18.3694,111,3,0,0,,
div_threshold,998244353,16384,200,suffix,sparse,41.1667,41.1458,41.1875,48,3,0,0,,
div_threshold,998244353,16384,200,suffix,dense,1162,1161,1162,1,3,3,1474560,32768:2/1,998244353@32768:2/1
div_threshold,998244353,16384,200,suffix,selected,49.8108,49.7838,50.5676,37,3,0,0,,
exp_threshold,998244353,16384,200,suffix,sparse,84.1739,84.087,84.2174,23,3,0,0,,
exp_threshold,998244353,16384,200,suffix,dense,7.13281,7.10938,7.16406,128,3,0,0,,
exp_threshold,998244353,16384,200,suffix,selected,7.10156,7.07031,7.44531,128,3,0,0,,
pow_threshold,998244353,16384,200,suffix,sparse,140.571,139.857,142.714,14,3,0,0,,
pow_threshold,998244353,16384,200,suffix,dense,26.6486,26.5405,26.8108,74,3,0,0,,
pow_threshold,998244353,16384,200,suffix,selected,26.6892,26.6486,27.0541,74,3,0,0,,
sqrt_threshold,998244353,16384,200,suffix,sparse,141.615,140.538,143.846,13,3,0,0,,
sqrt_threshold,998244353,16384,200,suffix,dense,26.8947,26.8421,26.9474,76,3,0,0,,
sqrt_threshold,998244353,16384,200,suffix,selected,27.1351,26.8649,27.5946,74,3,0,0,,
inv_threshold,998244353,16384,256,suffix,sparse,49.425,49.2,49.525,40,3,0,0,,
inv_threshold,998244353,16384,256,suffix,dense,18.2523,18.2072,18.2523,111,3,0,0,,
inv_threshold,998244353,16384,256,suffix,selected,18.2523,18.2342,18.4414,111,3,0,0,,
div_threshold,998244353,16384,256,suffix,sparse,49.925,49.275,50.125,40,3,0,0,,
div_threshold,998244353,16384,256,suffix,dense,1158,1155,1161,1,3,3,1474560,32768:2/1,998244353@32768:2/1
div_threshold,998244353,16384,256,suffix,selected,57.7941,57.7353,57.7941,34,3,0,0,,
exp_threshold,998244353,16384,256,suffix,sparse,92.7619,91.8571,96.4762,21,3,0,0,,
exp_threshold,998244353,16384,256,suffix,dense,7.10938,7.10156,7.5,128,3,0,0,,
exp_threshold,998244353,16384,256,suffix,selected,7.09375,7.08594,7.4375,128,3,0,0,,
pow_threshold,998244353,16384,256,suffix,sparse,157.083,156.167,160.583,12,3,0,0,,
pow_threshold,998244353,16384,256,suffix,dense,26.6486,26.6081,27.2568,74,3,0,0,,
pow_threshold,998244353,16384,256,suffix,selected,26.9014,26.6479,26.9296,71,3,0,0,,
sqrt_threshold,998244353,16384,256,suffix,sparse,157.5,156.333,160.167,12,3,0,0,,
sqrt_threshold,998244353,16384,256,suffix,dense,27.6338,26.7746,27.9014,71,3,0,0,,
sqrt_threshold,998244353,16384,256,suffix,selected,27.8169,27.2113,28.0986,71,3,0,0,,
inv_threshold,998244353,16384,320,suffix,sparse,61.9375,61.7188,62.75,32,3,0,0,,
inv_threshold,998244353,16384,320,suffix,dense,18.1892,17.9189,18.1982,111,3,0,0,,
inv_threshold,998244353,16384,320,suffix,selected,18.1892,18.1171,18.2072,111,3,0,0,,
div_threshold,998244353,16384,320,suffix,sparse,60.7273,60.6667,61.0606,33,3,0,0,,
div_threshold,998244353,16384,320,suffix,dense,1157,1155,1175,1,3,3,1474560,32768:2/1,998244353@32768:2/1
div_threshold,998244353,16384,320,suffix,selected,70.0357,69.2143,70.1071,28,3,0,0,,
exp_threshold,998244353,16384,320,suffix,sparse,103.474,103.421,103.526,19,3,0,0,,
exp_threshold,998244353,16384,320,suffix,dense,7.11719,7.07812,7.25781,128,3,0,0,,
exp_threshold,998244353,16384,320,suffix,selected,7.21094,7.10938,7.30469,128,3,0,0,,
pow_threshold,998244353,16384,320,suffix,sparse,185,178.5,186.6,10,3,0,0,,
pow_threshold,998244353,16384,320,suffix,dense,27.0676,26.6622,27.1216,74,3,0,0,,
pow_threshold,998244353,16384,320,suffix,selected,27.1216,26.7027,27.2703,74,3,0,0,,
sqrt_threshold,998244353,16384,320,suffix,sparse,179.545,179.091,179.818,11,3,0,0,,
sqrt_threshold,998244353,16384,320,suffix,dense,26.9054,26.7838,27.0676,74,3,0,0,,
sqrt_threshold,998244353,16384,320,suffix,selected,27.1486,26.8243,27.2703,74,3,0,0,,
inv_threshold,998244353,16384,512,suffix,sparse,111.222,111.111,111.278,18,3,0,0,,
inv_threshold,998244353,16384,512,suffix,dense,18.4595,18.2432,18.5225,111,3,0,0,,
inv_threshold,998244353,16384,512,suffix,selected,18.2952,18.0476,18.3905,105,3,0,0,,
div_threshold,998244353,16384,512,suffix,sparse,109.556,109.389,110.222,18,3,0,0,,
div_threshold,998244353,16384,512,suffix,dense,1156,1156,1157,1,3,3,1474560,32768:2/1,998244353@32768:2/1
div_threshold,998244353,16384,512,suffix,selected,118.067,118.067,119.733,15,3,0,0,,
exp_threshold,998244353,16384,512,suffix,sparse,153.231,152.308,155.923,13,3,0,0,,
exp_threshold,998244353,16384,512,suffix,dense,7.03906,7.01562,7.04688,128,3,0,0,,
exp_threshold,998244353,16384,512,suffix,selected,7.03125,7.02344,7.10156,128,3,0,0,,
pow_threshold,998244353,16384,512,suffix,sparse,275.143,275,276,7,3,0,0,,
pow_threshold,998244353,16384,512,suffix,dense,26.5789,26.4474,26.6184,76,3,0,0,,
pow_threshold,998244353,16384,512,suffix,selected,26.7237,26.5,27.2368,76,3,0,0,,
sqrt_threshold,998244353,16384,512,suffix,sparse,275.571,275.571,276.429,7,3,0,0,,
sqrt_threshold,998244353,16384,512,suffix,dense,27.1081,26.7838,27.7162,74,3,0,0,,
sqrt_threshold,998244353,16384,512,suffix,selected,26.8378,26.7297,26.9459,74,3,0,0,,
